{
  "Name": "黄金制红宝石胸针",
  "Description": "一枚纯金胸针，镶嵌着一大块切割精细的红宝石。",
  "Category": "Crafting",
  "CategoryTextOverride": "Jewelry",
  "CategoryColorOverride": "143,71,162,255",
  "Edibility": -300,
  "Price": 468,
  "IsColored": false,
  "Recipe": null,
  "GiftTastes":
    {
        "Love": ["Clint","Dwarf","Emily","Maru"],
	"Like": ["Abigail","Wizard","Alex","Demetrius","Elliott","Evelyn","George","Harvey","Jas","Kent","Krobus","Leo","Lewis","Robin","Sam","Sebastian","Shane","Vincent","Willy","Gus","Marnie","Caroline","Haley","Jodi","Pam","Penny","Sandy"],
        "Dislike": ["Linus","Pierre","Leah"],
    },
  
}