{
  "Name": "Gold Opal Bracelet",
  "Description": "A solid gold bracelet adorned with three finely cut opal minerals.",
  "Category": "Crafting",
  "CategoryTextOverride": "Jewelry",
  "CategoryColorOverride": "143,71,162,255",
  "Edibility": -300,
  "Price": 336,
  "IsColored": false,
  "Recipe": null,
  "GiftTastes":
    {
	"Like": ["Clint","Maru","Wizard"],
        "Neutral": ["Krobus","Willy","Caroline","Haley","Jodi","Emily","Pam","Penny","Sandy"],
        "Dislike": ["Abigail","Alex","Demetrius","Dwarf","Elliott","Evelyn","George","Harvey","Jas","Kent","Leo","Lewis","Linus","Pierre","Robin","Sebastian","Shane","Vincent","Leah","Gus","Marnie"],
	"Hate": ["Sam"], 
   },

   //i18n
  "NameLocalization": 
  {
    "zh":"猫眼石金手镯"
  },

"DescriptionLocalization": 
  {
    "zh":"一只纯金手镯，镶嵌着三块切割精细的猫眼石。"
  }
  
}