{
  "Name": "Gold Emerald Bracelet",
  "Description": "A solid gold bracelet adorned with three finely cut emerald gems.",
  "Category": "Crafting",
  "CategoryTextOverride": "Jewelry",
  "CategoryColorOverride": "143,71,162,255",
  "Edibility": -300,
  "Price": 300,
  "IsColored": false,
  "Recipe": null,
  "GiftTastes":
    {
        "Love": ["Clint","Dwarf","Emily","Penny","Maru"],
	"Like": ["Abigail","Sam","Wizard","Alex","Demetrius","Elliott","Evelyn","George","Harvey","Jas","Kent","Krobus","Leo","Lewis","Robin","Sebastian","Shane","Vincent","Willy","Gus","Marnie","Caroline","Haley","Jodi","Pam","Sandy"],
        "Dislike": ["Linus","Pierre","Leah"],
    }, 
  
    //i18n
  "NameLocalization": 
  {
    "zh":"绿宝石金手镯"
  },

"DescriptionLocalization": 
  {
    "zh":"一只纯金手镯，镶嵌着三块切割精细的绿宝石。"
  }

}