{
  "Name": "Copper Fire Quartz Bracelet",
  "Description": "A copper bracelet adorned with a rougly cut fire quartz mineral.",
  "Category": "Crafting",
  "CategoryTextOverride": "Jewelry",
  "CategoryColorOverride": "143,71,162,255",
  "Edibility": -300,
  "Price": 101,
  "IsColored": false,
  "Recipe": null,
  "GiftTastes":
    {
	"Like": ["Sebastian","Clint","Dwarf","Emily","Abigail","Wizard","Maru","Alex","Demetrius","Elliott","Evelyn","George","Harvey","Jas","Kent","Krobus","Leo","Lewis","Robin","Sam","Shane","Vincent","Willy","Gus","Marnie","Caroline","Haley","Jodi","Pam","Penny","Sandy"],
        "Dislike": ["Linus","Pierre","Leah"],
    },

    //i18n
    "NameLocalization": {
      "zh":"铜火水晶手镯"
    },

    "DescriptionLocalization": {
      "zh":"一只黄铜手镯，镶嵌着一块切割粗糙的火水晶。"
    } 
  
}