{
    "Name": "铱熔炉",
    "Description": "用铱矿石和矿物制作出漂亮精致的珠宝。",
    "Price": 500,
    "ProvidesLight": false,
    "ReserveExtraIndexCount": 5,
    "Recipe":
    {
        "ResultCount": 1,
        "Ingredients": [
        {
            "Object": 72,
            "Count": 2,
        },
	{
            "Object": 337,
            "Count": 5,
        },
	{
            "Object": 390,
            "Count": 99,
        }
        ],
        "CanPurchase": true,
        "IsDefault": false,
	"PurchaseFrom": "Dwarf",
	"PurchasePrice": 100000,
	"PurchaseRequirements": ["e 14308675"]
    },
    "CanPurchase": false,
}