{
    "Name": "Copper Crucible",
    "Description": "With shiny stone and copper ore, no longer will you be poor.",
    "Price": 100,
    "ProvidesLight": false,
    "ReserveExtraIndexCount": 5,
    "Recipe":
    {
        "ResultCount": 1,
        "Ingredients": [
        {
            "Object": 68,
            "Count": 2,
        },
	{
            "Object": 334,
            "Count": 5,
        },
	{
            "Object": 390,
            "Count": 40,
        }
        ],
        "CanPurchase": false,
        "IsDefault": false,
    },
    "CanPurchase": false,

    "NameLocalization":{"zh":"铜熔炉"},
    "DescriptionLocalization":{"zh":"放入闪亮的石头和铜矿石，你将不再贫穷。"}
}