{
  "Name": "铱虎眼石耳饰",
  "Description": "一对美丽的铱耳饰，镶嵌着两小块完美无瑕的虎眼石。",
  "Category": "Crafting",
  "CategoryTextOverride": "Jewelry",
  "CategoryColorOverride": "143,71,162,255",
  "Edibility": -300,
  "Price": 1366,
  "IsColored": false,
  "Recipe": null,
  "GiftTastes":
    {
        "Love": ["Sam"],
	"Like": ["Wizard","Clint","Maru","Krobus","Willy"],
        "Neutral": ["Caroline","Haley","Jodi","Emily","Pam","Penny","Sandy"],
        "Dislike": ["Abigail","Alex","Demetrius","Dwarf","Elliott","Evelyn","George","Harvey","Jas","Kent","Leo","Lewis","Linus","Pierre","Robin","Sebastian","Shane","Vincent","Leah","Gus","Marnie"],
    }, 
  
}