{
  "Name": "Sandstone Gold Display Case",
  "Description": "一个黄金制展示柜，透明的玻璃盒中密封着一小块沙岩。",
  "Category": "Crafting",
  "CategoryTextOverride": "Mineral",
  "CategoryColorOverride": "116,25,98,255",
  "Edibility": -300,
  "Price": 1816,
  "IsColored": false,
  "Recipe": null,
  "GiftTastes":
    {
        "Like": ["Wizard"],
        "Dislike": ["Caroline","Haley","Jodi","Emily","Pam","Penny","Sandy","Abigail","Alex","Clint","Demetrius","Dwarf","Elliott","Evelyn","George","Harvey","Jas","Kent","Krobus","Leo","Lewis","Linus","Pierre","Robin","Sam","Sebastian","Shane","Vincent","Willy","Gus","Marnie","Leah","Maru"],
    }, 
  "NameLocalization":
    {
	"en": "Sandstone Display Case",
  "zh":"黄金制沙岩展示柜"
    }  
  
}