{
    "Name": "Artichoke Lamp-post",
    "Description": "Emits a green light (Needs a sap to power it up)",
    "Price": 25,
    "ProvidesLight": false,
    "Recipe": {
        "ResultCount": 1,
        "Ingredients": [
            {
                "Object": 388,//Wood
                "Count": 10
            },
            {
                "Object": 274, //Artichoke
                "Count": 1
            }
        ],
		"IsDefault": true,
    },
	"ReserveExtraIndexCount": 11,
	"CanPurchase": false,
    "NameLocalization": {
         "es": "Lámpara de Alcachofa",
        //"ko": "",
        // "de": "",
        // "fr": "",
        // "hu": "",
        // "it": "",
        // "ja": "",
        //"pt": "",
        // "ru": "",
        // "tr": "",
        "zh": "洋蓟灯柱"
    },
    "DescriptionLocalization": {
         "es": "Emite una luz verde (Necesita savia para activarse)",
        //"ko": "",
        // "de": "",
        // "fr": "",
        // "hu": "",
        // "it": "",
        // "ja": "",
        //"pt": "",
        // "ru": "",
        // "tr": "",
        "zh": "发出绿光，需要树液作燃料。"
    }
}