{
  "Name": "Legendary Brooch of Fire",
  "Description": "A transmuted and enchanted iridium brooch filled with the magic trapped inside a cinder shard.",
  "Category": "Crafting",
  "CategoryTextOverride": "Enchanted Jewelry",
  "CategoryColorOverride": "142,82,196,255",
  "Edibility": -300,
  "Price": 16190,
  "IsColored": false,
  "Recipe": null,
  "GiftTastes":
    {
        "Neutral": ["Caroline","Haley","Jodi","Emily","Pam","Penny","Sandy"],
        "Dislike": ["Wizard","Abigail","Alex","Clint","Demetrius","Dwarf","Elliott","Evelyn","George","Harvey","Jas","Kent","Krobus","Leo","Lewis","Linus","Pierre","Robin","Sam","Sebastian","Shane","Vincent","Willy","Gus","Marnie","Leah","Maru"],
        }, 
//i18n
  "NameLocalization": 
  {
    "zh":"传奇火属性胸针"
  },
  "DescriptionLocalization": 
  {
    "zh":"一枚被锻造和附魔过的铱胸针，蕴藏了来自火山晶石的魔力。"
  }
}