{
  "Name": "硬木魔法棒",
  "Description": "借助这支硬木魔法棒来驾驭宇宙的力量。它镶嵌着一大颗五彩碎片，因蕴藏魔力而嗡嗡作响。",
  "Category": "ArtisanGoods",
  "Edibility": -300,
  "Price": 2900,
  "IsColored": false,
  "Recipe": null,
  "GiftTastes":
    {
	"Love": ["Pierre","Leah","Clint","Abigail","Dwarf","Emily","Wizard","Maru","Alex","Demetrius","Elliott","Evelyn","George","Harvey","Jas","Kent","Krobus","Leo","Lewis","Linus","Robin","Sam","Sebastian","Shane","Vincent","Willy","Gus","Marnie","Caroline","Jodi","Pam","Penny","Sandy"],
        "Hate": ["Haley"],    	
    },
}