{
  "Name": "Chipped Amphora Gold Display Case",
  "Description": "一个纯金的展示柜，透明的玻璃中密封着一个古老的有缺口的土罐。",
  "Category": "Crafting",
  "CategoryTextOverride": "Artifact",
  "CategoryColorOverride": "116,25,98,255",
  "Edibility": -300,
  "Price": 1858,
  "IsColored": false,
  "Recipe": null,
  "GiftTastes":
    {
	"Like": ["Penny","Dwarf"],
        "Dislike": ["Sam","Clint","Maru","Wizard","Abigail","Alex","Demetrius","Krobus","Willy","Caroline","Haley","Jodi","Emily","Pam","Sandy","Elliott","Evelyn","George","Harvey","Jas","Kent","Leo","Lewis","Linus","Pierre","Robin","Sebastian","Shane","Vincent","Leah","Gus","Marnie"],
	
   }, 
  "NameLocalization":
    {
	"en": "Chipped Amphora Display Case",
  "zh":"金制有缺口的土罐展示柜"
    } 
  
}