{
  "Name": "Strange Red Doll Hardwood Display Case",
  "Description": "一个硬木展示柜，透明的玻璃中密封着一只诡异的黄衣红色玩偶",
  "Category": "Crafting",
  "CategoryTextOverride": "Artifact",
  "CategoryColorOverride": "116,25,98,255",
  "Edibility": -300,
  "Price": 6463,
  "IsColored": false,
  "Recipe": null,
  "GiftTastes":
    {
	"Like": ["Penny","Dwarf"],
        "Dislike": ["Sam","Clint","Maru","Wizard","Abigail","Alex","Demetrius","Krobus","Willy","Caroline","Haley","Jodi","Emily","Pam","Sandy","Elliott","Evelyn","George","Harvey","Jas","Kent","Leo","Lewis","Linus","Pierre","Robin","Sebastian","Shane","Vincent","Leah","Gus","Marnie"],
	
   },  
  "NameLocalization":
    {
	"en": "Strange Red Doll Display Case",
  "zh":"硬木制诡异玩偶(黄)展示柜"
    } 
  
}