{
    "Format": "1.23.0",
    "Changes": [
         {
        "Action": "EditImage",
        "Target": "Maps/springobjects",
        "FromFile": "assets/amydecorations.png",
  "FromArea": { "X": 0, "Y": 0, "Width": 384, "Height": 80 }, 
        "ToArea": { "X": 0, "Y": 1568, "Width": 384, "Height": 80 },
     },
       {
          "Action": "EditData",
      "LogName": "Fish Object Data",
          "Target": "Data/ObjectInformation",
          "Entries": {
             "2352": "Tank Succulent One/55/-300/Resource -16/多肉植物1/一种耐寒的沙漠植物。",
             "2353": "Tank Succulent Two/55/-300/Resource -16/多肉植物2/一种耐寒的沙漠植物。",
             "2354": "Tank Succulent Three/55/-300/Resource -16/多肉植物3/一种耐寒的沙漠植物。",
             "2355": "Tank Succulent Four/55/-300/Resource -16/多肉植物4/一种耐寒的沙漠植物。",
             "2356": "Tank Succulent Five/55/-300/Resource -16/多肉植物5/一种耐寒的沙漠植物。",
             "2357": "Butterwort/80/-300/Resource -16/捕虫堇/这个物种对阳光的喜爱不止于此。",
             "2358": "Sun Pitcher/80/-300/Resource -16/太阳瓶子草/这个物种对阳光的喜爱不止于此。",
             "2359": "Cobra Lily/80/-300/Resource -16/眼镜蛇瓶子草/这个物种对阳光的喜爱不止于此。",
             "2360": "Cephalotus/80/-300/Resource -16/土瓶草/这个物种对阳光的喜爱不止于此。",
             "2361": "Nepenthes/80/-300/Resource -16/猪笼草/这个物种对阳光的喜爱不止于此。",
             "2362": "Trumpet Pitcher/80/-300/Resource -16/喇叭猪笼草/这个物种对阳光的喜爱不止于此。",
             "2363": "Sundew/80/-300/Resource -16/茅膏菜/这个物种对阳光的喜爱不止于此。",
             "2364": "Flytrap/80/-300/Resource -16/捕蝇草/这个物种对阳光的喜爱不止于此。",
             "2365": "White Bromeliad/45/-300/Resource -16/白色铁兰花/开了一朵花的热带植物。",
             "2366": "Yellow Bromeliad/45/-300/Resource -16/黄色铁兰花/开了一朵花的热带植物。",
             "2367": "Red Bromeliad/45/-300/Resource -16/红色铁兰花/开了一朵花的热带植物。",
             "2368": "Orange Bromeliad/45/-300/Resource -16/橙色铁兰花/开了一朵花的热带植物。",
             "2369": "Fern/40/-300/Resource -16/Fern/生长在阴凉处的精致植物。",
             "2370": "Monstera/80/-300/Resource -16/Monstera/一种大型热带藤本植物。",
             "2371": "Flame Orchid/80/-300/Resource -16/红色万代兰/一种精致的热带花卉。",
             "2372": "Blue Orchid/65/-300/Resource -16/蓝色万代兰/一种精致的热带花卉。",
             "2373": "Pink Orchid/65/-300/Resource -16/粉红万代兰/一种精致的热带花卉。",
             "2374": "Yellow Orchid/65/-300/Resource -16/黄色万代兰/一种精致的热带花卉。",
             "2375": "White Orchid/65/-300/Resource -16/白色万代兰/一种精致的热带花卉。",
             "2382": "Inky Cap Mushroom/40/-300/Resource -16/墨汁鬼伞/一种装饰性的小蘑菇。",
             "2383": "Puffball Mushroom/40/-300/Resource -16/马勃菌/一种装饰性的小蘑菇。",
             "2384": "Turkey Tail Mushroom/40/-300/Resource -16/云芝/一种装饰性的小蘑菇。",
             "2385": "Daisies/40/-300/Resource -16/雏菊/一团乱糟糟的漂亮花。",
             "2386": "Lupine/60/-300/Resource -16/鲁冰花/一团乱糟糟的漂亮花。",
             "2387": "Bellflower/60/-300/Resource -16/风铃草/一团乱糟糟的漂亮花。",
             "2388": "Calla Lily/60/-300/Resource -16/马蹄莲/一团乱糟糟的漂亮花。",
             "2389": "Rose/60/-300/Resource -16/玫瑰/一团乱糟糟的漂亮花。",
             "2390": "Coral Covered Red Tank Rock Three/20/-300/Resource -16/珊瑚覆盖的红色礁岩3/礁岩上住满了活的居民。",
             "2391": "Coral Covered Red Tank Rock Four/20/-300/Resource -16/珊瑚覆盖的红色礁岩4/礁岩上住满了活的居民。",
             "2392": "Coral Covered Red Tank Rock Five/20/-300/Resource -16/珊瑚覆盖的红色礁岩5/礁岩上住满了活的居民。",
             "2393": "Coral Covered White Tank Rock One/40/-300/Resource -16/珊瑚覆盖的白色礁岩1/礁岩上住满了活的居民。",
             "2394": "Coral Covered White Tank Rock Two/40/-300/Resource -16/珊瑚覆盖的白色礁岩2/礁岩上住满了活的居民。",
             "2395": "Coral Covered White Tank Rock Three/40/-300/Resource -16/珊瑚覆盖的白色礁岩3/礁岩上住满了活的居民。",
             "2396": "Coral Covered White Tank Rock Four/40/-300/Resource -16/珊瑚覆盖的白色礁岩4/礁岩上住满了活的居民。",
             "2397": "Coral Covered White Tank Rock Five/40/-300/Resource -16/珊瑚覆盖的白色礁岩5/礁岩上住满了活的居民。",
             "2398": "Cattails/80/-300/Resource -16/香蒲/可以在沼泽地区发现。",
             "2399": "Mangrove/80/-300/Resource -16/红树林/非常耐盐水。",
             "2400": "Tank Driftwood One/20/-300/Fish -20/沉木1/被水和时间雕刻得很漂亮的木头。",
             "2401": "Tank Driftwood Two/20/-300/Fish -20/沉木2/被水和时间雕刻得很漂亮的木头。",
             "2402": "Tank Driftwood Three/20/-300/Fish -20/沉木3/被水和时间雕刻得很漂亮的木头。",
             "2403": "Tank Driftwood Four/20/-300/Fish -20/沉木4/被水和时间雕刻得很漂亮的木头。",
             "2404": "Tank Driftwood Five/20/-300/Fish -20/沉木5/被水和时间雕刻得很漂亮的木头。",
             "2405": "Bleached Tank Driftwood One/20/-300/Fish -20/漂白沉木1/被水和时间雕刻得很漂亮的木头。",
             "2406": "Bleached Tank Driftwood Two/20/-300/Fish -20/漂白沉木2/被水和时间雕刻得很漂亮的木头。",
             "2407": "Bleached Tank Driftwood Three/20/-300/Fish -20/漂白沉木3/被水和时间雕刻得很漂亮的木头。",
             "2408": "Bleached Tank Driftwood Four/20/-300/Fish -20/漂白沉木4/被水和时间雕刻得很漂亮的木头。",
             "2409": "Bleached Tank Driftwood Five/20/-300/Fish -20/漂白沉木5/被水和时间雕刻得很漂亮的木头。",
             "2410": "Tank Plant One/20/-300/Fish -20/水族箱植物1/放进鱼缸里应该很漂亮。",
             "2411": "Tank Plant Two/20/-300/Fish -20/水族箱植物2/放进鱼缸里应该很漂亮。",
             "2412": "Tank Plant Three/20/-300/Fish -20/水族箱植物3/放进鱼缸里应该很漂亮。",
             "2413": "Tank Plant Four/20/-300/Fish -20/水族箱植物4/放进鱼缸里应该很漂亮。",
             "2414": "Bark Round/20/-300/Resource -16/空心圆木/适合成为小动物的藏身之地。",
             "2415": "Tank Plant Five/20/-300/Fish -20/水族箱植物5/放进鱼缸里应该很漂亮。",
             "2416": "Tank Plant Six/20/-300/Fish -20/水族箱植物6/放进鱼缸里应该很漂亮。",
             "2417": "Tank Plant Seven/20/-300/Fish -20/水族箱植物7/放进鱼缸里应该很漂亮。",
             "2418": "Tank Plant Eight/20/-300/Fish -20/水族箱植物8/放进鱼缸里应该很漂亮。",
             "2419": "Leaf Litter/20/-300/Fish -20/枯叶堆/鱼和动物喜欢躲在下面。",
             "2420": "Yellow Sea Fan Coral/40/-300/Resource -16/黄海扇珊瑚/你可以在暗礁池里继续快活。",
             "2421": "Red Sea Fan Coral/40/-300/Resource -16/红海扇珊瑚/你可以在暗礁池里继续快活。",
             "2422": "Orange Sea Fan Coral/40/-300/Resource -16/橙色海扇珊瑚/你可以在暗礁池里继续快活。",
             "2423": "Brown Sea Fan Coral/40/-300/Resource -16/棕色海扇珊瑚/你可以在暗礁池里继续快活。",
             "2424": "Brown Mushroom Coral/40/-300/Resource -16/棕色蘑菇珊瑚/你可以在暗礁池里继续快活。",
             "2425": "Blue Mushroom Coral/40/-300/Resource -16/蓝蘑菇珊瑚/你可以在暗礁池里继续快活。",
             "2426": "Teal Mushroom Coral/40/-300/Resource -16/天蓝蘑菇珊瑚/你可以在暗礁池里继续快活。",
             "2427": "Neon Mushroom Coral/40/-300/Resource -16/霓虹蘑菇珊瑚/你可以在暗礁池里继续快活。",
             "2428": "Purple Zoanthid Coral/40/-300/Resource -16/紫纽扣珊瑚/你可以在暗礁池里继续快活。",
             "2429": "Green Zoanthid Coral/40/-300/Resource -16/绿纽扣珊瑚/你可以在暗礁池里继续快活。",
             "2430": "Teal Zoanthid Coral/40/-300/Resource -16/天蓝纽扣珊瑚/你可以在暗礁池里继续快活。",
             "2431": "Brown Zoanthid Coral/40/-300/Resource -16/棕色纽扣珊瑚/你可以在暗礁池里继续快活。",
             "2432": "Teal Brain Coral/40/-300/Resource -16/青色脑珊瑚/你可以在暗礁池里继续快活。",
             "2433": "Purple Brain Coral/40/-300/Resource -16/紫色脑珊瑚/你可以在暗礁池里继续快活。",
             "2434": "Green Brain Coral/40/-300/Resource -16/绿色脑珊瑚/你可以在暗礁池里继续快活。",
             "2435": "Brown Brain Coral/40/-300/Resource -16/棕色脑珊瑚/你可以在暗礁池里继续快活。",
             "2436": "Tank Shell One/20/-300/Resource -16/观赏贝类1/这个外壳现在还是空的。",
             "2437": "Tank Shell Two/20/-300/Resource -16/观赏贝类2/这个外壳现在还是空的。",
             "2438": "Tank Shell Three/20/-300/Resource -16/观赏贝类3/这个外壳现在还是空的。",
             "2439": "Tank Shell Four/20/-300/Resource -16/观赏贝类4/这个外壳现在还是空的。",
             "2440": "Grey Tank Rock One/20/-300/Resource -16/灰礁石1/一些引人注目的岩石能会成为一个很好的鱼缸饰品。",
             "2441": "Grey Tank Rock Two/20/-300/Resource -16/灰礁石2/一些引人注目的岩石能会成为一个很好的鱼缸饰品。",
             "2442": "Grey Tank Rock Three/20/-300/Resource -16/灰礁石3/一些引人注目的岩石能会成为一个很好的鱼缸饰品。",
             "2443": "Grey Tank Rock Four/20/-300/Resource -16/灰礁石4/一些引人注目的岩石能会成为一个很好的鱼缸饰品。",
             "2444": "Grey Tank Rock Five/20/-300/Resource -16/灰礁石5/一些引人注目的岩石能会成为一个很好的鱼缸饰品。",
             "2445": "Tan Tank Rock One/20/-300/Resource -16/褐色礁石1/一些引人注目的岩石能会成为一个很好的鱼缸饰品。",
             "2446": "Tan Tank Rock Two/20/-300/Resource -16/褐色礁石2/一些引人注目的岩石能会成为一个很好的鱼缸饰品。",
             "2447": "Tan Tank Rock Three/20/-300/Resource -16/褐色礁石3/一些引人注目的岩石能会成为一个很好的鱼缸饰品。",
             "2448": "Tan Tank Rock Four/20/-300/Resource -16/褐色礁石4/一些引人注目的岩石能会成为一个很好的鱼缸饰品。",
             "2449": "Tan Tank Rock Five/20/-300/Resource -16/褐色礁石5/一些引人注目的岩石能会成为一个很好的鱼缸饰品。",
             "2450": "Mossy Grey Tank Rock One/30/-300/Resource -16/长满苔藓的灰礁石1/这块岩石上长满了苔藓。",
             "2451": "Mossy Grey Tank Rock Two/30/-300/Resource -16/长满苔藓的灰礁石2/这块岩石上长满了苔藓。",
             "2452": "Mossy Grey Tank Rock Three/30/-300/Resource -16/长满苔藓的灰礁石3/这块岩石上长满了苔藓。",
             "2453": "Mossy Grey Tank Rock Four/30/-300/Resource -16/长满苔藓的灰礁石4/这块岩石上长满了苔藓。",
             "2454": "Mossy Grey Tank Rock Five/30/-300/Resource -16/长满苔藓的灰礁石5/这块岩石上长满了苔藓。",
             "2455": "Mossy Tan Tank Rock One/30/-300/Resource -16/长满苔藓的褐色礁石1/这块岩石上长满了苔藓。",
             "2456": "Mossy Tan Tank Rock Two/30/-300/Resource -16/长满苔藓的褐色礁石2/这块岩石上长满了苔藓。",
             "2457": "Mossy Tan Tank Rock Three/30/-300/Resource -16/长满苔藓的褐色礁石3/这块岩石上长满了苔藓。",
             "2458": "Mossy Tan Tank Rock Four/30/-300/Resource -16/长满苔藓的褐色礁石4/这块岩石上长满了苔藓。",
             "2459": "Mossy Tan Tank Rock Five/30/-300/Resource -16/长满苔藓的褐色礁石5/这块岩石上长满了苔藓。",
             "2460": "Red Tank Rock One/20/-300/Resource -16/红色礁石1/往你的鱼缸里放点石头。",
             "2461": "Red Tank Rock Two/20/-300/Resource -16/红色礁石2/往你的鱼缸里放点石头。",
             "2462": "Red Tank Rock Three/20/-300/Resource -16/红色礁石3/往你的鱼缸里放点石头。",
             "2463": "Red Tank Rock Four/20/-300/Resource -16/红色礁石4/往你的鱼缸里放点石头。",
             "2464": "Red Tank Rock Five/20/-300/Resource -16/红色礁石5/往你的鱼缸里放点石头。",
             "2465": "White Tank Rock One/20/-300/Resource -16/白色礁石1/往你的鱼缸里放点石头。",
             "2466": "White Tank Rock Two/20/-300/Resource -16/白色礁石2/往你的鱼缸里放点石头。",
             "2467": "White Tank Rock Three/20/-300/Resource -16/白色礁石3/往你的鱼缸里放点石头。",
             "2468": "White Tank Rock Four/20/-300/Resource -16/白色礁石4/往你的鱼缸里放点石头。",
             "2469": "White Tank Rock Five/20/-300/Resource -16/白色礁石5/往你的鱼缸里放点石头。",
             "2470": "Coral Covered Red Tank Rock One/40/-300/Resource -16/珊瑚覆盖的红色礁石1/礁岩上住满了活的居民。",
             "2471": "Coral Covered Red Tank Rock Two/40/-300/Resource -16/珊瑚覆盖的红色礁石2/礁岩上住满了活的居民。",
             "2376": "Scuba Diver/60/-300/Crafting/水肺潜水员/在鱼缸里摇摆。",
             "2377": "Submarine/80/-300/Crafting -8/潜艇/在鱼缸里摇摆。",
             "2378": "Mealworms/35/-300/Crafting -8/面包虫/蜥蜴或鸟类可能喜欢这些。",
             "2379": "Waterfall/65/-300/Crafting -8/瀑布/一个小小的瀑布装饰。",
             "2380": "Food and Water Bowls/45/-300/Crafting -8/食物和水碗/确保你的动物得到妥善照顾。",
             "2381": "Rodent Wheel/65/-300/Crafting -8/仓鼠轮/让你的动物尽情娱乐。",
    },
    },
       {
      "Action": "EditImage",
      "LogName": "StarAmy Aquarium",
      "Target": "LooseSprites/AquariumFish",
      "FromFile": "assets/staramyaquariumdata.png",
        "ToArea": { "X": 0, "Y": 2640, "Width": 480, "Height": 336 },
      },
      //Aquarium Data
      {
      "Action": "EditData",
      "Target": "Data/AquariumFish",
      "Entries": {
         "2400": "1100/static",
         "2401": "1101/static",
         "2402": "1102/static",
         "2403": "1103/static",
         "2404": "1104/static",
         "2405": "1105/static",
         "2406": "1106/static",
         "2407": "1107/static",
         "2408": "1108/static",
         "2409": "1109/static",
         "2410": "1110/static", 
         "2411": "1111/static", 
         "2412": "1112/static", 
         "2413": "1113/static", 
         "2414": "1114/static", 
         "2415": "1115/static", 
         "2416": "1116/static", 
         "2417": "1117/static", 
         "2418": "1118/static", 
         "2419": "1119/static",
         "2420": "1120/static", 
         "2421": "1121/static",
         "2422": "1122/static", 
         "2423": "1123/static",
         "2424": "1124/static", 
         "2425": "1125/static", 
         "2426": "1126/static", 
         "2427": "1127/static",
         "2428": "1128/static", 
         "2429": "1129/static", 
         "2430": "1130/static", 
         "2431": "1131/static",
         "2432": "1132/static", 
         "2433": "1133/static",
         "2434": "1134/static", 
         "2435": "1135/static",
         "2436": "1136/static", 
         "2437": "1137/static", 
         "2438": "1138/static", 
         "2439": "1139/static",
         "2440": "1140/static", 
         "2441": "1141/static", 
         "2442": "1142/static", 
         "2443": "1143/static", 
         "2444": "1144/static",
         "2445": "1145/static", 
         "2446": "1146/static", 
         "2447": "1147/static", 
         "2448": "1148/static", 
         "2449": "1149/static",
         "2450": "1150/static", 
         "2451": "1151/static", 
         "2452": "1152/static", 
         "2453": "1153/static", 
         "2454": "1154/static",
         "2455": "1155/static", 
         "2456": "1156/static", 
         "2457": "1157/static", 
         "2458": "1158/static", 
         "2459": "1159/static",
         "2460": "1160/static",
         "2461": "1161/static",
         "2462": "1162/static",
         "2463": "1163/static",
         "2464": "1164/static",
         "2465": "1165/static",
         "2466": "1166/static",
         "2467": "1167/static",
         "2468": "1168/static",
         "2469": "1169/static",
         "2470": "1170/static",
         "2471": "1171/static",
         "2390": "1172/static",
         "2391": "1173/static",
         "2392": "1174/static", 
         "2393": "1175/static",
         "2394": "1176/static",
         "2395": "1177/static",
         "2396": "1178/static",
         "2397": "1179/static", 
         "2376": "1180/float/1181/1180 1180 1180/1181 1181 1181/1182 1182 1182",
         "2377": "1183/float/1184/1183 1184 1183/1184 1183 1184/1183 1184 1183",
         "2378": "1186/static", 
         "2381": "1188/static", 
         "2352": "1200/static",
         "2353": "1201/static",
         "2354": "1202/static",
         "2355": "1203/static",
         "2356": "1204/static",
         "2357": "1205/static",
         "2358": "1206/static",
         "2359": "1207/static",
         "2360": "1208/static",
         "2361": "1209/static",
         "2362": "1210/static",
         "2363": "1211/static",
         "2364": "1212/static",
         "2365": "1213/static",
         "2366": "1214/static",
         "2367": "1215/static",
         "2368": "1216/static",
         "2369": "1217/static",
         "2370": "1218/static",
         "2398": "1220/static",
         "2399": "1221/static",
         "2371": "1235/static",
         "2372": "1236/static",
         "2373": "1237/static",
         "2374": "1238/static",
         "2375": "1239/static",
         "2382": "1222/static",
         "2383": "1223/static",
         "2384": "1224/static",
         "2385": "1225/static",
         "2386": "1226/static",
         "2387": "1227/static",
         "2388": "1228/static",
         "2389": "1219/static",
         "2379": "1190/static",
         "2380": "1185/static",
         "2381": "1188/static",
      },
      },
       {
      "Action": "EditData",
      "LogName": "Decoration Crafting Recipes",
      "Target": "Data/CraftingRecipes",
      "Entries": {
          "Scuba Diver": "393 3 390 10/Home/2376 1/false/Fishing 3",
          "Submarine": "397 2 390 10/Home/2377 1/false/Fishing 5",
          "Bark Round": "388 18/Home/2414 1/false/Foraging 3",
          "Waterfall": "390 35/Home/2379 1/false/Foraging 5",
          "Rodent Wheel": "178 10 390 10/Home/2381 1/false/Farming 7",
          "Mealworms": "685 10/Home/2378 1/false/Farming 5",
          "Food and Water Bowls": "178 40/Home/2380 1/false/Farming 3",
       }
     },
     {
      "LogName": "Animated Rodent Wheel",
      "Action": "EditImage",
      "Target": "LooseSprites/AquariumFish",
      "FromFile": "assets/empty_wheel.png",
      "FromArea": {
        "X": 0,
        "Y": 0,
        "Width": 24,
        "Height": 24
      },
      "ToArea": {
        "X": 192,
        "Y": 2832,
        "Width": 24,
        "Height": 24
      },
      "AnimationFrameTime": 20,
      "AnimationFrameCount": 2,
      "When": {
        "HasMod": "spacechase0.ContentPatcherAnimations"
      }
    },
     {
      "LogName": "Animated Waterfall",
      "Action": "EditImage",
      "Target": "LooseSprites/AquariumFish",
      "FromFile": "assets/waterfall.png",
      "FromArea": {
        "X": 0,
        "Y": 0,
        "Width": 24,
        "Height": 24
      },
      "ToArea": {
        "X": 240,
        "Y": 2832,
        "Width": 24,
        "Height": 24
      },
      "AnimationFrameTime": 10,
      "AnimationFrameCount": 3,
      "When": {
        "HasMod": "spacechase0.ContentPatcherAnimations"
      }
    },
     {
      "LogName": "Animated Mealworms",
      "Action": "EditImage",
      "Target": "LooseSprites/AquariumFish",
      "FromFile": "assets/mealworms.png",
      "FromArea": {
        "X": 0,
        "Y": 0,
        "Width": 24,
        "Height": 24
      },
      "ToArea": {
        "X": 144,
        "Y": 2832,
        "Width": 24,
        "Height": 24
      },
      "AnimationFrameTime": 40,
      "AnimationFrameCount": 2,
      "When": {
        "HasMod": "spacechase0.ContentPatcherAnimations"
      }
    },
    {
      "Action": "EditData",
      "LogName": "Decoration Location Data",
      "Target": "Data/Locations",
      "TextOperations": [
      {
         "Operation": "Append",
         "Target": ["Fields", "Desert", 0],//spring forage beach
         "Value": "2352 .4 2353 .4 2445 .6 2446 .6 2447 .6 2448 .6 2449 .6 2436 .3 2437 .3 2438 .3 2439 .3 2405 .6 2406 .6 2407 .6 2408 .6 2409 .6",
         "Delimiter": " " // if there are already values, add a space between them and the new ones
      },
      {
         "Operation": "Append",
         "Target": ["Fields", "Desert", 1],//summer forage beach
         "Value": "2354 .4 2445 .6 2446 .6 2447 .6 2448 .6 2449 .6 2436 .3 2437 .3 2438 .3 2439 .3 2405 .6 2406 .6 2407 .6 2408 .6 2409 .6",
         "Delimiter": " " // if there are already values, add a space between them and the new ones
      },
      {
         "Operation": "Append",
         "Target": ["Fields", "Desert", 2],//fall forage beach
         "Value": "2355 .4 2356 .4 2445 .6 2446 .6 2447 .6 2448 .6 2449 .6 2436 .3 2437 .3 2438 .3 2439 .3 2405 .6 2406 .6 2407 .6 2408 .6 2409 .6",
         "Delimiter": " " // if there are already values, add a space between them and the new ones
      },
         {
         "Operation": "Append",
         "Target": ["Fields", "Desert", 3],//winter forage beach
         "Value": "2445 .6 2446 .6 2447 .6 2448 .6 2449 .6 2436 .3 2437 .3 2438 .3 2439 .3 2405 .6 2406 .6 2407 .6 2408 .6 2409 .6",
         "Delimiter": " " // if there are already values, add a space between them and the new ones
      },
      {
         "Operation": "Append",
         "Target": ["Fields", "BusStop", 0],//spring forage beach
         "Value": "2455 .6 2456 .6 2457 .6 2458 .6 2459 .6",
         "Delimiter": " " // if there are already values, add a space between them and the new ones
      },
      {
         "Operation": "Append",
         "Target": ["Fields", "BusStop", 1],//summer forage beach
         "Value": "2455 .6 2456 .6 2457 .6 2458 .6 2459 .6",
         "Delimiter": " " // if there are already values, add a space between them and the new ones
      },
      {
         "Operation": "Append",
         "Target": ["Fields", "BusStop", 2],//fall forage beach
         "Value": "2455 .6 2456 .6 2457 .6 2458 .6 2459 .6",
         "Delimiter": " " // if there are already values, add a space between them and the new ones
      },
         {
         "Operation": "Append",
         "Target": ["Fields", "BusStop", 3],//winter forage beach
         "Value": "2455 .6 2456 .6 2457 .6 2458 .6 2459 .6",
         "Delimiter": " " // if there are already values, add a space between them and the new ones
      },
      {
         "Operation": "Append",
         "Target": ["Fields", "Woods", 1],//summer forage beach
         "Value": "2382 .5 2398 .7",
         "Delimiter": " " // if there are already values, add a space between them and the new ones
      },
      {
         "Operation": "Append",
         "Target": ["Fields", "Woods", 2],//fall forage beach
         "Value": "2383 .6 2384 .4 2419 .7 2369 .5",
         "Delimiter": " " // if there are already values, add a space between them and the new ones
      },
         {
         "Operation": "Append",
         "Target": ["Fields", "Woods", 3],//winter forage beach
         "Value": "2419 .7",
         "Delimiter": " " // if there are already values, add a space between them and the new ones
      },
      {
         "Operation": "Append",
         "Target": ["Fields", "Mountain", 0],//spring forage beach
         "Value": "2450 .6 2451 .6 2452 .6 2453 .6 2454 .6 2359 .4",
         "Delimiter": " " // if there are already values, add a space between them and the new ones
      },
      {
         "Operation": "Append",
         "Target": ["Fields", "Mountain", 1],//summer forage beach
         "Value": "2450 .6 2451 .6 2452 .6 2453 .6 2454 .6",
         "Delimiter": " " // if there are already values, add a space between them and the new ones
      },
      {
         "Operation": "Append",
         "Target": ["Fields", "Mountain", 2],//fall forage beach
         "Value": "2450 .6 2451 .6 2452 .6 2453 .6 2454 .6",
         "Delimiter": " " // if there are already values, add a space between them and the new ones
      },
         {
         "Operation": "Append",
         "Target": ["Fields", "Mountain", 3],//winter forage beach
         "Value": "2450 .6 2451 .6 2452 .6 2453 .6 2454 .6",
         "Delimiter": " " // if there are already values, add a space between them and the new ones
      },
      {
         "Operation": "Append",
         "Target": ["Fields", "Forest", 0],//spring forage beach
         "Value": "2400 .6 2401 .6 2402 .6 2403 .6 2404 .6 2440 .6 2441 .6 2442 .6 2443 .6 2444 .6 2385 .4",
         "Delimiter": " " // if there are already values, add a space between them and the new ones
      },
      {
         "Operation": "Append",
         "Target": ["Fields", "Forest", 1],//summer forage beach
         "Value": "2400 .6 2401 .6 2402 .6 2403 .6 2404 .6 2440 .6 2441 .6 2442 .6 2443 .6 2444 .6 2386 .4 2387 .4 2388 .4 2389 .4 2364 .4",
         "Delimiter": " " // if there are already values, add a space between them and the new ones
      },
      {
         "Operation": "Append",
         "Target": ["Fields", "Forest", 2],//fall forage beach
         "Value": "2400 .6 2401 .6 2402 .6 2403 .6 2404 .6 2440 .6 2441 .6 2442 .6 2443 .6 2444 .6 2362 .4",
         "Delimiter": " " // if there are already values, add a space between them and the new ones
      },
        {
         "Operation": "Append",
         "Target": ["Fields", "Forest", 3],//winter forage beach
         "Value": "2400 .6 2401 .6 2402 .6 2403 .6 2404 .6 2440 .6 2441 .6 2442 .6 2443 .6 2444 .6",
         "Delimiter": " " // if there are already values, add a space between them and the new ones
      },
       {
         "Operation": "Append",
         "Target": ["Fields", "Beach", 0],//spring forage beach
         "Value": "2405 .6 2406 .6 2407 .6 2408 .6 2409 .6 2436 .4 2437 .4 2438 .4 2439 .4 2393 .6 2394 .6 2395 .6 2396 .6 2397 .6 2430 .4 2431 .4",
         "Delimiter": " " // if there are already values, add a space between them and the new ones
      },
      {
         "Operation": "Append",
         "Target": ["Fields", "Beach", 1],//summer forage beach
         "Value": "2405 .6 2406 .6 2407 .6 2408 .6 2409 .6 2436 .4 2437 .4 2438 .4 2439 .4 2393 .6 2394 .6 2395 .6 2396 .6 2397 .6 2432 .4 2435 .4",
         "Delimiter": " " // if there are already values, add a space between them and the new ones
      },
      {
         "Operation": "Append",
         "Target": ["Fields", "Beach", 2],//fall forage beach
         "Value": "2405 .6 2406 .6 2407 .6 2408 .6 2409 .6 2436 .4 2437 .4 2438 .4 2439 .4 2465 .6 2466 .6 2467 .6 2468 .6 2469 .6 2424 .4 2426 .4",
         "Delimiter": " " // if there are already values, add a space between them and the new ones
      },
         {
         "Operation": "Append",
         "Target": ["Fields", "Beach", 3],//winter forage beach
         "Value": "2405 .6 2406 .6 2407 .6 2408 .6 2409 .6 2436 .4 2437 .4 2438 .4 2439 .4 2465 .6 2466 .6 2467 .6 2468 .6 2469 .6 2422 .4 2423 .4",
         "Delimiter": " " // if there are already values, add a space between them and the new ones
      },
      //tank plant fishing data
       {
         "Operation": "Append",
         "Target": ["Fields", "Desert", 4],//spring forage beach
         "Value": "2418 -1",
         "Delimiter": " " // if there are already values, add a space between them and the new ones
      },
      {
         "Operation": "Append",
         "Target": ["Fields", "Desert", 5],//summer forage beach
         "Value": "2418 -1",
         "Delimiter": " " // if there are already values, add a space between them and the new ones
      },
      {
         "Operation": "Append",
         "Target": ["Fields", "Desert", 6],//fall forage beach
         "Value": "2418 -1",
         "Delimiter": " " // if there are already values, add a space between them and the new ones
      },
         {
         "Operation": "Append",
         "Target": ["Fields", "Desert", 7],//winter forage beach
         "Value": "2418 -1",
         "Delimiter": " " // if there are already values, add a space between them and the new ones
      },
       {
         "Operation": "Append",
         "Target": ["Fields", "Woods", 4],//spring forage beach
         "Value": "2413 -1",
         "Delimiter": " " // if there are already values, add a space between them and the new ones
      },
      {
         "Operation": "Append",
         "Target": ["Fields", "Woods", 5],//summer forage beach
         "Value": "2413 -1",
         "Delimiter": " " // if there are already values, add a space between them and the new ones
      },
      {
         "Operation": "Append",
         "Target": ["Fields", "Woods", 6],//fall forage beach
         "Value": "2413 -1",
         "Delimiter": " " // if there are already values, add a space between them and the new ones
      },
         {
         "Operation": "Append",
         "Target": ["Fields", "Woods", 7],//winter forage beach
         "Value": "2413 -1",
         "Delimiter": " " // if there are already values, add a space between them and the new ones
      },
       {
         "Operation": "Append",
         "Target": ["Fields", "Mountain", 4],//spring forage beach
         "Value": "2412 -1",
         "Delimiter": " " // if there are already values, add a space between them and the new ones
      },
      {
         "Operation": "Append",
         "Target": ["Fields", "Mountain", 5],//summer forage beach
         "Value": "2412 -1",
         "Delimiter": " " // if there are already values, add a space between them and the new ones
      },
      {
         "Operation": "Append",
         "Target": ["Fields", "Mountain", 6],//fall forage beach
         "Value": "2412 -1",
         "Delimiter": " " // if there are already values, add a space between them and the new ones
      },
         {
         "Operation": "Append",
         "Target": ["Fields", "Mountain", 7],//winter forage beach
         "Value": "2412 -1",
         "Delimiter": " " // if there are already values, add a space between them and the new ones
      },
      {
         "Operation": "Append",
         "Target": ["Fields", "Town", 4],//spring forage beach
         "Value": "2410 -1",
         "Delimiter": " " // if there are already values, add a space between them and the new ones
      },
      {
         "Operation": "Append",
         "Target": ["Fields", "Town", 5],//summer forage beach
         "Value": "2410 -1",
         "Delimiter": " " // if there are already values, add a space between them and the new ones
      },
      {
         "Operation": "Append",
         "Target": ["Fields", "Town", 6],//fall forage beach
         "Value": "2410 -1",
         "Delimiter": " " // if there are already values, add a space between them and the new ones
      },
         {
         "Operation": "Append",
         "Target": ["Fields", "Town", 7],//winter forage beach
         "Value": "2410 -1",
         "Delimiter": " " // if there are already values, add a space between them and the new ones
      },
      {
         "Operation": "Append",
         "Target": ["Fields", "Forest", 4],//spring forage beach
         "Value": "2410 0 2411 1",
         "Delimiter": " " // if there are already values, add a space between them and the new ones
      },
      {
         "Operation": "Append",
         "Target": ["Fields", "Forest", 5],//summer forage beach
         "Value": "2410 0 2411 1",
         "Delimiter": " " // if there are already values, add a space between them and the new ones
      },
      {
         "Operation": "Append",
         "Target": ["Fields", "Forest", 6],//fall forage beach
         "Value": "2410 0 2411 1",
         "Delimiter": " " // if there are already values, add a space between them and the new ones
      },
         {
         "Operation": "Append",
         "Target": ["Fields", "Forest", 7],//winter forage beach
         "Value": "2410 0 2411 1",
         "Delimiter": " " // if there are already values, add a space between them and the new ones
      },
       {
         "Operation": "Append",
         "Target": ["Fields", "Beach", 4],//spring forage beach
         "Value": "2415 -1",
         "Delimiter": " " // if there are already values, add a space between them and the new ones
      },
      {
         "Operation": "Append",
         "Target": ["Fields", "Beach", 5],//summer forage beach
         "Value": "2415 -1",
         "Delimiter": " " // if there are already values, add a space between them and the new ones
      },
      {
         "Operation": "Append",
         "Target": ["Fields", "Beach", 6],//fall forage beach
         "Value": "2415 -1",
         "Delimiter": " " // if there are already values, add a space between them and the new ones
      },
         {
         "Operation": "Append",
         "Target": ["Fields", "Beach", 7],//winter forage beach
         "Value": "2415 -1",
         "Delimiter": " " // if there are already values, add a space between them and the new ones
      },
      {
         "Operation": "Append",
         "Target": ["Fields", "IslandSouth", 4],//spring forage beach
         "Value": "2416 -1",
         "Delimiter": " " // if there are already values, add a space between them and the new ones
      },
      {
         "Operation": "Append",
         "Target": ["Fields", "IslandSouth", 5],//summer forage beach
         "Value": "2416 -1",
         "Delimiter": " " // if there are already values, add a space between them and the new ones
      },
      {
         "Operation": "Append",
         "Target": ["Fields", "IslandSouth", 6],//fall forage beach
         "Value": "2416 -1",
         "Delimiter": " " // if there are already values, add a space between them and the new ones
      },
         {
         "Operation": "Append",
         "Target": ["Fields", "IslandSouth", 7],//winter forage beach
         "Value": "2416 -1",
         "Delimiter": " " // if there are already values, add a space between them and the new ones
      },
      {
         "Operation": "Append",
         "Target": ["Fields", "IslandSouthEast", 4],//spring forage beach
         "Value": "2416 -1",
         "Delimiter": " " // if there are already values, add a space between them and the new ones
      },
      {
         "Operation": "Append",
         "Target": ["Fields", "IslandSouthEast", 5],//summer forage beach
         "Value": "2416 -1",
         "Delimiter": " " // if there are already values, add a space between them and the new ones
      },
      {
         "Operation": "Append",
         "Target": ["Fields", "IslandSouthEast", 6],//fall forage beach
         "Value": "2416 -1",
         "Delimiter": " " // if there are already values, add a space between them and the new ones
      },
         {
         "Operation": "Append",
         "Target": ["Fields", "IslandSouthEast", 7],//winter forage beach
         "Value": "2416 -1",
         "Delimiter": " " // if there are already values, add a space between them and the new ones
      },
      {
         "Operation": "Append",
         "Target": ["Fields", "IslandNorth", 4],//spring forage beach
         "Value": "2417 -1",
         "Delimiter": " " // if there are already values, add a space between them and the new ones
      },
      {
         "Operation": "Append",
         "Target": ["Fields", "IslandNorth", 5],//summer forage beach
         "Value": "2417 -1",
         "Delimiter": " " // if there are already values, add a space between them and the new ones
      },
      {
         "Operation": "Append",
         "Target": ["Fields", "IslandNorth", 6],//fall forage beach
         "Value": "2417 -1",
         "Delimiter": " " // if there are already values, add a space between them and the new ones
      },
         {
         "Operation": "Append",
         "Target": ["Fields", "IslandNorth", 7],//winter forage beach
         "Value": "2417 -1",
         "Delimiter": " " // if there are already values, add a space between them and the new ones
      },
      {
         "Operation": "Append",
         "Target": ["Fields", "IslandWest", 4],//spring forage beach
         "Value": "2417 2 2416 1",
         "Delimiter": " " // if there are already values, add a space between them and the new ones
      },
      {
         "Operation": "Append",
         "Target": ["Fields", "IslandWest", 5],//summer forage beach
         "Value": "2417 2 2416 1",
         "Delimiter": " " // if there are already values, add a space between them and the new ones
      },
      {
         "Operation": "Append",
         "Target": ["Fields", "IslandWest", 6],//fall forage beach
         "Value": "2417 2 2416 1",
         "Delimiter": " " // if there are already values, add a space between them and the new ones
      },
         {
         "Operation": "Append",
         "Target": ["Fields", "IslandWest", 7],//winter forage beach
         "Value": "2417 2 2416 1",
         "Delimiter": " " // if there are already values, add a space between them and the new ones
      },
]   
},
{
      "Action": "EditData",
      "Target": "Data/Fish",
      "Entries": {
        "2410": "Tank Plant One/5/floater/5/30/600 2600/spring summer fall winter/both/-1/0/.3/0/0/Tank Plant One",
        "2411": "Tank Plant Two/5/floater/5/30/600 2600/spring summer fall winter/both/-1/0/.3/0/0/Tank Plant Two",
        "2412": "Tank Plant Three/5/floater/5/30/600 2600/spring summer fall winter/both/-1/0/.3/0/0/Tank Plant Three",
        "2413": "Tank Plant Four/5/floater/5/30/600 2600/spring summer fall winter/both/-1/0/.3/0/0/Tank Plant Four",
        "2415": "Tank Plant Five/5/floater/5/30/600 2600/spring summer fall winter/both/-1/0/.3/0/0/Tank Plant Five",
        "2416": "Tank Plant Six/5/floater/5/30/600 2600/spring summer fall winter/both/-1/0/.3/0/0/Tank Plant Six",
        "2417": "Tank Plant Seven/5/floater/5/30/600 2600/spring summer fall winter/both/-1/0/.3/0/0/Tank Plant Seven",
        "2418": "Tank Plant Eight/5/floater/5/30/600 2600/spring summer fall winter/both/-1/0/.3/0/0/Tank Plant Eight",
    }
},
{   
    "Action": "EditData",
    "LogName": "Context Tags",
    "Target": "Data/ObjectContextTags",
    "Entries": { 
        "Flame Orchid": "flower_orchid",
        "White Orchid": "flower_orchid",
        "Pink Orchid": "flower_orchid",
        "Yellow Orchid": "flower_orchid",
        "Blue Orchid": "flower_orchid",
        "Monstera": "plant_monstera",
        "Mangrove": "plant_mangrove",
        "Waterfall": "decor_waterfall",
        "Cobra Lily": "plant_bog",
        "Sundew": "plant_bog",
        "Trumpet Pitcher": "plant_bog",
        "Cephalotus": "plant_bog",
        "Sun Pitcher": "plant_bog",
        "Flytrap": "plant_bog",
        "Butterwort": "plant_bog",
        "Food and Water Bowls": "decor_bowls",
        "Tank Driftwood One": "decor_driftwood",
        "Tank Driftwood Two": "decor_driftwood",
        "Tank Driftwood Three": "decor_driftwood",
        "Tank Driftwood Four": "decor_driftwood",
        "Tank Driftwood Five": "decor_driftwood",
        "Coral Covered Red Tank Rock One": "decor_red_coral_rock",
        "Coral Covered Red Tank Rock Two": "decor_red_coral_rock",
        "Coral Covered Red Tank Rock Three": "decor_red_coral_rock",
        "Coral Covered Red Tank Rock Four": "decor_red_coral_rock",
        "Coral Covered Red Tank Rock Five": "decor_red_coral_rock",
   }
}
]   
}