{
  "Name": "黄金制黑曜石徽章",
  "Description": "一枚纯金徽章，镶嵌着一大块切割精细的黑曜石。",
  "Category": "Crafting",
  "CategoryTextOverride": "Jewelry",
  "CategoryColorOverride": "143,71,162,255",
  "Edibility": -300,
  "Price": 450,
  "IsColored": false,
  "Recipe": null,
  "GiftTastes":
    {
        "Love": ["Sebastian"],
	"Like": ["Clint","Maru","Wizard"],
        "Neutral": ["Krobus","Willy","Caroline","Haley","Jodi","Emily","Pam","Penny","Sandy"],
        "Dislike": ["Abigail","Alex","Demetrius","Elliott","Evelyn","George","Harvey","Jas","Kent","Leo","Lewis","Linus","Pierre","Robin","Sam","Dwarf","Shane","Vincent","Leah","Gus","Marnie"],
    }, 
  
}