{
	"Changes": [

//COPPER CRUCIBLE

	{

		"Action": "EditData",
		"Target": "Data/Events/Farm",
		"Entries": 

		{

		"14308670/f Clint 500/n museumCollectedRewardO_326_1/d Mon Tue Thu Fri Sat Sun": "distantBanjo/95 49/farmer 95 49 2 Clint 95 50 0/pause 1500/speak Clint \"你好，@。\"/speak Clint \"我前几天找冈瑟聊天，他说你能看懂矮人语。#$b#是真的吗？\"/question null \"是真的吗？#是的。\"/jump Clint 5/pause 300/speak Clint \"That's 太好了！$1\"/pause 200/speak Clint \"很多年前，我在井矿深处找到了一份矮人手稿。没有人能释读它，它只能被我压在箱底。\"pause 100/speak Clint \"能请你帮我翻译它吗？\"/question fork0 \"翻译它？#当然可以！#还是算了吧，我觉得我不行。\"/fork agree/friendship Clint -500/speak Clint \"啊……#$b#好吧……$2\"/speak Clint \"我是真心希望它能被翻译出来……$2\"/speak Clint \"诶……#$b#既然你这么说了，我也不能勉强你。\"/pause 400/emote Clint 12/pause 400/speak Clint \"不过，你拿着它总可以吧！$3\"/pause 500/itemAboveHead/playSound getNewSpecialItem/addCraftingRecipe Copper Crucible/pause 800/message \"你学会了如何制作铜熔炉！\"/pause 1000/speak Clint \"现在你就有充分的理由翻译它了！$3\"/speak Clint \"大功告成……#$b#下次见！$3\"/end",
            

		"agree": "pause 300/jump Clint 8/speak Clint \"……真的？#$b#谢谢你！$h\"/friendship Clint 250/pause 200/speak Clint \"我已经把它拿来了。\"/pause 500/itemAboveHead/playSound getNewSpecialItem/pause 800/globalFade 0.007/globalFadeToClear 0.007/speak Clint \"嗯……#$b#所以这是某种机器的图纸？#$b#确实很有可能……\"/pause 200/speak Clint \"这又是什么……？#$b#底部刻的是谜语吗？\"/message \"“放入闪亮的石头和铜矿，你将不再贫穷。”\"/speak Clint \"哇塞……？！#$b#你好像猜对了！$h\"/pause 300/speak Clint \"按照它的要求，我店里还缺少了一些石头。#$b#如果你能找些石头给我，我就把这份图纸的副本给你。[quest:StoneForClint Destroyer.TTTquests]\"/pause 300/emote farmer 32/pause 300/speak Clint \"这大概是我唯一能给你的谢礼了，感谢你尽心尽力地帮助我。\"/pause 200/speak Clint \"好了，快出发吧。#$b#早去早回！\"/end"


		},

		"When": {"HasMod|contains=FlashShifter.SVECode": true},
	},

	{

		"Action": "EditData",
		"Target": "Data/Events/Farm",
		"Entries": 

		{

		"14308670/f Clint 500/n museumCollectedRewardO_326_1/d Mon Tue Thu Fri Sat Sun": "distantBanjo/64 15/farmer 64 15 2 Clint 64 16 0/pause 1500/speak Clint \"你好，@。\"/speak Clint \"我前几天找冈瑟聊天，他说你能看懂矮人语。#$b#是真的吗？\"/question null \"是真的吗？#是的。\"/jump Clint 5/pause 300/speak Clint \"That's 太好了！$1\"/pause 200/speak Clint \"很多年前，我在井矿深处找到了一份矮人手稿。没有人能释读它，它只能被我压在箱底。\"pause 100/speak Clint \"能请你帮我翻译它吗？\"/question fork0 \"翻译它？#当然可以！#还是算了吧，我觉得我不行。\"/fork agree/friendship Clint -500/speak Clint \"啊……#$b#好吧……$2\"/speak Clint \"我是真心希望它能被翻译出来……$2\"/speak Clint \"诶……#$b#既然你这么说了，我也不能勉强你。\"/pause 400/emote Clint 12/pause 400/speak Clint \"不过，你拿着它总可以吧！$3\"/pause 500/itemAboveHead/playSound getNewSpecialItem/addCraftingRecipe Copper Crucible/pause 800/message \"你学会了如何制作铜熔炉！\"/pause 1000/speak Clint \"现在你就有充分的理由翻译它了！$3\"/speak Clint \"大功告成……#$b#下次见！$3\"/end",
            

		"agree": "pause 300/jump Clint 8/speak Clint \"……真的？#$b#谢谢你！$h\"/friendship Clint 250/pause 200/speak Clint \"我已经把它拿来了。\"/pause 500/itemAboveHead/playSound getNewSpecialItem/pause 800/globalFade 0.007/globalFadeToClear 0.007/speak Clint \"嗯……#$b#所以这是某种机器的图纸？#$b#确实很有可能……\"/pause 200/speak Clint \"这又是什么……？#$b#底部刻的是谜语吗？\"/message \"“放入闪亮的石头和铜矿，你将不再贫穷。”\"/speak Clint \"哇塞……？！#$b#你好像猜对了！$h\"/pause 300/speak Clint \"按照它的要求，我店里还缺少了一些石头。#$b#如果你能找些石头给我，我就把这份图纸的副本给你。[quest:StoneForClint Destroyer.TTTquests]\"/pause 300/emote farmer 32/pause 300/speak Clint \"这大概是我唯一能给你的谢礼了，感谢你尽心尽力地帮助我。\"/pause 200/speak Clint \"好了，快出发吧。#$b#早去早回！\"/end"


		},

		"When": {"HasMod|contains=FlashShifter.SVECode": false},
	},

	{

		"Action": "EditData",
		"Target": "Data/Events/Blacksmith",
		"Entries": 
 
		{
		
		"14308671/n DwarvenBlueprint/f Clint 1000": "50s/7 11/farmer 5 19 0 Clint 10 13 0/skippable/pause 500/move farmer 0 -6 0/move farmer 3 0 1/pause 500/faceDirection Clint 3/speak Clint \"你好，@。#$b#欢迎你再次光临我的店铺。$h\"/speak Clint \"我一直想问你，你用那份图纸做出铜熔炉了吗？\"/question fork0 \"#我做出来了。#还没有。\"/fork yes/speak Clint \"噢噢噢——#$b#那你也知道他能生产铜珠宝了吧？！\"/pause 400/emote farmer 16/pause 400/speak Clint \"……啊……#$b#抱歉，我忘了这是给你的惊喜。$s\"/pause 400/emote farmer 12/pause 400/speak Clint \"说实话，那份手稿待在我店里那么多年，我却从来没搞懂过它的内容。\"/speak Clint \"以前我觉得，能成为发现它的人是非常非常幸运的。#$b#但现在我对此感到犹疑。\"/speak Clint \"刚开始，我为能制作和出售珠宝而兴奋无比，但现在已经没有这种激情了。#$b#我几乎把所有的时间都花在了寻找宝石和应付越来越多的新客户上。#$b#这些光是听起来就让人精疲力尽！$4\"/pause 300/speak Clint \"尽管我不想只当一个普通的铁匠，但我确实喜欢这份职业带来的简单的生活。#$b#没有人告诉我该做什么，该去哪里，我可以按照自己的节奏工作。#$b#在这里，只有我和我的石头。我喜欢这样！$h\"/pause 300/speak Clint \"回到刚才说的，#$b#等你亲自使用铜熔炉后，就会发现它的操作其实很简单。#$b#你只需要往机器里丢3块铜矿石，再加上1块水晶或矿石。\"/speak Clint \"每次制作所需的时间完全取决于你放入的矿石种类。#$b#越贵重的矿石，熔炉工作的时间就越长。\"/speak Clint \"可以了，就这么简单！$h\"/pause 200/speak Clint \"再次感谢你愿意帮我翻译手稿。$h#$b#我知道我大概不会再用它了，但能亲眼见识一台矮人设计的机器真是太棒了。\"/speak Clint \"真好奇他们是怎么把这个秘密保守这么久的？#$b#如果他们真的那么聪明，那后来到底发生了什么，他们现在又去了哪里？\"/pause 500/emote farmer 8/pause 500/speak Clint \"不管是什么原因，我很高兴能帮到你。#$b#毕竟你的农场经营得越成功，我们的小镇就越繁华！$h\"/pause 400/emote farmer 32/pause 400/speak Clint \"顺便一提，你有兴趣买下我的铜熔炉吗？#$b#我现在不需要它了，就算哪天回心转意，也完全可以再做一个。\"/speak Clint \"我可以2000g卖给你。\"/quickQuestion #不用了，谢谢。#好啊。(break)speak Clint \"好吧，没关系。\"(break)speak Clint \"太好了！\"\\money -2000\\pause 200\\speak Clint \"我今天就把它寄给你，大概明天能收到。\"\\mail ShippedCrucible(break)/pause 200/speak Clint \"我该回去工作了。#$b#谢谢你买下它，和你聊天真的很开心。$h\"/end dialogueWarpOut Clint \"对了……既然你要制作珠宝，那是不是就不会再卖我那些你在矿井里发现的矿石了？#$b#还是不要这样吧……$2\"",
		

		"yes": "speak Clint \"很好！！\"/speak Clint \"那你用它制作出东西了吗？！\"/question fork0 \"#是的。#还没有。\"/fork no/pause 100/speak Clint \"成果很正奋人心对吧！！$h\"/speak Clint \"说实话，那份手稿待在我店里那么多年，我却从来没搞懂过它的内容。\"/speak Clint \"以前我觉得，能成为发现它的人是非常非常幸运的。#$b#但现在我对此感到犹疑。\"/speak Clint \"刚开始，我为能制作和出售珠宝而兴奋无比，但现在已经没有这种激情了。#$b#我几乎把所有的时间都花在了寻找宝石和应付越来越多的新客户上。#$b#这些光是听起来就让人精疲力尽！$4\"/pause 300/speak Clint \"尽管我不想只当一个普通的铁匠，但我确实喜欢这份职业带来的简单的生活。#$b#没有人告诉我该做什么，该去哪里，我可以按照自己的节奏工作。#$b#没有人告诉我该做什么，该去哪里，我可以按照自己的节奏工作。#$b#在这里，只有我和我的石头。我喜欢这样！$h\"/pause 200/speak Clint \"但不管怎样，#$b#既然你已经知道这台机器是如何工作的，我就给你最后一条建议。\"/speak Clint \"每次制作所需的时间完全取决于你放入的矿石种类。#$b#越贵重的矿石，熔炉工作的时间就越长。\"/speak Clint \"可以了，就这么简单！$h\"/pause 300/speak Clint \"再次感谢你愿意帮我翻译手稿。$h#$b#我知道我大概不会再用它了，但能亲眼见识一台矮人设计的机器真是太棒了。\"/speak Clint \"真好奇他们是怎么把这个秘密保守这么久的？#$b#如果他们真的那么聪明，那后来到底发生了什么，他们现在又去了哪里？\"/pause 500/emote farmer 8/pause 500/speak Clint \"不管是什么原因，我很高兴能帮到你。#$b#毕竟你的农场经营得越成功，我们的小镇就越繁华！$h\"/pause 400/emote farmer 32/pause 400/speak Clint \"顺便一提，你有兴趣买下我的铜熔炉吗？#$b#我现在不需要它了，就算哪天回心转意，也完全可以再做一个。\"/speak Clint \"我可以2000g卖给你。\"/quickQuestion #不用了，谢谢。#好啊。(break)speak Clint \"好吧，没关系。\"(break)speak Clint \"太好了！$h\"\\money -2000\\pause 200\\speak Clint \"我今天就把它寄给你，大概明天能收到。\"\\mail ShippedCrucible(break)/pause 200/speak Clint \"我该回去工作了。#$b#谢谢你买下它，和你聊天真的很开心。$h\"/end dialogueWarpOut Clint \"对了……既然你要制作珠宝，那是不是就不会再卖我那些你在矿井里发现的矿石了？#$b#还是不要这样吧……$2\"",


		"no": "pause 200/speak Clint \"噢噢噢——#$b#那你还不知道它能制作铜珠宝咯？！\"/pause 400/emote farmer 16/pause 400/speak Clint \"啊……#$b#抱歉，这本来是给你的惊喜。$s\"/pause 400/emote farmer 12/pause 400/speak Clint \"说实话，那份手稿待在我店里那么多年，我却从来没搞懂过它的内容。\"/speak Clint \"以前我觉得，能成为发现它的人是非常非常幸运的。#$b#但现在我对此感到犹疑。\"/speak Clint \"刚开始，我为能制作和出售珠宝而兴奋无比，但现在已经没有这种激情了。#$b#我几乎把所有的时间都花在了寻找宝石和应付越来越多的新客户上。#$b#这些光是听起来就让人精疲力尽！$4\"/pause 300/speak Clint \"尽管我不想只当一个普通的铁匠，但我确实喜欢这份职业带来的简单的生活。#$b#没有人告诉我该做什么，该去哪里，我可以按照自己的节奏工作。#$b#在这里，只有我和我的石头。我喜欢这样！$h\"/pause 200/speak Clint \"回到刚才说的，#$b#等你亲自使用铜熔炉后，就会发现它的操作其实很简单。#$b#你只需要往机器里丢3块铜矿石，再加上1块水晶或矿石。\"/speak Clint \"每次制作所需的时间完全取决于你放入的矿石种类。#$b#越贵重的矿石，熔炉工作的时间就越长。\"/speak Clint \"可以了，就这么简单！$h\"/pause 300/speak Clint \"再次感谢你愿意帮我翻译手稿。$h#$b#我知道我大概不会再用它了，但能亲眼见识一台矮人设计的机器真是太棒了。\"/speak Clint \"真好奇他们是怎么把这个秘密保守这么久的？#$b#如果他们真的那么聪明，那后来到底发生了什么，他们现在又去了哪里？\"/pause 500/emote farmer 8/pause 500/speak Clint \"不管是什么原因，我很高兴能帮到你。#$b#毕竟你的农场经营得越成功，我们的小镇就越繁华！$h\"/pause 400/emote farmer 32/pause 400/speak Clint \"顺便一提，你有兴趣买下我的铜熔炉吗？#$b#我现在不需要它了，就算哪天回心转意，也完全可以再做一个。\"/speak Clint \"我可以2000g卖给你。\"/quickQuestion #不用了，谢谢。#好啊。(break)speak Clint \"好吧，没关系。\"(break)speak Clint \"太好了！$h\"\\money -2000\\pause 200\\speak Clint \"我今天就把它寄给你，大概明天能收到。\"\\mail ShippedCrucible(break)/pause 200/speak Clint \"我该回去工作了。#$b#谢谢你买下它，和你聊天真的很开心。$h\"/end dialogueWarpOut Clint \"对了……既然你要制作珠宝，那是不是就不会再卖我那些你在矿井里发现的矿石了？#$b#还是不要这样吧……$2\""
		
		}
	},

//STEEL CRUCIBLE

	{
		"Action": "EditData",
		"Target": "Data/Events/FarmHouse",
		"Entries": 

		{
	
	"14308672/t 2300 2600/e 14308671/f Dwarf 750/y 2/r 0.2": "Of Dwarves/-1000 -1000/farmer 3 10 2 Dwarf 5 10 2/pause 1500/changeLocation Town/viewport 68 50/pause 2500/warp Dwarf 68 38 2/speed Dwarf 5/move Dwarf 0 8 0/pause 700/speed Dwarf 5/move Dwarf 0 8 2/pause 500/faceDirection Dwarf 3/pause 200/faceDirection Dwarf 1/pause 300/speed Dwarf 5/move Dwarf -3 0 3/speed Dwarf 5/move Dwarf 0 -7 0/speed Dwarf 5/move Dwarf -3 0 2/pause 200/playSound openChest/pause 2750/speed Dwarf 5/move Dwarf 3 0 1/speed Dwarf 5/move Dwarf 0 7 2/pause 500/faceDirection Dwarf 3/pause 200/faceDirection Dwarf 1/pause 300/speed Dwarf 5/move Dwarf -14 0 3/fade/viewport 35 51/speed Dwarf 5/move Dwarf -2 0 3/pause 400/faceDirection Dwarf 0/pause 200/faceDirection Dwarf 2/pause 300/speed Dwarf 5/move Dwarf 0 -6 0/speed Dwarf 5/move Dwarf -3 0 0/pause 800/playSound Lock/pause 800/emote Dwarf 12/pause 400/speed Dwarf 5/move Dwarf 2 0 1/speed Dwarf 5/move Dwarf 0 10 2/pause 400/speed Dwarf 5/move Dwarf -4 0 3/speed Dwarf 5/move Dwarf 0 -1 0/pause 800/playSound Lock/pause 800/emote Dwarf 12/pause 300/speed Dwarf 5/move Dwarf 0 1 2/speed Dwarf 5/move Dwarf -8 0 3/speed Dwarf 5/move Dwarf 0 -2 0/pause 800/playSound doorOpen/warp Dwarf -1000 -1000 2/pause 2500/playSound potterySmash/playSound potterySmash/pause 1500/playSound doorOpen/faceDirection Dwarf 2/warp Dwarf 36 56 2/pause 500/speed Dwarf 5/move Dwarf 0 2 2/pause 100/faceDirection Dwarf 3/faceDirection Dwarf 1/pause 100/speed Dwarf 5/move Dwarf -11 0 3/speed Dwarf 5/move Dwarf 0 -3 0/speed Dwarf 5/move Dwarf -9 0 3/globalFade/viewport -1000 -1000/changeLocation Farm/warp Dwarf 112 42 0/viewport 104 49/pause 500/speed Dwarf 5/move Dwarf 0 10 2/faceDirection Dwarf 3/pause 300/speed Dwarf 5/move Dwarf -5 0 3/playSound owl/speed Dwarf 5/move Dwarf 0 -2 0/pause 300/emote Dwarf 16/pause 400/faceDirection Dwarf 2/pause 400/faceDirection Dwarf 3/pause 400/faceDirection Dwarf 1/pause 400/faceDirection Dwarf 2/pause 800/emote Dwarf 8/pause 400/playSound doorOpen/warp farmer 95 49/pause 200/emote farmer 8/faceDirection Dwarf 3/emote Dwarf 16/pause 400/faceDirection farmer 3/pause 300/faceDirection farmer 1/jump farmer 5/jump Dwarf 5/pause 400/speed Dwarf 6/move Dwarf 0 2 2/speed Dwarf 6/move Dwarf 5 0 1/speed Dwarf 6/move Dwarf 0 -14 0/pause 500/faceDirection farmer 2/pause 500/emote farmer 8/pause 600/playSound owl/faceDirection farmer 0/pause 500/playSound doorClose/end"

		},

		"When": {"HasMod|contains=FlashShifter.SVECode": true},
	},

	{
		"Action": "EditData",
		"Target": "Data/Events/FarmHouse",
		"Entries": 

		{
	
	"14308672/t 2300 2600/e 14308671/f Dwarf 750/y 2/r 0.2": "Of Dwarves/-1000 -1000/farmer 3 10 2 Dwarf 5 10 2/pause 1500/changeLocation Town/viewport 67 53/pause 2000/warp Dwarf 67 42 2/speed Dwarf 5/move Dwarf 0 6 0/pause 700/speed Dwarf 5/move Dwarf 0 6 2/pause 500/faceDirection Dwarf 3/pause 200/faceDirection Dwarf 1/pause 200/faceDirection Dwarf 2/pause 300/speed Dwarf 5/move Dwarf 0 4 3/speed Dwarf 5/move Dwarf -9 0 0/pause 200/playSound openChest/pause 2750/speed Dwarf 5/move Dwarf 3 0 1/speed Dwarf 5/move Dwarf 0 -4 0/pause 500/faceDirection Dwarf 3/pause 200/faceDirection Dwarf 1/pause 300/speed Dwarf 5/move Dwarf -11 0 3/fade/viewport 40 51/pause 300/speed Dwarf 5/move Dwarf -1 0 3/pause 400/faceDirection Dwarf 2/pause 300/faceDirection Dwarf 0/pause 300/faceDirection Dwarf 2/pause 300/speed Dwarf 5/move Dwarf 0 3 0/speed Dwarf 5/move Dwarf -5 0 0/faceDirection Dwarf 0/pause 200/playSound Lock/pause 800/emote Dwarf 12/pause 300/speed Dwarf 5/move Dwarf -8 0 3/speed Dwarf 5/move Dwarf 0 -1 0/pause 800/playSound doorOpen/warp Dwarf -1000 -1000 2/pause 2500/playSound potterySmash/playSound potterySmash/pause 1500/playSound doorOpen/faceDirection Dwarf 2/warp Dwarf 36 56 2/pause 500/speed Dwarf 5/move Dwarf 0 1 2/pause 100/faceDirection Dwarf 3/faceDirection Dwarf 1/pause 100/speed Dwarf 5/move Dwarf -11 0 3/speed Dwarf 5/move Dwarf 0 -2 0/speed Dwarf 5/move Dwarf -4 0 3/globalFade/viewport -1000 -1000/changeLocation Farm/warp Dwarf 79 17 0/viewport 64 15/pause 300/speed Dwarf 5/move Dwarf -7 0 3/playSound owl/speed Dwarf 5/move Dwarf 0 -2 0/pause 300/emote Dwarf 16/pause 400/faceDirection Dwarf 2/pause 400/faceDirection Dwarf 3/pause 400/faceDirection Dwarf 2/pause 800/emote Dwarf 8/pause 500/playSound doorOpen/warp farmer 64 15 2/pause 200/emote farmer 8/faceDirection Dwarf 3/emote Dwarf 16/pause 400/faceDirection farmer 3/pause 300/faceDirection farmer 1/jump farmer 5/jump Dwarf 5/pause 400/speed Dwarf 6/move Dwarf 0 2 2/speed Dwarf 6/move Dwarf 7 0 1/warp Dwarf -1000 -1000/pause 500/faceDirection farmer 2/pause 500/emote farmer 8/pause 600/playSound owl/faceDirection farmer 0/pause 500/end"

		},

		"When": {"HasMod|contains=FlashShifter.SVECode": false},
	},
	
	{
		"Action": "EditData",
		"Target": "Data/Events/Mine",
		"Entries": 

		{
	
	"14308673/e 14308672": "Of Dwarves/42 8/farmer 22 8 1 Dwarf 43 6 2/pause 1200/advancedMove farmer false 21 0/pause 7500/textAboveHead Dwarf \"啊？！噢……\"/pause 3250/faceDirection farmer 0/pause 400/emote farmer 12/pause 800/speak Dwarf \"好吧，我承认。#$b#那天晚上在你农场的是我。\"/speak Dwarf \"我不是故意让你看到的，我是在找东西。\"/pause 400/emote farmer 8/pause 400/speak Dwarf \"有天晚上我跑出来散步，听到两个人类在窃窃私语。#$b#其中一个在说能制造铜珠宝的矮人机器，另一个提到了你的农场。\"/speak Dwarf \"我不得不怀疑你在矿井里发现了一些可能不该让你发现的东西……#$b#……一些我很久之前弄丢了的。\"/speak Dwarf \"所以我趁着夜晚跑来你农场一探究竟。\"/speak Dwarf \"我有想过直接去问你，但没想到是以这种方式……\"/pause 400/speak Dwarf \"但既然已经提到了，你介意我现在问吗？\"/speak Dwarf \"你的农场里有能制造铜珠宝的矮人机器吗？\"/quickQuestion #是的，但和你有什么关系？#是的，很抱歉，我没想到它是你的。(break)friendship Dwarf -100\\emote Dwarf 12\\speak Dwarf \"哈，就凭我是矮人，而且图纸被你捡到前就是我的！\"\\speak Dwarf \"不过，别担心，我没打算收回它。#$b#毕竟是我自己弄丢的，它现在已经属于你。\"(break)friendship Dwarf 100\\pause 200\\emote Dwarf 20\\pause 200\\speak Dwarf \"感谢你的体贴，但是没关系，你拿着吧。\"\\speak Dwarf \"毕竟是我自己弄丢的，它现在已经属于你。\"(break)/pause 200/speak Dwarf \"我只希望你能意识到自己有多幸运！#$b#那份图纸是矮人族的秘密！\"/speak Dwarf \"不过，如果注定有人类会发现它，我很庆幸是你。\"/pause 300/emote farmer 32/pause 300/speak Dwarf \"和大部分人类不同，你很擅长挖矿。\"/speak Dwarf \"虽然矮人更好，但我相信你也能和我一起保守秘密。\"/pause 2600/emote farmer 8/pause 500/speak Dwarf \"因为我想起了另一件事……\"/speak Dwarf \"我那里有比你手上的机器更加高级的机器图纸。\"/speak Dwarf \"作为矮人族仅存的遗迹，我一直把它们秘密的藏起来。#$b#我从来没使用过那些图纸，因为它们容易吸引太多的好奇和贪婪。\"/speak Dwarf \"至于你……#$b#你似乎不介意成为人群的焦点。#$b#那些人类总是向你寻求帮助，三天两头去拜访你的农场。\"/speak Dwarf \"说不定你比我更适合使用它们？\"/speak Dwarf \"这可比图纸被藏起来直到世人忘记我族的功绩要好。\"/pause 300/speak Dwarf \"行吧，那就让我在与你分享一个矮人族的秘密。\"/pause 400/emote farmer 32/pause 400/speak Dwarf \"我那里有另一份图纸，是一台用铁矿石制造钢珠宝的机器。#$b#比铜的好一点，对吧？\"/speak Dwarf \"不过你这次可不会幸运到从我手上白拿它。#$b#我不会再犯那种错误了！\"/pause 200/speak Dwarf \"让我想想……#$b#卖你25,000g如何？\"/pause 200/emote farmer 16/pause 200/speak Dwarf \"别担心，如果你现在付不起，可以等以后赚够了钱再来我店铺买。\"/speak Dwarf \"考虑到你的技能，我想不会花太长时间的。\"/pause 400/speak Dwarf \"很好，就这样吧！和你聊天真愉快。#$b#欢迎随时来店里坐坐。#$b#祝你好运！\"/end dialogue Dwarf \"你来了啊，是想买图纸吗？\"" 
 
		}
	},

//GOLD CRUCIBLE

	{
		"Action": "EditData",
		"Target": "Data/Events/Mine",
		"Entries": 

		{
	
	"14308674/e 14308673/y 3/f Dwarf 1500/r 0.3": "Of Dwarves/42 8/farmer 22 8 1 Dwarf 43 6 2/pause 1000/advancedMove farmer false 21 0/pause 10800/faceDirection farmer 0/speak Dwarf \"你好，@。#$b#我们又见面了。\"/speak Dwarf \"我一直有留心观察你，你比我们初次见面时进步了不少。\"/speak Dwarf \"我觉得你已经有资格知晓最后一个秘密了。\"/pause 400/emote farmer 32/pause 400/speak Dwarf \"你应该也猜到了，下一份图纸是能用金矿石制作金珠宝的机器。#$b#我族称之为黄金熔炉.\"/pause 200/speak Dwarf \"我知道……#$b#……这个名字听起来很土吧？\"/pause 400/speak Dwarf \"总之，看在它如此罕见而珍贵的份上，我最少也要卖你50,000g。\"/pause 100/jump farmer 4/pause 800/speak Dwarf \"我知道要价很高，但我保证只要你买下它，很快就能回本。\"/speak Dwarf \"和之前一样，如果你现在不够钱，可以等赚够了再来买。\"/pause 400/speak Dwarf \"那就这么定了，我的要价没有吓到你吧？#$b#我很喜欢和你聊天，希望你能快点来找我。\"/speak Dwarf \"再见，祝你好运！\"/end"    
 
		}
	},

//IRIDIUM CRUCIBLE

	
	{
		"Action": "EditData",
		"Target": "Data/Events/FarmHouse",
		"Entries": 

		{
	
	"14308675/t 2300 2600/e 14308674/y 4/f Dwarf 2500/r 0.5": "50s/-1000 -1000/farmer 3 11 0 Dwarf -100 -100 0/faceDirection farmer 2/pause 1500/playSound DoorKnock/pause 1000/globalFade/playSound doorOpen/changeLocation Farm/warp farmer 95 49 2/warp Dwarf 95 50 0/viewport 95 49/playMusic Of Dwarves/pause 1500/speak Dwarf \"你好，@。\"/speak Dwarf \"希望没有吓到你，我一直躲在灌木丛里等你回家。\"/speak Dwarf \"我知道现在很晚了，但我有重要的话必须当面告诉你。\"/pause 400/speak Dwarf \"@，在认识你之前，我一直一个人生活，一个人工作，不和任何人说话——永远一个人待着。#$b#孑然一身能给我安全感，也带来了无止境的孤独。\"/speak Dwarf \"然后你出现了，我第一次感受到来自外族的善意。\"/speak Dwarf \"你也表现出了对矿石的热爱，强大的能力和采矿精神。不得不说，你在这方面几乎与我旗鼓相当。\"/speak Dwarf \"你让我感觉自己找到了志趣相投的朋友。#$b#你不是矮人，身体里却有颗矮人的心。\"/pause 400/emote farmer 32/pause 400/speak Dwarf \"为了表示我对你的赞赏和钦佩，我决定给你一个机会来购买我族最珍贵最喜爱的秘密。#$b#一份铱熔炉的图纸。\"/speak Dwarf \"顾名思义，它能用铱矿石制造出完美无瑕的铱珠宝。\"/speak Dwarf \"这是秘密中的秘密，从没有向任何外族透露过，所以我希望你能理解它的成本和价值远远超过了我之前出售的任何东西。\"/pause 400/speak Dwarf \"考虑到这一点，我的要价不能以低于100,000g。\"/pause 400/jump farmer 5/pause 400/speak Dwarf \"和之前一样，我会一直守在店里，你随时可以过来买。\"/speak Dwarf \"感谢你花时间听我说那么多。#$b#@，下次再见，晚安。\"/pause 1000/faceDirection farmer 0/pause 600/playSound doorClose/end"    
 
		},

		"When": {"HasMod|contains=FlashShifter.SVECode": true},
	},

	{
		"Action": "EditData",
		"Target": "Data/Events/FarmHouse",
		"Entries": 

		{
	
	"14308675/t 2300 2600/e 14308674/y 4/f Dwarf 2500/r 0.5": "50s/-1000 -1000/farmer 3 11 0 Dwarf -100 -100 0/faceDirection farmer 2/pause 1500/playSound DoorKnock/pause 1000/globalFade/playSound doorOpen/changeLocation Farm/warp farmer 64 15 2/warp Dwarf 64 16 0/viewport 64 15/playMusic Of Dwarves/pause 1500/speak Dwarf \"你好，@。\"/speak Dwarf \"希望没有吓到你，我一直躲在灌木丛里等你回家。\"/speak Dwarf \"我知道现在很晚了，但我有重要的话必须当面告诉你。\"/pause 400/speak Dwarf \"@，在认识你之前，我一直一个人生活，一个人工作，不和任何人说话——永远一个人待着。#$b#孑然一身能给我安全感，也带来了无止境的孤独。\"/speak Dwarf \"然后你出现了，我第一次感受到来自外族的善意。\"/speak Dwarf \"你也表现出了对矿石的热爱，强大的能力和采矿精神。不得不说，你在这方面几乎与我旗鼓相当。\"/speak Dwarf \"你让我感觉自己找到了志趣相投的朋友。#$b#你不是矮人，身体里却有颗矮人的心。\"/pause 400/emote farmer 32/pause 400/speak Dwarf \"为了表示我对你的赞赏和钦佩，我决定给你一个机会来购买我族最珍贵最喜爱的秘密。#$b#一份铱熔炉的图纸。\"/speak Dwarf \"顾名思义，它能用铱矿石制造出完美无瑕的铱珠宝。\"/speak Dwarf \"这是秘密中的秘密，从没有向任何外族透露过，所以我希望你能理解它的成本和价值远远超过了我之前出售的任何东西。\"/pause 400/speak Dwarf \"考虑到这一点，我的要价不能以低于100,000g。\"/pause 400/jump farmer 5/pause 400/speak Dwarf \"和之前一样，我会一直守在店里，你随时可以过来买。\"/speak Dwarf \"感谢你花时间听我说那么多。#$b#@，下次再见，晚安。\"/pause 1000/faceDirection farmer 0/pause 600/playSound doorClose/end"    
 
		},

		"When": {"HasMod|contains=FlashShifter.SVECode": false},
	},

//ENCHANTING TABLE OF LIGHT
	
	{
		"Action": "EditData",
		"Target": "Data/Events/WizardHouse",
		"Entries": 

		{
	
	"14308676/n WizardsInvitation": "WizardSong/7 17/farmer 8 28 0 Wizard 2 17 3/pause 1200/advancedMove Wizard false 1 0 0 2 2 2500 0 -2 -1 0/pause 1200/move farmer 0 -11 0/move farmer -4 0 3/pause 500/faceDirection Wizard 1/speak Wizard \"啊，@！#$b#感谢你总算来了。\"/speak Wizard \"我请你过来是为了谈谈你制作出的珠宝。\"/speak Wizard \"据我多年的研究，能如此精细的处理金属和矿物一直被认为是古代矮人和精灵的技术。#$b#我从未听说人类掌握了这样的技术。\"/speak Wizard \"看来你和矮人相处的非常融洽，是吧？\"/pause 1000/emote farmer 40/pause 600/speak Wizard \"既然如此，你就必须保守秘密。#$b#我对你是怎么学会制作这种珠宝的并不感兴趣。#$b#我只好奇这些珠宝本身。\"/speak Wizard \"为了研究奥术，我读了很多古籍，其中就有给珠宝附魔的文献。#$b#那份文献描述了一台具有庞大力量的机器，只要正确操作，就能改变金属的属性并使其充满魔力。\"/speak Wizard \"遗憾的是，那份文献里没有提到如何建造这台机器。#$b#它只经常提到了光、影和火焰。\"/pause 300/speak Wizard \"@，我相信这些遗失的智慧仍然存在于某个角落，或在被遗忘或误解的文献中，它们正等待着被发现。\"/speak Wizard \"我请你过来是想问，你是否愿意当我的助手，帮助我找回那些遗失的智慧？\"/speak Wizard \"作为交换，我承诺与你分享我们收集到的一切内容。\"/speak Wizard \"你愿意帮我这个忙吗？\"/question null \"#我很乐意。\"/speak Wizard \"太好了！\"/pause 300/speak Wizard \"虽然我没法告诉你具体去哪找，但如果你看见它，一定不会错过的。#$b#在我能给你更多消息之前，只需睁大眼睛，保持头脑清醒。\"/speak Wizard \"祝你好运。#$b#这会是场快乐的狩猎。\"/pause 400/end warpOut", 
 	
	
	"14308677/e 14308676/i {{spacechase0.JsonAssets/ObjectId: Light of the Elementals}}": "WizardSong/7 17/farmer 8 28 0 Wizard -1000 -1000 3/pause 500/move farmer 0 -11 0/pause 200/faceDirection farmer 3/pause 1200/emote farmer 8/pause 1000/playSound wand/screenFlash 2.5/warp Wizard 10 17/pause 200/speak Wizard \"欢迎你，@！\"/jump farmer 6/pause 500/faceDirection farmer 1/speak Wizard \"啊……抱歉。#$b#我忘了你们有多怕这些。\"/pause 200/speak Wizard \"我能为你做什么吗？\"/pause 500/animate farmer false true 500 35/removeItem {{spacechase0.JsonAssets/ObjectId: Light of the Elementals}}/pause 400/speak Wizard \"这是什么……？#$b#……一本书？\"/speak Wizard \"《光之元素》？\"/pause 500/emote Wizard 16/speak Wizard \"噢噢噢——！#$b#这就是我让你找的吗？！\"/speak Wizard \"请快让我看看。\"/pause 700/animate Wizard true true 500 19/stopAnimation farmer 6/pause 8000/stopAnimation Wizard 12/pause 400/speak Wizard \"很好，从我翻到的内容来看，这本书里至少也有和目标相关的神秘智慧！\"/pause 300/speak Wizard \"@，这太振奋人心了！#$b#感谢你把它带给我！\"/speak Wizard \"我需要花点时间才能看完它，但我保证无论知道了什么都会一并告诉你。\"/speak Wizard \"如果它真的记载了那台附魔机器的图纸，你也将理所当然地拥有它。\"/pause 300/emote farmer 32/pause 300/speak Wizard \"毕竟我没有兴趣从这种努力中获得任何物质回报。#$b#我所追求的是对自然世界之外一切事物的理解。\"/pause 200/speak Wizard \"再次感谢你，@。#$b#我会再和你联系的。\"/pause 800/playSound wand/screenFlash 2.5/warp Wizard -1000 -1000 3/pause 500/jump farmer 6/pause 500/faceDirection farmer 3/pause 200/faceDirection farmer 1/pause 500/faceDirection farmer 2/pause 600/emote farmer 12/pause 600/move farmer 0 11 2/end invisibleWarpOut Wizard",  

		},

		"When": {"HasMod|contains=FlashShifter.SVECode": true},
	},

	{
		"Action": "EditData",
		"Target": "Data/Events/WizardHouse",
		"Entries": 

		{
	
	"14308676/n WizardsInvitation": "WizardSong/7 16/farmer 8 24 0 Wizard 2 17 3/advancedMove Wizard false 1 0 0 2 2 2500 0 -2 -1 0/pause 1200/move farmer 0 -7 0/move farmer -4 0 3/pause 500/faceDirection Wizard 1/speak Wizard \"啊，@！#$b#感谢你总算来了。\"/speak Wizard \"我请你过来是为了谈谈你制作出的珠宝。\"/speak Wizard \"据我多年的研究，能如此精细的处理金属和矿物一直被认为是古代矮人和精灵的技术。#$b#我从未听说人类掌握了这样的技术。\"/speak Wizard \"看来你和矮人相处的非常融洽，是吧？\"/pause 1000/emote farmer 40/pause 600/speak Wizard \"既然如此，你就必须保守秘密。#$b#我对你是怎么学会制作这种珠宝的并不感兴趣。#$b#我只好奇这些珠宝本身。\"/speak Wizard \"为了研究奥术，我读了很多古籍，其中就有给珠宝附魔的文献。#$b#那份文献描述了一台具有庞大力量的机器，只要正确操作，就能改变金属的属性并使其充满魔力。\"/speak Wizard \"遗憾的是，那份文献里没有提到如何建造这台机器。#$b#它只经常提到了光、影和火焰。\"/pause 300/speak Wizard \"@，我相信这些遗失的智慧仍然存在于某个角落，或在被遗忘或误解的文献中，它们正等待着被发现。\"/speak Wizard \"我请你过来是想问，你是否愿意当我的助手，帮助我找回那些遗失的智慧？\"/speak Wizard \"作为交换，我承诺与你分享我们收集到的一切内容。\"/speak Wizard \"你愿意帮我这个忙吗？\"/question null \"#我很乐意。\"/speak Wizard \"太好了！\"/pause 300/speak Wizard \"虽然我没法告诉你具体去哪找，但如果你看见它，一定不会错过的。#$b#在我能给你更多消息之前，只需睁大眼睛，保持头脑清醒。\"/speak Wizard \"祝你好运。#$b#这会是场快乐的狩猎。\"/pause 400/end warpOut", 
 	
	
	"14308677/e 14308676/i {{spacechase0.JsonAssets/ObjectId: Light of the Elementals}}": "WizardSong/7 16/farmer 8 24 0 Wizard -1000 -1000 3/move farmer 0 -7 0/pause 200/faceDirection farmer 3/pause 1200/emote farmer 8/pause 1000/playSound wand/screenFlash 2.5/warp Wizard 10 17/pause 200/speak Wizard \"欢迎你，@！\"/jump farmer 6/pause 500/faceDirection farmer 1/speak Wizard \"啊……抱歉。#$b#我忘了你们有多怕这些。\"/pause 200/speak Wizard \"我能为你做什么吗？\"/pause 500/animate farmer false true 500 35/removeItem {{spacechase0.JsonAssets/ObjectId: Light of the Elementals}}/pause 400/speak Wizard \"这是什么……？#$b#……一本书？\"/speak Wizard \"《光之元素》？\"/pause 500/emote Wizard 16/speak Wizard \"噢噢噢——！#$b#这就是我让你找的吗？！\"/speak Wizard \"请快让我看看。\"/pause 700/animate Wizard true true 500 19/stopAnimation farmer 6/pause 8000/stopAnimation Wizard 12/pause 400/speak Wizard \"很好，从我翻到的内容来看，这本书里至少会有和目标相关的神秘智慧！\"/pause 300/speak Wizard \"@，这太振奋人心了！#$b#感谢你把它带给我！\"/speak Wizard \"我需要花点时间才能看完它，但我保证无论知道了什么都会一并告诉你。\"/speak Wizard \"如果它真的记载了那台附魔机器的图纸，你也将理所当然地拥有它。\"/pause 300/emote farmer 32/pause 300/speak Wizard \"毕竟我没有兴趣从这种努力中获得任何物质回报。#$b#我所追求的是对自然世界之外一切事物的理解。\"/pause 200/speak Wizard \"再次感谢你，@。#$b#我会再和你联系的。\"/pause 800/playSound wand/screenFlash 2.5/warp Wizard -1000 -1000 3/pause 500/jump farmer 6/pause 500/faceDirection farmer 3/pause 200/faceDirection farmer 1/pause 500/faceDirection farmer 2/pause 600/emote farmer 12/pause 600/move farmer 0 7 2/end invisibleWarpOut Wizard",  

		},

		"When": {"HasMod|contains=FlashShifter.SVECode": false},
	},

	{
		"Action": "EditData",
		"Target": "Data/Events/Farm",
		"Entries": 

		{

	"14308678/f Wizard 750/y 2/z spring/u 8/e 14308673/x WizardsInvitation": "null",
	"14308679/e 14308677/u 8/x WizardsGift": "null",
	"14308680/e 14308679/x WizardsGift2": "null"

		}
	},

//ENCHANTING TABLE OF SHADOW

	{
		"Action": "EditData",
		"Target": "Data/Events/WizardHouse",
		"Entries": 

		{
	
	"14308681/i {{spacechase0.JsonAssets/ObjectId: Shadows of the Underworld}}": "WizardSong/-500 -500/farmer -1000 -1000 2 Wizard -1000 -1000 1/pause 400/playSound stairsdown/addTemporaryActor Ghost 16 24 -100 -100 2 true Monster/changeLocation Custom_WizardBasement/warp Wizard 21 6 1/warp farmer 4 4 2/warp Ghost 23 6 2/viewport 14 9/animate Ghost false true 200 0 1 2 3/pause 400/advancedMove farmer false 0 5 3 2850 0 4 7 0 4 2850 4 0 0 -7 1 15000/pause 2000/textAboveHead Wizard \"Magicus Arcanus!\"/pause 4500/textAboveHead Wizard \"Da Mihi Potentia!\"/pause 4000/emote Wizard 12/pause 800/move Wizard -2 0 3/move Wizard 0 -1 0/pause 2250/emote Wizard 16/pause 500/move Wizard 0 1 2/move Wizard 2 0 1/pause 200/startJittering/jump farmer 4/textAboveHead Wizard \"Tempus Procedi!\"/stopAnimation Ghost 0/pause 1000/playSound ghost/animate Ghost false false 150 16 16 17 17 18 18 19 19/pause 600/warp Ghost -1000 -1000 2/stopJittering/pause 2000/emote Wizard 32/pause 800/faceDirection Wizard 3/pause 300/move Wizard -4 0 3/pause 300/speak Wizard \"啊，@，你好！#$b#不用害怕，我只是在超度一个灵魂。\"/stopAdvancedMoves/speak Wizard \"虽然花了不少时间，但我最终找到了一个有效的咒语。\"/speak Wizard \"那些可怜的、不安的灵魂，全都充满了愤怒和仇恨。#$b#空闲的时候，我也会帮他们获得平静，毕竟它们游荡人间可能会造成麻烦。\"/pause 200/speak Wizard \"不说这个了，你找我有事吗？\"/pause 300/animate farmer false true 500 35/pause 300/speak Wizard \"噢——你又带来了一本书！#$b#快让我看看吧！\"/pause 300/stopAnimation farmer 6/removeItem {{spacechase0.JsonAssets/ObjectId: Shadows of the Underworld}}/speak Wizard \"我先大致翻一下，你随便看看吧。\"/pause 400/animate Wizard true true 500 19/pause 800/faceDirection farmer 0/pause 500/advancedMove farmer false 0 -1 4 0 4 3500 -3 0 4 3500 -3 0 4 3500 0 1 1 4000/pause 15500/stopAnimation Wizard 12/move Wizard -2 0 3/pause 500/stopAdvancedMoves/speak Wizard \"@，好消息！#$b#这是关于另一台附魔机器的书！\"/pause 300/emote farmer 32/pause 300/speak Wizard \"这台机器的功能似乎与上一台不同。#$b#Perhaps it's one of 'The Three' I read about?\"/speak Wizard \"Well, just like last time, I'll need to go over everything in here before I can provide any concrete answers.#$b#Hopefully it won't take as long, but you can never rush these things.\"/pause 300/speak Wizard \"I don't know what you had to do to get this, but well done!\"/pause 300/emote farmer 32/pause 300/speak Wizard \"To think, long ago some witch or wizard discovered these secrets, but it's only now that we're learning about them.\"/speak Wizard \"I sure hope one day I'm able to achieve the kind of mastery over magic they must have had.\"/pause 300/speak Wizard \"Boy, just when I think I'm starting to figure things out, something like this comes along and reminds me how little I really know.#$b#It's very humbling.\"/pause 300/speak Wizard \"Anyway...#$b#...I'm sure you've got more important things to do than to listen to me prattle on all day.\"/speak Wizard \"Please, feel free to stop by my tower anytime, especially when you've got interesting things like this with you.\"/speak Wizard \"Safe travels, @.#$b#I'll be in touch.\"/globalFade/viewport -500 -500/changeLocation WizardHouse/end invisibleWarpOut Wizard", 

		},

		"When": {"HasMod|contains=FlashShifter.SVECode": true},
	},

	{
		"Action": "EditData",
		"Target": "Data/Events/WizardHouse",
		"Entries": 

		{
	
	"14308681/i {{spacechase0.JsonAssets/ObjectId: Shadows of the Underworld}}": "WizardSong/-500 -500/farmer -1000 -1000 0 Wizard -1000 -1000 1/addTemporaryActor Ghost 16 24 -100 -100 2 true Monster/warp Wizard 8 17 1/warp Ghost 10 17 2/pause 500/fade [unfade]/viewport 7 17/animate Ghost false true 200 0 1 2 3/pause 2000/textAboveHead Wizard \"Magicus Arcanus!\"/pause 5000/textAboveHead Wizard \"Da Mihi Potentia!\"/pause 4000/emote Wizard 12/pause 800/move Wizard 0 -2 0/pause 1000/move Wizard 0 4 2/pause 1000/move Wizard 0 -4 0/pause 1000/emote Wizard 16/pause 400/move Wizard 0 2 1/pause 200/warp farmer 8 24 0/playSound doorClose/pause 800/startJittering/jump farmer 4/pause 600/textAboveHead Wizard \"Tempus Procedi!\"/stopAnimation Ghost 0/pause 1000/playSound ghost/animate Ghost false false 150 16 16 17 17 18 18 19 19/pause 600/warp Ghost -1000 -1000 2/stopJittering/pause 2000/emote Wizard 32/pause 600/move farmer 0 -6 0/pause 300/faceDirection Wizard 2/pause 200/speak Wizard \"啊，@，你好！#$b#不用害怕，我只是在超度一个灵魂。\"/speak Wizard \"虽然花了不少时间，但我最终想出了一个有效的咒语。\"/speak Wizard \"那些可怜的、不安的灵魂，全都充满了愤怒和仇恨。#$b#空闲的时候，我也会帮他们获得平静，毕竟它们游荡人间可能会造成麻烦。\"/pause 200/speak Wizard \"不说这个了，你找我有事吗？\"/pause 700/showFrame 15/pause 300/speak Wizard \"噢——你又带来了一本书！#$b#快让我看看吧！\"/pause 200/removeItem {{spacechase0.JsonAssets/ObjectId: Shadows of the Underworld}}/speak Wizard \"我先大致翻一下，你随便看看吧。\"/pause 400/showFrame 12/pause 800/animate Wizard true true 500 19/faceDirection farmer 0/pause 500/advancedMove farmer false 0 1 -4 0 2 3000 -2 0 0 -5 4 3000 0 3 3 2750 1 0 1 4000/pause 15500/stopAnimation Wizard 12/warp Wizard 8 17/move Wizard -3 0 3/pause 500/stopAdvancedMoves/speak Wizard \"@，好消息！#$b#这是关于另一台附魔机器的书！\"/pause 300/emote farmer 32/pause 300/speak Wizard \"这台机器的功能似乎与上一台不同。#$b#我似乎看到上面说，它是“三台”之一？\"/speak Wizard \"好吧，和上次一样，我得把整本书看一遍才能给出答案。#$b#希望不会花太长时间，但也永远不能急于求成。\"/pause 300/speak Wizard \"我不知道你是怎么搞到这本书的，但你干的很好！\"/pause 300/emote farmer 32/pause 300/speak Wizard \"设想一下，很久以前的某个法师就发现了这些神秘，但我们直到现在才让它重见天日。\"/speak Wizard \"希望有一天我也能像他们那样精通魔法和神秘。\"/pause 300/speak Wizard \"天呐，在我以为自己开始搞清楚真相的时候，新的事情就跳出来提醒我的无知。#$b#这才能让人保持谦卑！\"/pause 300/speak Wizard \"废话还是不说了。#$b#我想你有更重要的事情要做，而不是在这里听我自言自语。\"/speak Wizard \"欢迎你随时来找我，尤其是你带着这种有趣的礼物时。\"/speak Wizard \"路上小心，@。#$b#我会再和你联系的。\"/end invisibleWarpOut Wizard", 

		},

		"When": {"HasMod|contains=FlashShifter.SVECode": false},
	},

	{
		"Action": "EditData",
		"Target": "Data/Events/Farm",
		"Entries": 

		{

	"14308682/e 14308681/d Tue Wed Thu Fri Sat Sun/r 0.2/x WizardsGift3": "null",
	"14308683/e 14308682/x WizardsGift4": "null"

		}
	},

//ENCHANTING TABLE OF FIRE

	{
      		"Action": "Load", 
	  	"Target": "Characters/GhostActor2", 
	  	"FromFile": "Assets/AddedGhosts/GhostActor2.png"
	},
	{
      		"Action": "Load",
	  	"Target": "Characters/GhostActor3", 
	  	"FromFile": "Assets/AddedGhosts/GhostActor3.png"
	},
	{
      		"Action": "Load",
	  	"Target": "Characters/GhostActor4", 
	  	"FromFile": "Assets/AddedGhosts/GhostActor4.png"
	},
	{
      		"Action": "Load",
	  	"Target": "Characters/GhostActor5", 
	  	"FromFile": "Assets/AddedGhosts/GhostActor5.png",
		"When": {"HasMod|contains=FlashShifter.SVECode": true}
	},
	{
		"Action": "EditData",
		"Target": "Data/Events/WizardHouse",
		"Entries": 

		{
	
	"14308684/i {{spacechase0.JsonAssets/ObjectId: The Eternal Flame of Yoba}}": "WizardSong/7 24/farmer 9 33 0 Wizard 7 4 2/addTemporaryActor GhostActor2 16 24 9 13 2/addTemporaryActor GhostActor3 16 24 4 16 2/addTemporaryActor GhostActor4 16 24 6 20 2/addTemporaryActor GhostActor5 16 24 9 23 2/animate GhostActor2 false true 200 0 1 2 3/animate GhostActor3 false true 200 0 1 2 3/animate GhostActor4 false true 200 0 1 2 3/animate GhostActor5 false true 200 0 1 2 3/pause 1500/jump farmer 5/pause 800/viewport move 0 -2 8200/pause 8200/viewport 7 8/pause 250/textAboveHead Wizard \"This isn't good.\"/pause 3000/viewport move 0 3 5450/pause 5450/viewport 7 24/pause 400/stopAnimation GhostActor5 0/emote GhostActor5 12/move GhostActor5 0 6 2 true/pause 1500/move farmer 0 -3 0 true/pause 1400/animate farmer false false 100 32 33 34 35/specificTemporarySprite swordswipe 9 29/playSound swordswipe/pause 250/playSound hitEnemy/pause 250/animate farmer false false 100 32 33 34 35/specificTemporarySprite swordswipe 9 29/playSound swordswipe/pause 250/playSound ghost/animate GhostActor5 false false 150 16 16 17 17 18 18 19 19/pause 600/warp GhostActor5 -1000 -1000 2/emote GhostActor4 12/pause 500/viewport move 0 -2 3600/move farmer 0 -6 0 true/pause 1000/advancedMove GhostActor4 false 3 0 0 3 2 4000/pause 2700/animate farmer false false 100 32 33 34 35/specificTemporarySprite swordswipe 9 23/playSound swordswipe/pause 250/playSound hitEnemy/pause 250/animate farmer false false 100 32 33 34 35/specificTemporarySprite swordswipe 9 23/playSound swordswipe/pause 250/playSound ghost/animate GhostActor4 false false 150 16 16 16 16 17 17 17 17/pause 500/warp GhostActor4 -1000 -1000 2/viewport 7 17/pause 400/emote GhostActor3 12 true/emote GhostActor2 12 true/pause 1200/advancedMove GhostActor3 true 3 0 0 4 1 0 2 4000/advancedMove GhostActor2 true 0 8 3 4000/move farmer 0 -3 3/move farmer -1 0 0/pause 100/emote farmer 16/pause 400/animate farmer false false 100 32 33 34 35/specificTemporarySprite swordswipe 8 20/playSound swordswipe/pause 200/playSound hitEnemy/pause 100/playSound hitEnemy/pause 200/animate farmer false false 100 32 33 34 35/specificTemporarySprite swordswipe 8 20/playSound swordswipe/pause 200/playSound ghost/pause 100/playSound ghost/animate GhostActor3 false false 150 16 16 16 16 17 17 17 17/pause 100/animate GhostActor2 false false 150 16 16 16 16 17 17 17 17/pause 400/warp GhostActor3 -1000 -1000 2/pause 200/warp GhostActor2 -1000 -1000 2/pause 500/warp Wizard 7 4 2/advancedMove Wizard true 0 12 2 500000/pause 500/move farmer -1 0 0/viewport move 0 -1 2150/move farmer 0 -4 0/viewport 7 15/pause 2500/speak Wizard \"感谢你，@！#$b#刚才的局面很凶险。\"/pause 300/speak Wizard \"我施展的咒语失控了，导致同时召唤出太多的灵魂。#$b#它们可不讲礼仪，立刻扑上来攻击我。\"/speak Wizard \"要不是你及时出现，我将难以应付刚才的局面。。\"/pause 400/speak Wizard \"自从……#$b#自从我能熟练运用魔法之后，就经常忘记事态恶化的速度能有多快。\"/speak Wizard \"我的粗心大意导致了那些灵魂的湮灭，太遗憾了。\"/speak Wizard \"这必然是一次惨烈的警告，警告我要更加小心谨慎。\"/pause 500/speak Wizard \"好了，除了救我的命，你还为了什么而来？\"/pause 700/showFrame 15/pause 300/speak Wizard \"啊！你又带来了一本是吗？$2#$b#May I take a look at it?$4\"/removeItem {{spacechase0.JsonAssets/ObjectId: The Eternal Flame of Yoba}}/pause 600/showFrame 12/pause 800/emote Wizard 16/pause 400/speak Wizard \"这！——我能肯定这本书的内容相当特别！#$b#它的每一页都依附了神秘的魔法！\"/pause 300/speak Wizard \"这极有可能就是“三本”中的最后一本。\"/pause 400/emote farmer 32/pause 400/speak Wizard \"不过真相还得等我看完它才知道。#$b#希望不会花太长时间，但这次我不能保证。\"/pause 800/playMusic sweet/pause 1500/speak Wizard \"@，你的任务应该就快结束了。与你合作的这段时间里，我非常愉快。\"/pause 400/speak Wizard \"这么多年来，我已经习惯了一个人，也确实更喜欢独处。\"/speak Wizard \"但托你的福，我才能了解如此多的神秘智慧。#$b#可见不管我多么努力，有些局面仍然是一个人难以挑战的。\"/speak Wizard \"这段奇遇因你而起，对此我永远感激！\"/pause 400/emote farmer 20/pause 400/speak Wizard \"只要我们仍是朋友，法师塔的大门就永远为你敞开。\"/speak Wizard \"一路保重，@！#$b#我会再联系你的。\"/end warpOut"

		},

		"When": {"HasMod|contains=FlashShifter.SVECode": true},
	},

	{
		"Action": "EditData",
		"Target": "Data/Events/WizardHouse",
		"Entries": 

		{
	
	"14308684/i {{spacechase0.JsonAssets/ObjectId: The Eternal Flame of Yoba}}": "WizardSong/7 17/farmer 8 24 0 Wizard 7 6 2/addTemporaryActor GhostActor2 16 24 9 13 2/addTemporaryActor GhostActor3 16 24 4 16 2/addTemporaryActor GhostActor4 16 24 6 20 2/addTemporaryActor Ghost 16 24 7 10 2 true Monster/animate GhostActor2 false true 200 0 1 2 3/animate GhostActor3 false true 200 0 1 2 3/animate GhostActor4 false true 200 0 1 2 3/animate Ghost false true 200 0 1 2 3/viewport 7 17/pause 1200/jump farmer 5/pause 800/viewport move 0 -2 4600/pause 4600/viewport 7 8/pause 250/textAboveHead Wizard \"This isn't good.\"/pause 3000/viewport move 0 3 3050/pause 3050/viewport 7 17/pause 400/emote GhostActor4 12/pause 500/advancedMove GhostActor4 false 2 0 0 1 2 4000/pause 200/move farmer 0 -2 0/animate farmer false false 100 32 33 34 35/specificTemporarySprite swordswipe 8 21/playSound swordswipe/pause 250/playSound hitEnemy/pause 250/animate farmer false false 100 32 33 34 35/specificTemporarySprite swordswipe 8 21/playSound swordswipe/pause 250/playSound ghost/animate GhostActor4 false false 150 16 16 16 16 17 17 17 17/pause 500/warp GhostActor4 -1000 -1000 2/pause 800/emote GhostActor3 12 true/emote GhostActor2 12 true/pause 1200/advancedMove GhostActor3 true 3 0 0 3 1 0 2 4000/advancedMove GhostActor2 true 0 7 3 4000/pause 500/move farmer 0 -2 0/emote farmer 16/pause 200/animate farmer false false 100 32 33 34 35/specificTemporarySprite swordswipe 8 19/playSound swordswipe/pause 200/playSound hitEnemy/pause 100/playSound hitEnemy/pause 200/animate farmer false false 100 32 33 34 35/specificTemporarySprite swordswipe 8 19/playSound swordswipe/pause 200/playSound ghost/pause 100/playSound ghost/animate GhostActor3 false false 150 16 16 16 16 17 17 17 17/pause 100/animate GhostActor2 false false 150 16 16 16 16 17 17 17 17/pause 400/warp GhostActor3 -1000 -1000 2/pause 200/warp GhostActor2 -1000 -1000 2/warp Wizard 7 4 2/pause 400/emote Ghost 12/move farmer -1 0 0/viewport move 0 -1 2150/advancedMove Ghost false 0 5 2 4000/move farmer 0 -4 0/viewport 7 15/animate farmer false false 100 32 33 34 35/specificTemporarySprite swordswipe 7 15/playSound swordswipe/pause 250/playSound hitEnemy/pause 250/animate farmer false false 100 32 33 34 35/specificTemporarySprite swordswipe 7 15/playSound swordswipe/pause 250/playSound ghost/animate Ghost false false 150 16 16 16 16 17 17 17 17/pause 500/warp Ghost -1000 -1000 2/pause 1200/advancedMove Wizard true 0 11 2 500000/pause 5800/speak Wizard \"感谢你，@！#$b#刚才的局面很凶险。\"/pause 300/speak Wizard \"我施展的咒语失控了，导致同时召唤出太多的灵魂。#$b#它们可不讲礼仪，立刻扑上来攻击我。\"/speak Wizard \"要不是你及时出现，我将难以应付刚才的局面。。\"/pause 400/speak Wizard \"自从……#$b#自从我能熟练运用魔法之后，就经常忘记事态恶化的速度能有多快。\"/speak Wizard \"我的粗心大意导致了那些灵魂的湮灭，太遗憾了。\"/speak Wizard \"这必然是一次惨烈的警告，警告我要更加小心谨慎。\"/pause 500/speak Wizard \"好了，除了救我的命，你还为了什么而来？\"/pause 700/showFrame 15/pause 300/speak Wizard \"啊！你又带来了一本是吗？$2#$b#May I take a look at it?$4\"/removeItem {{spacechase0.JsonAssets/ObjectId: The Eternal Flame of Yoba}}/pause 600/showFrame 12/pause 800/emote Wizard 16/pause 400/speak Wizard \"这！——我能肯定这本书的内容相当特别！#$b#它的每一页都依附了神秘的魔法！\"/pause 300/speak Wizard \"这极有可能就是“三本”中的最后一本。\"/pause 400/emote farmer 32/pause 400/speak Wizard \"不过真相还得等我看完它才知道。#$b#希望不会花太长时间，但这次我不能保证。\"/pause 800/playMusic sweet/pause 1500/speak Wizard \"@，你的任务应该就快结束了。与你合作的这段时间里，我非常愉快。\"/pause 400/speak Wizard \"这么多年来，我已经习惯了一个人，也确实更喜欢独处。\"/speak Wizard \"但托你的福，我才能了解如此多的神秘智慧。#$b#可见不管我多么努力，有些局面仍然是一个人难以挑战的。\"/speak Wizard \"这段奇遇因你而起，对此我永远感激！\"/pause 400/emote farmer 20/pause 400/speak Wizard \"只要我们仍是朋友，法师塔的大门就永远为你敞开。\"/speak Wizard \"一路保重，@！#$b#我会再联系你的。\"/end warpOut"

		},

		"When": {"HasMod|contains=FlashShifter.SVECode": false},
	},

	{
		"Action": "EditData",
		"Target": "Data/Events/Farm",
		"Entries": 

		{

	"14308685/e 14308684/d Mon Tue Wed Thu Sat Sun/r 0.2/x WizardsGift5": "null",
	"14308686/e 14308685/x WizardsGift6": "null"

		}
	},

//WOOD CRAFTING STATION LETTER

	{
		"Action": "EditData",
		"Target": "Data/Events/Farm",
		"Entries": 

		{

	"14308687/n RobinsAppreciation/j 128/d Tue Wed Thu Sat Sun/r 0.2/x RobinFinished": "null"

		}
	},

//HARDWOOD CRAFTING STATION LETTER

	{
		"Action": "EditData",
		"Target": "Data/Events/Farm",
		"Entries": 

		{

	"14308688/n RobinFinished/j 200/f Robin 1250/d Mon Tue Thu Fri Sat Sun/r 0.2/x RobinsUpdate": "null",
	"14308689/n RobinsUpdate/f Robin 1750/d Tue Thu Sat Sun/r 0.2/x RobinsOffer": "null"

		}
	},

//GOLD CRAFTING STATION

	{
		"Action": "EditData",
		"Target": "Data/Events/ScienceHouse",
		"Entries": 

		{

	"14308690/n RobinsInvitation": "50s/-1000 -1000/farmer 8 20 0 Robin 8 18 2/addBigProp 5 20 {{spacechase0.JsonAssets/BigCraftableId: Gold Crafting Station}}/addCraftingRecipe Gold Crafting Station/fade/viewport 13 16/pause 1500/speak Robin \"你好，@。#$b#感谢你总算来了！$h\"/speak Robin \"我请你过来是想让你看看，在你倾力帮助下我和玛鲁发明出了什么。\"/speak Robin \"我还想当面感谢你，为了让我能完成发明，你提供了太多的帮助。#$b#与你合作非常开心！$h\"/pause 400/emote farmer 20/pause 400/pause 300/speak Robin \"你知道吗，我第一次见到你的时候，觉得你不适合我们这里的生活。#$b#我以为你就是个城里的小孩，脑子不太好使。\"/pause 200/speak Robin \"但我完全想错了！$h\"/speak Robin \"你实际上成为了鹈鹕镇不可缺少的一员，没有你，我们有很多事都办不到。\"/pause 400/emote farmer 32/pause 800/speak Robin \"现在，你往左边看看吧，你会看到你所有的付出帮助我们完成了什么。\"/pause 400/faceDirection farmer 3/pause 400/emote farmer 16/pause 600/faceDirection farmer 0/speak Robin \"看起来超厉害，对吧！！$h\"/speak Robin \"在你的农场里安一个，你就可以用金锭代替木头来制作黄金展示柜。\"/speak Robin \"不过你也知道，黄金不像木头那样容易精细切割和雕刻，所以制作一个展示柜需要整整一季的时间。\"/pause 400/emote farmer 16/pause 400/speak Robin \"我知道对于商品来说，它的时间成本太高了。\"/speak Robin \"但我向你保证，等待是值得的！\"/speak Robin \"我答应过你，这一台是你的了，不收钱。\"/speak Robin \"为了省掉你搬回去的麻烦，我等会把它寄给你吧。#$b#明天应该能收到。\"/pause 300/speak Robin \"喔，差点忘了，这里还有它的图纸。\"/pause 400/itemAboveHead/playSound getNewSpecialItem/addCraftingRecipe Gold Crafting Station/pause 800/message \"你学会了制作黄金加工器！\"/pause 1000/faceDirection farmer 0/speak Robin \"好啦，我要说的就这些了。\"/speak Robin \"如果你有需要，或者只是想来说一声“嗨~”，欢迎随时过来。$h\"/speak Robin \"还有一件事，如果你不介意，可以去找玛鲁感谢她的努力吗？#$b#没有她，我完不成这些！$h\"/end dialogueWarpOut Maru \"你好呀，@！#$e#我很高兴你喜欢黄金加工器，制造它的过程非常有趣！$h#$e#谢谢你帮助我妈妈，我知道她也很感激你。\""
	
		}
	},
	{
		"Action": "EditData",
		"Target": "Data/Events/Farm",
		"Entries": 

		{

	"14308691/n RobinsAppreciation2/j 310/d Mon Tue Thu Fri Sat/r 0.2/x RobinsInvitation": "null",

		}
	}

    ]
}
