{
	"Changes": [

	{
           "Action": "EditData",
           "Target": "Data/NPCGiftTastes",
            "Entries": {

		"Wizard": "这里面充满了强大的奥术能量，它对我的研究很有用。谢谢你！/155 422 769 768 848/多谢，这个东西有一些特别的属性。/-12 72 82 84/这个？……我想我能把它丢进火里，看看会发生什么。/-5 -6 -81 2 16 330 766/……这些都是平平无奇的东西，以后请不要再拿这些来烦我了。//谢谢你，我应该会用到它的。//",
	}
	}
    ]
}