{
	"Changes": [

	{
           "Action": "EditData",
           "Target": "Data/mail",
            "Entries": {

		"RobinFinished": "@：^^    作为我慷慨的赞助人，你值得第一个知道我的新机器完成了！按照约定，我免费给你寄了一台。^    至于使用方法，只需把1件古物或1块矿石放入机器，再添加10块木头和1块精制石英。等待一个星期后，你就拥有了一个漂亮的木制展示柜。^    现在你可以把你找到的所有“小饰品”变成有价值的收藏品了！不过这类产品在本地并没有市场，如果你想出售它们，可以卖给我，我会把它们运到更远的大城市。^    如果你想再买一台机器，或者干脆掌握它的制作工艺（是的，我会卖给你它的图纸！），请在上午9点到下午5点之间来我的店里。^^                    ——罗宾%item bigobject {{spacechase0.JsonAssets/BigCraftableId: Wood Crafting Station}} %%[#]罗宾制作的机器",
 		"RobinsAppreciation": "@：^^    我只是想再次感谢你送来了我需要的铁块。目前我正在努力完成第一批机器，一旦完工就立刻给你寄一台。^^                    ——罗宾[#]罗宾的感谢",
		"RobinsAppreciation2": "",
		"RobinsUpdate": "@：^^    我重新设计了加工器，并在我的商店上线了！有了这台新加工器，你可以制作出硬木展示柜。唯一的缺点是，由于硬木的坚硬使其更难切割，制作时间是木制展示柜的两倍。^^    期待你的到来！^                    ——罗宾[#]罗宾的第二台机器",
		"RobinsOffer": "亲爱的@：^^    感谢你成为我们忠实的客户和好友！为了表示我的谢意，我愿意将硬木加工器的蓝图卖给你。即便你现在买不起也不用担心，我会无限期的为你提供这个优惠。^^                    感激的，^                    罗宾[#]罗宾的独家优惠",
		"RobinsInvitation": "@：^^    你能抽时间来我店里一趟吗？我有样东西要给你看。^^                    感激的，^                    罗宾[#]罗宾的邀请",
		"DwarvenBlueprint": "@：^^    这是我答应给你的图纸副本。再次感谢你的帮助！^^                    ——克林特%item craftingRecipe Copper_Crucible %%[#]矮人的图纸",        
		"ShippedCrucible": "@：^^    这是你昨天买下的熔炉，感谢你的惠顾。^^                    ——克林特%item bigobject {{spacechase0.JsonAssets/BigCraftableId: Copper Crucible}}%%[#]寄来的熔炉",
		"WizardsInvitation": "@：^^    请尽快来找我，我有件振奋人心的事要和你谈。^^                    ——法师 M·拉斯莫迪斯[#]法师的邀请",
		"WizardsGift": "@：^^    我终于看完了《光之元素》。正如我所期待，它记载了一台能给珠宝附魔的机器，画下了详细的图纸并列出使用说明。^    根据记载，这台机器是“三台”之中魔法较弱的那台。它的工作原理是提取太阳精华中的魔力，将其转化并依附在贵金属上。越贵重的金属就需要越多的太阳精华，也意味着更强大的魔力。^我在信的后面附上了图纸的副本，制作出的机器也一并送你，我对它的研究已经完成了。再次感谢你带给我这本书，希望你能尽快找到下一本！^^                    ——法师 M·拉斯莫迪斯%item craftingRecipe Enchanting_Table_of_Light %%[#]法师的礼物",  
		"WizardsGift2": "@：^^    这是我根据图纸制造的光之锻造台，具体信息请阅读附带的信件。^^                    ——法师 M·拉斯莫迪斯%item bigobject {{spacechase0.JsonAssets/BigCraftableId: Enchanting Table of Light}} %%[#]寄来的光之锻造台",
		"WizardsGift3": "@：^^    感谢你耐心等我读完《地下世界的影子们》，现在我将用收获的成果回报你：一台更高级的附魔机器以及它的图纸副本。^    它的工作原理和光之锻造台完全一样，但并不使用太阳精华而是虚空精华。虚空精华中蕴含的魔力更为强大，所以影之锻造台需要更多的时间进行提取和附魔。^    和上次一样，图纸附在信的结尾，机器则装在单独的盒子里。^^                    ——法师 M·拉斯莫迪斯%item craftingRecipe Enchanting_Table_of_Shadow %%[#]法师的第二件礼物",  
		"WizardsGift4": "@：^^    这是我根据图纸制造的影之锻造台，具体信息请阅读附带的信件。^^                    ——法师 M·拉斯莫迪斯%item bigobject {{spacechase0.JsonAssets/BigCraftableId: Enchanting Table of Shadow}} %%[#]寄来的影之锻造台",	
		"WizardsGift5": "@：^^    我终于读完了《尤巴的永恒火焰》！多么不可思议的一本书，里面记载的魔咒净是些我见过的最强大最危险的咒语，我必须谨慎考虑这些知识的传播和运用。但我认为给你最后一台附魔机器的图纸不会造成麻烦。^    这台机器能用一块火山晶石进行附魔。火山晶石蕴藏的魔力非比寻常，比太阳精华和虚空精华的更为强大，因此提取和附魔的过程比前两者更复杂，耗时更长。但我向你保证，它的成果值得这样漫长的等待，不会令你失望的！^^                    ——法师 M·拉斯莫迪斯%item craftingRecipe Enchanting_Table_of_Fire %%[#]法师的最后一件礼物",  
		"WizardsGift6": "@：^^    这是我根据图纸制造的火之锻造台，具体信息请阅读附带的信件。^^                    ——法师 M·拉斯莫迪斯%item bigobject {{spacechase0.JsonAssets/BigCraftableId: Enchanting Table of Fire}} %%[#]寄来的火之锻造台",	

			}
	}
    ]
}