{
  "Name": "Granite Hardwood Display Case",
  "Description": "一个硬木展示柜，透明的玻璃中密封着一小块花岗岩。",
  "Category": "Crafting",
  "CategoryTextOverride": "Mineral",
  "CategoryColorOverride": "116,25,98,255",
  "Edibility": -300,
  "Price": 697,
  "IsColored": false,
  "Recipe": null,
  "GiftTastes":
    {
        "Like": ["Wizard"],
        "Dislike": ["Caroline","Haley","Jodi","Emily","Pam","Penny","Sandy","Abigail","Alex","Clint","Demetrius","Dwarf","Elliott","Evelyn","George","Harvey","Jas","Kent","Krobus","Leo","Lewis","Linus","Pierre","Robin","Sam","Sebastian","Shane","Vincent","Willy","Gus","Marnie","Leah","Maru"],
    }, 
  "NameLocalization":
    {
	"en": "Granite Display Case",
  "zh":"硬木制花岗岩展示柜"
    }  
  
}