{
  "Name": "Fine Amethyst Pin of Shadow",
  "Description": "A transmuted and enchanted copper amethyst pin filled with the magic trapped inside a void essence.",
  "Category": "Crafting",
  "CategoryTextOverride": "Enchanted Jewelry",
  "CategoryColorOverride": "142,82,196,255",
  "Edibility": -300,
  "Price": 230,
  "IsColored": false,
  "Recipe": null,
  "GiftTastes":
    {
        "Love": ["Clint","Abigail","Dwarf","Emily","Wizard"],
	"Like": ["Maru","Alex","Demetrius","Elliott","Evelyn","George","Harvey","Jas","Kent","Krobus","Leo","Lewis","Robin","Sam","Sebastian","Shane","Vincent","Willy","Gus","Marnie","Caroline","Haley","Jodi","Pam","Penny","Sandy"],
        "Dislike": ["Linus","Pierre","Leah"],
        },
  //i18n
  "NameLocalization": {
    "zh":"普通虚空紫水晶徽章"
  },

  "DescriptionLocalization": {
    "zh":"一条被锻造和附魔过的紫水晶铜徽章，蕴藏了来自虚空精华的魔力。"
  } 
}