{
  "Name": "Iridium Nekoite Brooch",
  "Description": "A beautiful iridium brooch inset with a very large, flawlessly cut nekoite mineral.",
  "Category": "Crafting",
  "CategoryTextOverride": "Jewelry",
  "CategoryColorOverride": "143,71,162,255",
  "Edibility": -300,
  "Price": 592,
  "IsColored": false,
  "Recipe": null,
  "GiftTastes":
    {
	"Like": ["Clint","Maru","Wizard","Krobus","Willy"],
        "Neutral": ["Caroline","Haley","Jodi","Emily","Pam","Penny","Sandy"],
        "Dislike": ["Abigail","Alex","Demetrius","Dwarf","Elliott","Evelyn","George","Harvey","Jas","Kent","Leo","Lewis","Linus","Pierre","Robin","Sebastian","Shane","Vincent","Leah","Gus","Marnie"],
	"Hate": ["Sam"],  
   },
//i18n
  "NameLocalization": 
    {
      "zh":"新硅钙石铱胸针"
    },

  "DescriptionLocalization": 
    {
      "zh":"一枚美丽的铱胸针，镶嵌着一块很大的完美无瑕的新硅钙石。"
    }
  
}