{
    "Name": "Enchanting Table of Shadow",
    "Description": "Infuses and transforms precious metals using the magic contained within a void essence.",
    "Price": 300,
    "ProvidesLight": false,
    "ReserveExtraIndexCount": 9,
    "Recipe":
    {
        "ResultCount": 1,
         "Ingredients": [
        {
            "Object": 74,
            "Count": 1,
        },
	{
            "Object": 336,
            "Count": 5,
        },
	{
            "Object": 337,
            "Count": 5,
        },
        {
            "Object": 769,
            "Count": 25,
        }, 
	{
            "Object": 338,
            "Count": 2,
        },
	],
        "CanPurchase": false,
        "IsDefault": false,
    },
    "CanPurchase": false,
    "IsDefault": false,

    "NameLocalization":
    {
        "zh":"影之锻造台"
    },
    "DescriptionLocalization":
    {
        "zh":"利用虚空精华的魔力转换贵金属的属性并为其附魔。"
    }
}