{
  "Name": "Gold Jasper Ring",
  "Description": "A solid gold ring fitted with a large jasper mineral.",
  "Category": "Crafting",
  "CategoryTextOverride": "Jewelry",
  "CategoryColorOverride": "143,71,162,255",
  "Edibility": -300,
  "Price": 348,
  "IsColored": false,
  "Recipe": null,
  "GiftTastes":
    {
	"Like": ["Clint","Maru","Wizard"],
        "Neutral": ["Krobus","Willy","Caroline","Haley","Jodi","Emily","Pam","Penny","Sandy"],
        "Dislike": ["Abigail","Alex","Demetrius","Dwarf","Elliott","Evelyn","George","Harvey","Jas","Kent","Leo","Lewis","Linus","Pierre","Robin","Sebastian","Shane","Vincent","Leah","Gus","Marnie"],
	"Hate": ["Sam"], 
   }, 

   //i18n
  "NameLocalization": 
  {
    "zh":"碧玉金戒指"
  },

"DescriptionLocalization": 
  {
    "zh":"一枚纯金戒指，镶嵌着一大块碧玉。"
  }
  
}