{
  "Name": "Copper Aerinite Necklace",
  "Description": "A copper necklace adorned with a roughly cut aerinite mineral.",
  "Category": "Crafting",
  "CategoryTextOverride": "Jewelry",
  "CategoryColorOverride": "143,71,162,255",
  "Edibility": -300,
  "Price": 115,
  "IsColored": false,
  "Recipe": null,
  "GiftTastes":
    {
	"Like": ["Wizard"],
        "Neutral": ["Clint","Maru","Caroline","Haley","Jodi","Emily","Pam","Penny","Sandy"],
        "Dislike": ["Abigail","Alex","Demetrius","Dwarf","Elliott","Evelyn","George","Harvey","Jas","Kent","Krobus","Leo","Lewis","Linus","Pierre","Robin","Sebastian","Shane","Vincent","Willy","Leah","Gus","Marnie"],
	"Hate": ["Sam"],
    },

    //i18n
    "NameLocalization": {
      "zh":"青泥石铜项链"
    },

    "DescriptionLocalization": {
      "zh":"一条黄铜项链，上面镶嵌着切割粗糙的青泥石。"
    } 
  
}