{
  "Name": "Amphibian Fossil Hardwood Display Case",
  "Description": "一个硬木展示柜，透明的玻璃中密封着一块古老的两栖动物化石。",
  "Category": "Crafting",
  "CategoryTextOverride": "Artifact",
  "CategoryColorOverride": "116,25,98,255",
  "Edibility": -300,
  "Price": 1363,
  "IsColored": false,
  "Recipe": null,
  "GiftTastes":
    {
	"Like": ["Penny","Dwarf"],
        "Dislike": ["Sam","Clint","Maru","Wizard","Abigail","Alex","Demetrius","Krobus","Willy","Caroline","Haley","Jodi","Emily","Pam","Sandy","Elliott","Evelyn","George","Harvey","Jas","Kent","Leo","Lewis","Linus","Pierre","Robin","Sebastian","Shane","Vincent","Leah","Gus","Marnie"],
	
   }, 
  "NameLocalization":
    {
	"en": "Amphibian Fossil Display Case",
  "zh": "硬木制两栖动物化石展示柜"
    }
}