{
  "Name": "Iridium Fire Quartz Bracelet",
  "Description": "A beautiful iridium bracelet adorned with three flawlessly cut fire quartz minerals.",
  "Category": "Crafting",
  "CategoryTextOverride": "Jewelry",
  "CategoryColorOverride": "143,71,162,255",
  "Edibility": -300,
  "Price": 670,
  "IsColored": false,
  "Recipe": null,
  "GiftTastes":
    {
        "Love": ["Clint","Krobus","Willy","Maru"],
	"Like": ["Sebastian","Abigail","Wizard","Alex","Demetrius","Elliott","Evelyn","George","Harvey","Jas","Kent","Leo","Lewis","Robin","Sam","Shane","Vincent","Gus","Marnie","Caroline","Haley","Jodi","Pam","Penny","Sandy"],
        "Dislike": ["Linus","Pierre","Leah"],
    },
//i18n
  "NameLocalization": 
    {
      "zh":"火水晶铱手镯"
    },

  "DescriptionLocalization": 
    {
      "zh":"一只美丽的铱手镯，镶嵌着三块完美无瑕的火水晶。"
    } 
  
}