{
  "Name": "Iridium Wizard's Sceptre",
  "Description": "A beautiful iridium sceptre fitted with a large, flawlessly cut prismatic shard gem. It hums with magical power.",
  "Category": "Crafting",
  "CategoryTextOverride": "Jewelry",
  "CategoryColorOverride": "143,71,162,255",
  "Edibility": -300,
  "Price": 6940,
  "IsColored": false,
  "Recipe": null,
  "GiftTastes":
     {
	"Like": ["Wizard"],
	"Neutral": ["Pierre","Leah","Clint","Abigail","Dwarf","Emily","Maru","Alex","Demetrius","Elliott","Evelyn","George","Harvey","Jas","Kent","Krobus","Leo","Lewis","Linus","Robin","Sam","Sebastian","Shane","Vincent","Willy","Gus","Marnie","Caroline","Jodi","Pam","Penny","Sandy"],
        "Hate": ["Haley"],    	
    }, 
//i18n
  "NameLocalization": 
    {
      "zh":"铱魔杖"
    },

  "DescriptionLocalization": 
    {
      "zh":"一把铱魔杖，镶嵌着一大块完美无瑕的五彩碎片。它蕴藏着强大的魔力。"
    }  
  
}