{
  "Name": "Anchor Hardwood Display Case",
  "Description": "A hardwood display piece featuring an old anchor sealed within a clear glass case.",
  "Category": "Crafting",
  "CategoryTextOverride": "Artifact",
  "CategoryColorOverride": "116,25,98,255",
  "Edibility": -300,
  "Price": 1081,
  "IsColored": false,
  "Recipe": null,
  "GiftTastes":
    {
	"Like": ["Penny","Dwarf"],
        "Dislike": ["Sam","Clint","Maru","Wizard","Abigail","Alex","Demetrius","Krobus","Willy","Caroline","Haley","Jodi","Emily","Pam","Sandy","Elliott","Evelyn","George","Harvey","Jas","Kent","Leo","Lewis","Linus","Pierre","Robin","Sebastian","Shane","Vincent","Leah","Gus","Marnie"],
	
   },
//i18n
"NameLocalization": 
{
  "en":"Anchor Display Case",
  "zh":"锚展示盒"
},

"DescriptionLocalization": 
{
  "zh":"一个古老的锚躺在硬木打造的底座上，用透明的玻璃罩密封展示。"
}
}