{
  "Name": "Prehistoric Scapula Gold Display Case",
  "Description": "A solid gold display piece featuring a prehistoric scapula sealed within a clear glass case.",
  "Category": "Crafting",
  "CategoryTextOverride": "Artifact",
  "CategoryColorOverride": "116,25,98,255",
  "Edibility": -300,
  "Price": 2698,
  "IsColored": false,
  "Recipe": null,
  "GiftTastes":
    {
	"Like": ["Penny","Dwarf"],
        "Dislike": ["Sam","Clint","Maru","Wizard","Abigail","Alex","Demetrius","Krobus","Willy","Caroline","Haley","Jodi","Emily","Pam","Sandy","Elliott","Evelyn","George","Harvey","Jas","Kent","Leo","Lewis","Linus","Pierre","Robin","Sebastian","Shane","Vincent","Leah","Gus","Marnie"],
	
   }, 

   //i18n
  "NameLocalization": 
  {
    "en":"Prehistoric Scapula Display Case",
    "zh":"史前肩胛骨展示盒"
  },

"DescriptionLocalization": 
  {
    "zh":"某种原始动物的肩胛骨被密封在透明的玻璃展示盒中，底座是用纯金打造的。"
  }
  
}