{
  "Name": "Chewing Stick Gold Display Case",
  "Description": "A solid gold display piece featuring an ancient chewing stick sealed within a clear glass case.",
  "Category": "Crafting",
  "CategoryTextOverride": "Artifact",
  "CategoryColorOverride": "116,25,98,255",
  "Edibility": -300,
  "Price": 1998,
  "IsColored": false,
  "Recipe": null,
  "GiftTastes":
    {
	"Like": ["Penny","Dwarf"],
        "Dislike": ["Sam","Clint","Maru","Wizard","Abigail","Alex","Demetrius","Krobus","Willy","Caroline","Haley","Jodi","Emily","Pam","Sandy","Elliott","Evelyn","George","Harvey","Jas","Kent","Leo","Lewis","Linus","Pierre","Robin","Sebastian","Shane","Vincent","Leah","Gus","Marnie"],
    },
//i18n
"NameLocalization": 
{
  "en":"Chewing Stick Display Case",
  "zh":"咀嚼洁齿棒展示盒"
},

"DescriptionLocalization": 
{
  "zh":"一根古老的咀嚼洁齿棒躺在纯金打造的底座上，用透明的玻璃罩密封展示。"
}
  
}