{
  "Name": "Legendary Jamborite Earrings of Shadow",
  "Description": "A pair of transmuted and enchanted iridium jamborite earrings filled with the magic trapped inside a void essence.",
  "Category": "Crafting",
  "CategoryTextOverride": "Enchanted Jewelry",
  "CategoryColorOverride": "142,82,196,255",
  "Edibility": -300,
  "Price": 2571,
  "IsColored": false,
  "Recipe": null,
  "GiftTastes":
    {
        "Love": ["Wizard"],
        "Neutral": ["Caroline","Haley","Jodi","Emily","Pam","Penny","Sandy","Dwarf"],
        "Dislike": ["Abigail","Alex","Demetrius","Krobus","Elliott","Evelyn","George","Harvey","Jas","Kent","Leo","Lewis","Linus","Pierre","Robin","Sam","Sebastian","Shane","Vincent","Willy","Leah","Gus","Marnie","Clint","Maru"],
    },
//i18n
  "NameLocalization": 
    {
      "zh":"传奇虚空绿水镍矿耳饰"
    },
  "DescriptionLocalization": 
    {
      "zh":"一对被锻造和附魔过的绿水镍矿铱耳饰，蕴藏了来自虚空精华的魔力。"
    } 
}