{
  "Name": "Glass Shards Hardwood Display Case",
  "Description": "一个硬木展示柜，透明的玻璃盒中密封着零碎光滑的玻璃碎片。",
  "Category": "Crafting",
  "CategoryTextOverride": "Artifact",
  "CategoryColorOverride": "116,25,98,255",
  "Edibility": -300,
  "Price": 583,
  "IsColored": false,
  "Recipe": null,
  "GiftTastes":
    {
	"Like": ["Penny","Dwarf"],
        "Dislike": ["Sam","Clint","Maru","Wizard","Abigail","Alex","Demetrius","Krobus","Willy","Caroline","Haley","Jodi","Emily","Pam","Sandy","Elliott","Evelyn","George","Harvey","Jas","Kent","Leo","Lewis","Linus","Pierre","Robin","Sebastian","Shane","Vincent","Leah","Gus","Marnie"],
	
   },  
  "NameLocalization":
    {
	"en": "Glass Shards Display Case",
  "zh":"硬木制玻璃碎片展示柜"
    } 
  
}