{
  "Name": "Legendary Jade Ring of Fire",
  "Description": "A transmuted and enchanted iridium jade ring filled with the magic trapped inside a cinder shard.",
  "Category": "Crafting",
  "CategoryTextOverride": "Enchanted Jewelry",
  "CategoryColorOverride": "142,82,196,255",
  "Edibility": -300,
  "Price": 5040,
  "IsColored": false,
  "Recipe": null,
  "GiftTastes":
    {
        "Love": ["Clint","Dwarf","Emily"],
	"Like": ["Abigail","Wizard","Maru","Alex","Demetrius","Elliott","Evelyn","George","Harvey","Jas","Kent","Krobus","Leo","Lewis","Robin","Sam","Sebastian","Shane","Vincent","Willy","Gus","Marnie","Caroline","Haley","Jodi","Pam","Penny","Sandy"],
        "Dislike": ["Linus","Pierre","Leah"],
    },
//i18n
  "NameLocalization": 
    {
      "zh":"传奇火属性翡翠戒指"
    },
  "DescriptionLocalization": 
    {
      "zh":"一枚被锻造和附魔过的翡翠铱戒指，蕴藏了来自火山晶石的魔力。"
    } 
}