{
  "Name": "Gold Star Shards Necklace",
  "Description": "A solid gold necklace adorned with three finely cut star shards minerals.",
  "Category": "Crafting",
  "CategoryTextOverride": "Jewelry",
  "CategoryColorOverride": "143,71,162,255",
  "Edibility": -300,
  "Price": 1032,
  "IsColored": false,
  "Recipe": null,
  "GiftTastes":
    {
	"Like": ["Clint","Maru","Wizard"],
        "Neutral": ["Krobus","Willy","Caroline","Haley","Jodi","Emily","Pam","Penny","Sandy"],
        "Dislike": ["Abigail","Alex","Demetrius","Dwarf","Elliott","Evelyn","George","Harvey","Jas","Kent","Leo","Lewis","Linus","Pierre","Robin","Sebastian","Shane","Vincent","Leah","Gus","Marnie"],
	"Hate": ["Sam"], 
   },
   //i18n
  "NameLocalization": 
  {
    "zh":"陶瓷碎片金项链"
  },

"DescriptionLocalization": 
  {
    "zh":"一条纯金项链，镶嵌着三块切割精细的陶瓷碎片。"
  }
  
}