{
  "Name": "Gold Baryte Earrings",
  "Description": "A pair of solid gold earrings adorned with two small, finely cut baryte minerals.",
  "Category": "Crafting",
  "CategoryTextOverride": "Jewelry",
  "CategoryColorOverride": "143,71,162,255",
  "Edibility": -300,
  "Price": 215,
  "IsColored": false,
  "Recipe": null,
  "GiftTastes":
    {
	"Like": ["Clint","Maru","Wizard"],
        "Neutral": ["Krobus","Willy","Caroline","Haley","Jodi","Emily","Pam","Penny","Sandy"],
        "Dislike": ["Abigail","Alex","Demetrius","Dwarf","Elliott","Evelyn","George","Harvey","Jas","Kent","Leo","Lewis","Linus","Pierre","Robin","Sebastian","Shane","Vincent","Leah","Gus","Marnie"],
	"Hate": ["Sam"], 
   },

//i18n
  "NameLocalization": {
    "zh":"重晶石金耳饰"
  },

  "DescriptionLocalization": {
    "zh":"一对纯金耳饰，镶嵌着两小块切割精细的重晶石。"
  } 
  
}