{
  "Name": "Copper Neptunite Sceptre",
  "Description": "A copper sceptre fitted with a large, roughly cut neptunite mineral.",
  "Category": "Crafting",
  "CategoryTextOverride": "Jewelry",
  "CategoryColorOverride": "143,71,162,255",
  "Edibility": -300,
  "Price": 375,
  "IsColored": false,
  "Recipe": null,
  "GiftTastes":
    {
	"Like": ["Wizard"],
        "Neutral": ["Clint","Maru","Caroline","Haley","Jodi","Emily","Pam","Penny","Sandy"],
        "Dislike": ["Abigail","Alex","Demetrius","Dwarf","Elliott","Evelyn","George","Harvey","Jas","Kent","Krobus","Leo","Lewis","Linus","Pierre","Robin","Sebastian","Shane","Vincent","Willy","Leah","Gus","Marnie"],
	"Hate": ["Sam"],
    }, 

    //i18n
  "NameLocalization": {
    "zh":"柱星叶石铜权杖"
  },

  "DescriptionLocalization": {
    "zh":"一把黄铜权杖，镶嵌了一块很大的切割粗糙的柱星叶石。"
  }
  
}