{
  "Name": "Iridium Slate Pin",
  "Description": "A beautiful iridium pin inset with a large, flawlessly cut slate mineral.",
  "Category": "Crafting",
  "CategoryTextOverride": "Jewelry",
  "CategoryColorOverride": "143,71,162,255",
  "Edibility": -300,
  "Price": 598,
  "IsColored": false,
  "Recipe": null,
  "GiftTastes":
    {
	"Like": ["Clint","Maru","Wizard","Krobus","Willy"],
        "Neutral": ["Caroline","Haley","Jodi","Emily","Pam","Penny","Sandy"],
        "Dislike": ["Abigail","Alex","Demetrius","Dwarf","Elliott","Evelyn","George","Harvey","Jas","Kent","Leo","Lewis","Linus","Pierre","Robin","Sebastian","Shane","Vincent","Leah","Gus","Marnie"],
	"Hate": ["Sam"],  
    },
//i18n
  "NameLocalization": 
    {
      "zh":"板岩铱徽章"
    },

  "DescriptionLocalization": 
    {
      "zh":"一枚美丽的铱徽章，镶嵌着一大块完美无瑕的板岩。"
    } 
  
}