{
  "Name": "铜幽灵水晶胸针",
  "Description": "一枚黄铜胸针，镶嵌了切割粗糙的幽灵水晶。",
  "Category": "Crafting",
  "CategoryTextOverride": "Jewelry",
  "CategoryColorOverride": "143,71,162,255",
  "Edibility": -300,
  "Price": 201,
  "IsColored": false,
  "Recipe": null,
  "GiftTastes":
    {
	"Like": ["Wizard"],
        "Neutral": ["Clint","Maru","Caroline","Haley","Jodi","Emily","Pam","Penny","Sandy"],
        "Dislike": ["Abigail","Alex","Demetrius","Dwarf","Elliott","Evelyn","George","Harvey","Jas","Kent","Krobus","Leo","Lewis","Linus","Pierre","Robin","Sebastian","Shane","Vincent","Willy","Leah","Gus","Marnie"],
	"Hate": ["Sam"],
    },
  
}