{
  "Name": "Copper Amethyst Pin",
  "Description": "A copper pin inset with a small, roughly cut amethyst gem.",
  "Category": "Crafting",
  "CategoryTextOverride": "Jewelry",
  "CategoryColorOverride": "143,71,162,255",
  "Edibility": -300,
  "Price": 90,
  "IsColored": false,
  "Recipe": null,
  "GiftTastes":
    {
        "Love": ["Clint","Abigail","Dwarf","Emily"],
	"Like": ["Wizard","Maru","Alex","Demetrius","Elliott","Evelyn","George","Harvey","Jas","Kent","Krobus","Leo","Lewis","Robin","Sam","Sebastian","Shane","Vincent","Willy","Gus","Marnie","Caroline","Haley","Jodi","Pam","Penny","Sandy"],
        "Dislike": ["Linus","Pierre","Leah"],
    },

    //i18n
    "NameLocalization": {
      "zh":"紫水晶铜徽章"
    },

    "DescriptionLocalization": {
      "zh":"一枚黄铜徽章，镶嵌了一小块切割粗糙的紫水晶。"
    } 
  
}