{
  "Name": "Gold Fire Quartz Bracelet",
  "Description": "A solid gold bracelet adorned with three finely cut fire quartz minerals.",
  "Category": "Crafting",
  "CategoryTextOverride": "Jewelry",
  "CategoryColorOverride": "143,71,162,255",
  "Edibility": -300,
  "Price": 240,
  "IsColored": false,
  "Recipe": null,
  "GiftTastes":
    {
        "Love": ["Clint","Maru"],
	"Like": ["Wizard","Sebastian","Dwarf","Emily","Abigail","Alex","Demetrius","Elliott","Evelyn","George","Harvey","Jas","Kent","Krobus","Leo","Lewis","Robin","Sam","Shane","Vincent","Willy","Gus","Marnie","Caroline","Haley","Jodi","Pam","Penny","Sandy"],
        "Dislike": ["Linus","Pierre","Leah"],
    }, 

    //i18n
  "NameLocalization": 
  {
    "zh":"火水晶金手镯"
  },

"DescriptionLocalization": 
  {
    "zh":"一只纯金手镯，镶嵌着三块切割精细的火水晶。"
  }
  
}