{
  "Name": "Copper Aquamarine Bracelet",
  "Description": "A copper bracelet adorned with a rougly cut aquamarine gem.",
  "Category": "Crafting",
  "CategoryTextOverride": "Jewelry",
  "CategoryColorOverride": "143,71,162,255",
  "Edibility": -300,
  "Price": 155,
  "IsColored": false,
  "Recipe": null,
  "GiftTastes":
    {
        "Love": ["Clint","Dwarf","Emily"],
	"Like": ["Abigail","Wizard","Maru","Alex","Demetrius","Elliott","Evelyn","George","Harvey","Jas","Kent","Krobus","Leo","Lewis","Robin","Sam","Sebastian","Shane","Vincent","Willy","Gus","Marnie","Caroline","Haley","Jodi","Pam","Penny","Sandy"],
        "Dislike": ["Linus","Pierre","Leah"],
    },

    //i18n
    "NameLocalization": {
      "zh":"海蓝宝石铜手镯"
    },

    "DescriptionLocalization": {
      "zh":"一只黄铜手镯，镶嵌着切割粗糙的海蓝宝石。"
    } 
  
}