{
    "Name": "Red mushroom Lamp-post",
    "Description": "Emits a soft red light (Needs a sap to power it up)",
    "Price": 25,
    "ProvidesLight": false,
    "Recipe": {
        "ResultCount": 1,
        "Ingredients": [
            {
                "Object": 388,//Wood
                "Count": 10
            },
            {
                "Object": 420, //Red mushroom
                "Count": 1
            }
        ],
		"IsDefault": true,
    },
	"ReserveExtraIndexCount": 11,
	"CanPurchase": false,
    "NameLocalization": {
         "es": "Lámpara de hongo rojo",
        //"ko": "",
        // "de": "",
        // "fr": "",
        // "hu": "",
        // "it": "",
        // "ja": "",
        //"pt": "",
        // "ru": "",
        // "tr": "",
        "zh": "红蘑菇灯柱"
    },
    "DescriptionLocalization": {
         "es": "Emite una luz roja suave (Necesita savia para activarse)",
        //"ko": "",
        // "de": "",
        // "fr": "",
        // "hu": "",
        // "it": "",
        // "ja": "",
        //"pt": "",
        // "ru": "",
        // "tr": "",
        "zh": "发出柔和的红光，需要树液作燃料。"
    }
}