{
  "Name": "Legendary Baryte Earrings of Fire",
  "Description": "A pair of transmuted and enchanted iridium baryte earrings filled with the magic trapped inside a cinder shard.",
  "Category": "Crafting",
  "CategoryTextOverride": "Enchanted Jewelry",
  "CategoryColorOverride": "142,82,196,255",
  "Edibility": -300,
  "Price": 2660,
  "IsColored": false,
  "Recipe": null,
  "GiftTastes":
    {
        "Like": ["Wizard"],
        "Neutral": ["Caroline","Haley","Jodi","Emily","Pam","Penny","Sandy"],
        "Dislike": ["Abigail","Alex","Clint","Demetrius","Dwarf","Elliott","Evelyn","George","Harvey","Jas","Kent","Krobus","Leo","Lewis","Linus","Pierre","Robin","Sam","Sebastian","Shane","Vincent","Willy","Gus","Marnie","Leah","Maru"],
        }, 
//i18n
  "NameLocalization": 
  {
    "zh":"传奇火属性重晶石耳饰"
  },
  "DescriptionLocalization": 
  {
    "zh":"一对被锻造和附魔过的重晶石铱耳饰，蕴藏了来自火山晶石的魔力。"
  } 
}