{
  "Name": "Copper Topaz Necklace",
  "Description": "A copper necklace adorned with a roughly cut topaz gem.",
  "Category": "Crafting",
  "CategoryTextOverride": "Jewelry",
  "CategoryColorOverride": "143,71,162,255",
  "Edibility": -300,
  "Price": 84,
  "IsColored": false,
  "Recipe": null,
  "GiftTastes":
    {
        "Love": ["Clint","Dwarf","Emily"],
	"Like": ["Abigail","Wizard","Maru","Alex","Demetrius","Elliott","Evelyn","George","Harvey","Jas","Kent","Krobus","Leo","Lewis","Robin","Sam","Sebastian","Shane","Vincent","Willy","Gus","Marnie","Caroline","Haley","Jodi","Pam","Penny","Sandy"],
        "Dislike": ["Linus","Pierre","Leah"],
    },

    //i18n
  "NameLocalization": {
    "zh":"黄水晶铜项链"
  },

  "DescriptionLocalization": {
    "zh":"一条黄铜项链，镶嵌了一块切割粗糙的黄水晶。"
  }
  
}