{
  "Name": "Iridium Neptunite Sceptre",
  "Description": "A beautiful iridium sceptre fitted with a large, flawlessly cut neptunite mineral.",
  "Category": "Crafting",
  "CategoryTextOverride": "Jewelry",
  "CategoryColorOverride": "143,71,162,255",
  "Edibility": -300,
  "Price": 1666,
  "IsColored": false,
  "Recipe": null,
  "GiftTastes":
    {
	"Like": ["Clint","Maru","Wizard","Krobus","Willy"],
        "Neutral": ["Caroline","Haley","Jodi","Emily","Pam","Penny","Sandy"],
        "Dislike": ["Abigail","Alex","Demetrius","Dwarf","Elliott","Evelyn","George","Harvey","Jas","Kent","Leo","Lewis","Linus","Pierre","Robin","Sebastian","Shane","Vincent","Leah","Gus","Marnie"],
	"Hate": ["Sam"],  
   },
//i18n
  "NameLocalization": 
    {
      "zh":"柱星叶石铱权杖"
    },

  "DescriptionLocalization": 
    {
      "zh":"一把美丽的铱权杖，镶嵌着一块很大的完美无瑕的柱星叶石。"
    } 
  
}