{
  "Name": "Iridium Frozen Tear Earrings",
  "Description": "A beautiful pair of iridium earrings adorned with two small, flawlessly cut frozen tear minerals.",
  "Category": "Crafting",
  "CategoryTextOverride": "Jewelry",
  "CategoryColorOverride": "143,71,162,255",
  "Edibility": -300,
  "Price": 580,
  "IsColored": false,
  "Recipe": null,
  "GiftTastes":
    {
        "Love": ["Clint","Sebastian","Krobus","Willy","Maru"],
	"Like": ["Abigail","Wizard","Alex","Demetrius","Elliott","Evelyn","George","Harvey","Jas","Kent","Leo","Lewis","Robin","Sam","Shane","Vincent","Gus","Marnie","Caroline","Haley","Jodi","Pam","Penny","Sandy"],
        "Dislike": ["Linus","Pierre","Leah"],
    },
//i18n
  "NameLocalization": 
    {
      "zh":"泪晶铱耳饰"
    },

  "DescriptionLocalization": 
    {
      "zh":"一对美丽的铱耳饰，镶嵌着两小块完美无瑕的泪晶。"
    } 
  
}