{
  "Name": "Copper Obsidian Pin",
  "Description": "A copper pin inset with a small, roughly cut obsidian mineral.",
  "Category": "Crafting",
  "CategoryTextOverride": "Jewelry",
  "CategoryColorOverride": "143,71,162,255",
  "Edibility": -300,
  "Price": 216,
  "IsColored": false,
  "Recipe": null,
  "GiftTastes":
    {
        "Love": ["Sebastian"],
	"Like": ["Wizard"],
        "Neutral": ["Clint","Maru","Caroline","Haley","Jodi","Emily","Pam","Penny","Sandy"],
        "Dislike": ["Abigail","Alex","Demetrius","Elliott","Evelyn","George","Harvey","Jas","Kent","Krobus","Leo","Lewis","Linus","Pierre","Robin","Sam","Dwarf","Shane","Vincent","Willy","Leah","Gus","Marnie"],
    }, 

    //i18n
  "NameLocalization": {
    "zh":"黑曜石铜徽章"
  },

  "DescriptionLocalization": {
    "zh":"一枚黄铜徽章，镶嵌了一小块切割粗糙的黑曜石。"
  }
  
}