{
"Format": "1.23.0",
"Changes": [
    {
	"LogName": "Krobus Dialogue Mod for SVE",
        "Action": "EditData",
        "Target": "Characters/Dialogue/Krobus",
		
        "Entries":
        {
            
"Mon": "我在这里出售稀有商品和外来商品。我会定期更换库存，你可以过段时间再来光顾。",
"Mon2": "……你有在矿井中遇到过和我相似的家伙吗？如果他们对你抱有敌意的话，我代他们像你道歉。我们……暗影人和人类在过去有过一些不愉快。#$b#你没有……杀过他们中的任何一个……吧？或者我还是不要知道的好……",
"Mon4": "我尝试克制那些混乱的本能，以便更多地了解其他生物，包括人类。#$b#我不认为自己比暴力分子优越，哪怕是他们的生命也应该得到珍惜。",
"Mon6": "你见过矮人吗？#$b#矮人几乎杀光了我的族人，包括族里崇尚和平共处的人。#$e#如果没有见过，我不想再谈这个了。",         
"Mon8": "不，有太阳的时候我不能出去。下雨的时候就可以，而且是最适合我外出的时候。",
"Mon10": "我很喜欢你到这里来。如果你不介意的话，我希望有一天能拜访你的家。$h",

"Tue": "“科罗布斯”在我族的意思是“过桥的人”。",
"Tue2": "所以你以种地和养动物为生？我应该可以带一些对你有帮助的东西，你星期五再过来一趟吧。",
"Tue4": "暗影人也需要进食的，我们最喜欢的植物是一种辛辣的根茎植物，春天的时候经常能在草丛里发现。#$b#我该如何向你描述那种味道呢？只是能说太美味了，美味到完全无法描述出来。",
"Tue6": "是的，这里就是我现在住的地方。#$b#我找了很多地方才找到这个完美舒适的家。",
"Tue8": "拉斯莫迪乌斯是我遇到的唯一一个与地下世界信仰一致的人类.#$b#我从他那里学到了很多东西。",
"Tues10": "暗影人如何表达友情？#$b#当我们感觉彼此非常亲近，并且愿意今后也保持亲近，我们会给对方一个特殊的黑色吊坠。但人类很难获得它。",

"Wed": "请对我的事情保密，特别是我的居所。大部分人类不曾听说过我们，少数知晓我们的人也只对我们抱以敌意和偏见。如果有人知道了我的事，一定会发生不好的事。",
"Wed2": "矮人和暗影生物之间的战争持续了一千年之久.#$b#我反对暴力,但是...唉,双方都被摧毁了一切$s.#$b#我也曾前往人类世界寻求庇护,但人类之间也同样充满暴力,所以我现在被困在这里.",
"Wed4": "暗影人是出入于黑夜的生物。﻿#$b#我族里有一些人甚至会在人类幼崽睡觉的时候捉弄他们。#$b#当然我是不会这么干的!",
"Wed6": "不久前，有两个人类小孩试图找到一条路进来。$b谢天谢地，下水道大门锁的很牢，不然我就得亲自出马把他们吓跑了。我不太想见正常人类。",
"Wed8": "你也见到过祝尼魔了？我一直很惊讶，你作为人类，似乎有很强的元素亲和力。#$b#所以拉斯莫迪乌斯才愿意和你相处吧。",
"Wed10": "我还喜欢什么？#$b#我喜欢用虚空蛋做的煎蛋卷、芥末虚空蛋和虚空蛋面，但你应该不知道怎么做。",

"Thu": "我在星期五保持缄默是出于对由巴的尊重，这是我们信仰的一部分。",
"Thu2": "我们不像人类那样由雌性体和雄性体交配再诞下后代。$b至于我们从哪里来的……你觉得影子是从哪里来的？#$b#你觉得，你脚下的阴影是新长出来的，还是没有被光线挡住的部分？#$b# #$e#某种意义上说，我就是在太阳很少出现的冬天里诞生的。",
"Thu4": "我觉得你可以尝试在下水道钓鱼，不过没什么意思。#$b#这里只有鲤鱼和一条很怪的鱼，我只依稀看见过一次。",
"Thu6": "我已经观察人类很多年了，通过这种方法学会了人类的语言。#$b#但是，只有拉斯莫迪乌斯一直一直和我保持着关系。",
"Thu8": "我很好奇你为什么不断来访，你是想来买我的东西，还是来寻找什么？",
"Thu10": "我很高兴你来了，即使知道我不是你的同类，你也还是来了。$b我也很高兴下次见到你。$h",

"Fri": "……",

"Sat": "我仍然对一般人类保持警惕。#$b#但我知道你喜欢吃东西。你要不要买点可口的虚空蛋？",
"Sat2": "我这里确实有卖食物，而且是难得的美味。#$b#该怎么获得它？这是商业机密。",
"Sat4": "我知道这看起来很傻，但即使是暗影人也需要一些启发。",
"Sat6": "感谢你尊重我周五的缄默。我希望其他暗影人和人类也能从由巴的光辉中受益匪浅。",
"Sat8": "毫无疑问，如果没有由巴的启示和指导，我将和那些失去了善心的暗影人没什么两样。",
"Sat10": "我希望你也能了解尤巴，你们的图书馆里应该有相关的书籍。",

"Sun": "你和其他人类不一样，为什么呢？",
"Sun2": "你在矿井里见过矮人吗？我知道他们喜欢地下场所。#$b#但很遗憾，我族和他们的敌对关系仍然存在。#$b#所以你下次见到他们时不要提到我，好吗？",
"Sun4": "除了我之前提到的辛辣植物，我还喜欢在矿里发现的钻石。#$b#那是我见过的最闪亮的宝石，你要是能给我一个，我会很高兴。",
"Sun6": "那个狗雕像？我来的时候它就在了，但我似乎……被它拒绝接近了。#$b#它应该是我不能使用的人类遗物。",
"Sun8": "每次你来找我，我的身体都有一种奇怪的感觉，起初我以为是怎么了……但这种感觉并不坏。",
"Sun10": "我很想找个机会去看看你的家，还有你说的农场。你的动物会害怕移动的影子吗？"

	},
},

//Magnus Add-Ons

{
	"LogName": "Krobus Dialogue Mod - Magnus - Krobus Ten Hearts",
        "Action": "EditData",
        "Target": "Characters/Dialogue/Magnus",
		
"Entries":
        {

"winter_2": "如果有一天，你不满足于只和科罗布斯当朋友，就来告诉我。到时候你需要一个虚空幽灵吊坠。去沙漠商人那里看看吧，他或许会卖。祝你好运！$1"
},
"When": {"HasMod": "FlashShifter.StardewValleyExpandedALL:true",
		"Hearts:Krobus": "10"},
},

{
	"LogName": "Krobus Dialogue Mod - Marlon - Krobus Ten Hearts",
        "Action": "EditData",
        "Target": "Characters/Dialogue/MarlonFay",
		
"Entries":
        {

"winter_2": "我看你和科罗布斯的关系越来越好了。如果哪一天你想让他搬来和你一起住，我们不会反对的。不过应该需要满足一些条件，具体就看马格努斯那边了。$1"
},
"When": {"HasMod": "FlashShifter.StardewValleyExpandedALL:true",
		"Hearts:Krobus": "10"},




    
},

{
	"LogName": "Krobus Dialogue Mod - Krobus - Post-Marriage: Magnus",
        "Action": "EditData",
        "Target": "Characters/Dialogue/Krobus",
		
"Entries":
        {

"Krobus": "我听马格努斯说你已经结婚了。是马格努斯介绍我认识马龙的，我欠他太多了！祝你新婚美满！#$h#$1"
},
"When": {"HasMod": "FlashShifter.StardewValleyExpandedALL:true",
		"Relationship:Magnus": "Married"},




    
},




    
]




}
