{
	"Changes": [

	{
           "Action": "EditData",
           "Target": "Data/NPCGiftTastes",
            "Entries": {

		"Wizard": "Ahh, this is imbued with potent arcane energies. It's very useful for my studies. Thank you!/155 422 769 768 848/Many thanks. This item has some very interesting properties./-12 72 82 84/This?... I suppose I'll cast it into the flames and see what happens./-5 -6 -81 2 16 330 766/Ughh... These are utterly mundane. Please refrain from bothering me with this in the future.//Thank you. This will prove useful, I think.//",
	}
	}


	{
		"Action": "EditData",
		"Target": "Data/NPCGiftTastes",
		"When":{ "Language":"zh" },
		 "Entries": {

	     "Wizard": "这里面充满了强大的奥术能量，它对我的研究很有用。谢谢你！/155 422 769 768 848/多谢，这个东西有一些特别的属性。/-12 72 82 84/这个？……我想我能把它丢进火里，看看会发生什么。/-5 -6 -81 2 16 330 766/……这些都是平平无奇的东西，以后请不要再拿这些来烦我了。//谢谢你，我应该会用到它的。//",
     }
     }

    ]
}