{
	"Changes": [

	{
           "Action": "EditData",
           "Target": "Data/mail",
            "Entries": {

		"RobinFinished": "@,^^ As my generous patron, I wanted you to be the first to know I finally finished work on my new line of machines! As promised, I'm sending you one, free of charge.^ To get it to work, simply place an artifact or rocky mineral into the machine, add 10 pieces of wood and 1 refined quartz, and after one week you should have a beautiful wooden display case.^ Now you can transform all those trinkets you find into valuable collector's pieces! Bear in mind though, there really isn't a market for products like this around here, so you'll have to ship the displays if you want to sell them.^ If you'd like to buy another, or simply purchase the blueprints, feel free to stop by my shop anytime between 9AM-5PM.^^   -Robin%item bigobject {{spacechase0.JsonAssets/BigCraftableId: Wood Crafting Station}} %%[#]Robin's Finished Project",
 		"RobinsAppreciation": "@,^^ I just wanted to thank you again for delivering the iron I needed. I'm currently working hard on completing the first batch of machines. I'll be sure to send one along as soon as I am finished.^^   -Robin[#]Robin's Appreciation",
		"RobinsAppreciation2": "",
		"RobinsUpdate": "@,^^ I wanted to let you know that I've re-designed the Crafting Station and made it available for purchase at my shop! With this new design you will now be able to craft a hardwood display case. The only downside is that, due to the hardness of the wood, the production time is doubled.^^              Hope to see you soon!^                                         -Robin[#]Robin's Next Design",
		"RobinsOffer": "Dear @,^^ Thanks for being a loyal customer and a good friend! As a token of my appreciation, I would like to offer you a chance to buy a copy of the blueprint to my Hardwood Crafting Station. I'll make this offer available to you indefinitely, so don't worry if you can't afford to buy it right now.^^   Thanks,^   Robin[#]Robin's Exclusive Offer",
		"RobinsInvitation": "@,^^ Do you mind stopping by my shop at your earliest convenience? I have something I'd like to show you.^^   Thanks,^   Robin[#]Robin's Invitation",
		"DwarvenBlueprint": "@,^^ Here is the copy of the blueprint I promised you. Thanks again for all your help!^^   -Clint%item craftingRecipe Copper_Crucible %%[#]Dwarven Blueprint",        
		"ShippedCrucible": "@,^^ As promised, here is the Crucible you purchased from me yesterday. Thank you for your business.^^   -Clint%item bigobject {{spacechase0.JsonAssets/BigCraftableId: Copper Crucible}}%%[#]Shipped Crucible",
		"WizardsInvitation": "@,^^ Can you come to my tower at your earliest convenience? I have something exciting I'd like to discuss with you.^^    -M. Rasmodius, Wizard[#]Wizard's Invitation",
		"WizardsGift": "@,^^ I've finally finished going over 'Light of the Elementals'. As I hoped, it contained a recipe for a device that will enchant jewelry, as well as instructions for how to use it.^ According to the text, it's the lesser in a group that's referred to only as 'The Three'. It works by pulling out the magic trapped inside a solar essence, using it to then transmute and enchant precious metals. The more valuable the metal, the more solar essence is needed, which in turn will result in a stronger enchantment.^ I've included the recipe for the device in this letter, and with my research now complete, I've sent you the one I built as well. Thanks again for bringing me the book; I hope you're able to find another one soon!^^   -M. Rasmodius, Wizard%item craftingRecipe Enchanting_Table_of_Light %%[#]The Wizard's Gift",  
		"WizardsGift2": "@,^^ Here is an 'Enchanting Table of Light'. Please see the attached letter for more details.^^   -M. Rasmodius, Wizard%item bigobject {{spacechase0.JsonAssets/BigCraftableId: Enchanting Table of Light}} %%[#]Shipped Enchanting Table of Light",
		"WizardsGift3": "@,^^ Thank you for patiently waiting on me to finish studying 'Shadows of the Underworld'. For your patience, I can finally reward you with everything I've uncovered. This includes a new recipe for another enchanting device, as well as the device itself.^ It works exactly like the first one, but instead of using Solar Essence to enchant an item, it uses Void Essence. Bear in mind, the magic within a Void Essence is more powerful, so a greater amount of time is needed for the enchanting process to finish.^ Like last time, I've included the recipe in this letter and I've shipped the device in a separate box.^^   -M. Rasmodius, Wizard%item craftingRecipe Enchanting_Table_of_Shadow %%[#]The Wizard's Second Gift",  
		"WizardsGift4": "@,^^ Here is an 'Enchanting Table of Shadow'. Please see the attached letter for more details.^^   -M. Rasmodius, Wizard%item bigobject {{spacechase0.JsonAssets/BigCraftableId: Enchanting Table of Shadow}} %%[#]Shipped Enchanting Table of Shadow",	
		"WizardsGift5": "@,^^ At last, my time with 'The Eternal Flame of Yoba' is complete! What an incredible book! The spells it contained are some of the most powerful and dangerous I've ever come across. I will have to seriously consider what to do with the knoweldge I've gained. Of course, I forsee no harm in giving you the recipe for the final enchanting device.^ Now, this device uses a Cinder Shard to achieve an enchantment, which is a very different and far more powerful object than a Solar or Void Essence. As a result, the process required to transfer the magic is quite a bit more involved and will take several more days to achieve than either of the first two. I assure you though, the final product does not dissapoint and is worth the wait!^^   -M. Rasmodius, Wizard%item craftingRecipe Enchanting_Table_of_Fire %%[#]The Wizard's Final Gift",  
		"WizardsGift6": "@,^^ Here is an 'Enchanting Table of Fire'. Please see the attached letter for more details.^^   -M. Rasmodius, Wizard%item bigobject {{spacechase0.JsonAssets/BigCraftableId: Enchanting Table of Fire}} %%[#]Shipped Enchanting Table of Fire",	

			}
	}

//中文翻译 - 以朝制作
	{
		"Action": "EditData",
		"Target": "Data/mail",
		"When": { "Language": "zh" },
		 "Entries": {

	 "RobinFinished": "@：^^    作为我慷慨的赞助人，你值得第一个知道我的新机器完成了！按照约定，我免费给你寄了一台。^    至于使用方法，只需把1件古物或1块矿石放入机器，再添加10块木头和1块精制石英。等待一个星期后，你就拥有了一个漂亮的木制展示柜。^    现在你可以把你找到的所有“小饰品”变成有价值的收藏品了！不过这类产品在本地并没有市场，如果你想出售它们，可以卖给我，我会把它们运到更远的大城市。^    如果你想再买一台机器，或者干脆掌握它的制作工艺（是的，我会卖给你它的图纸！），请在上午9点到下午5点之间来我的店里。^^                    ——罗宾%item bigobject {{spacechase0.JsonAssets/BigCraftableId: Wood Crafting Station}} %%[#]罗宾制作的机器",
	  "RobinsAppreciation": "@：^^    我只是想再次感谢你送来了我需要的铁块。目前我正在努力完成第一批机器，一旦完工就立刻给你寄一台。^^                    ——罗宾[#]罗宾的感谢",
	 "RobinsAppreciation2": "",
	 "RobinsUpdate": "@：^^    我重新设计了加工器，并在我的商店上线了！有了这台新加工器，你可以制作出硬木展示柜。唯一的缺点是，由于硬木的坚硬使其更难切割，制作时间是木制展示柜的两倍。^^    期待你的到来！^                    ——罗宾[#]罗宾的第二台机器",
	 "RobinsOffer": "亲爱的@：^^    感谢你成为我们忠实的客户和好友！为了表示我的谢意，我愿意将硬木加工器的蓝图卖给你。即便你现在买不起也不用担心，我会无限期的为你提供这个优惠。^^                    感激的，^                    罗宾[#]罗宾的独家优惠",
	 "RobinsInvitation": "@：^^    你能抽时间来我店里一趟吗？我有样东西要给你看。^^                    感激的，^                    罗宾[#]罗宾的邀请",
	 "DwarvenBlueprint": "@：^^    这是我答应给你的图纸副本。再次感谢你的帮助！^^                    ——克林特%item craftingRecipe Copper_Crucible %%[#]矮人的图纸",        
	 "ShippedCrucible": "@：^^    这是你昨天买下的熔炉，感谢你的惠顾。^^                    ——克林特%item bigobject {{spacechase0.JsonAssets/BigCraftableId: Copper Crucible}}%%[#]寄来的熔炉",
	 "WizardsInvitation": "@：^^    请尽快来找我，我有件振奋人心的事要和你谈。^^                    ——法师 M·拉斯莫迪斯[#]法师的邀请",
	 "WizardsGift": "@：^^    我终于看完了《光之元素》。正如我所期待，它记载了一台能给珠宝附魔的机器，画下了详细的图纸并列出使用说明。^    根据记载，这台机器是“三台”之中魔法较弱的那台。它的工作原理是提取太阳精华中的魔力，将其转化并依附在贵金属上。越贵重的金属就需要越多的太阳精华，也意味着更强大的魔力。^我在信的后面附上了图纸的副本，制作出的机器也一并送你，我对它的研究已经完成了。再次感谢你带给我这本书，希望你能尽快找到下一本！^^                    ——法师 M·拉斯莫迪斯%item craftingRecipe Enchanting_Table_of_Light %%[#]法师的礼物",  
	 "WizardsGift2": "@：^^    这是我根据图纸制造的光之锻造台，具体信息请阅读附带的信件。^^                    ——法师 M·拉斯莫迪斯%item bigobject {{spacechase0.JsonAssets/BigCraftableId: Enchanting Table of Light}} %%[#]寄来的光之锻造台",
	 "WizardsGift3": "@：^^    感谢你耐心等我读完《地下世界的影子们》，现在我将用收获的成果回报你：一台更高级的附魔机器以及它的图纸副本。^    它的工作原理和光之锻造台完全一样，但并不使用太阳精华而是虚空精华。虚空精华中蕴含的魔力更为强大，所以影之锻造台需要更多的时间进行提取和附魔。^    和上次一样，图纸附在信的结尾，机器则装在单独的盒子里。^^                    ——法师 M·拉斯莫迪斯%item craftingRecipe Enchanting_Table_of_Shadow %%[#]法师的第二件礼物",  
	 "WizardsGift4": "@：^^    这是我根据图纸制造的影之锻造台，具体信息请阅读附带的信件。^^                    ——法师 M·拉斯莫迪斯%item bigobject {{spacechase0.JsonAssets/BigCraftableId: Enchanting Table of Shadow}} %%[#]寄来的影之锻造台",	
	 "WizardsGift5": "@：^^    我终于读完了《尤巴的永恒火焰》！多么不可思议的一本书，里面记载的魔咒净是些我见过的最强大最危险的咒语，我必须谨慎考虑这些知识的传播和运用。但我认为给你最后一台附魔机器的图纸不会造成麻烦。^    这台机器能用一块火山晶石进行附魔。火山晶石蕴藏的魔力非比寻常，比太阳精华和虚空精华的更为强大，因此提取和附魔的过程比前两者更复杂，耗时更长。但我向你保证，它的成果值得这样漫长的等待，不会令你失望的！^^                    ——法师 M·拉斯莫迪斯%item craftingRecipe Enchanting_Table_of_Fire %%[#]法师的最后一件礼物",  
	 "WizardsGift6": "@：^^    这是我根据图纸制造的火之锻造台，具体信息请阅读附带的信件。^^                    ——法师 M·拉斯莫迪斯%item bigobject {{spacechase0.JsonAssets/BigCraftableId: Enchanting Table of Fire}} %%[#]寄来的火之锻造台",	

		 }
    }
    ]
	
}