{
    "Name": "Enchanting Table of Fire",
    "Description": "Infuses and transforms precious metals using the magic contained within a cinder shard.",
    "Price": 500,
    "ProvidesLight": false,
    "ReserveExtraIndexCount": 9,
    "Recipe":
    {
        "ResultCount": 1,
         "Ingredients": [
        {
            "Object": 74,
            "Count": 1,
        },
	{
            "Object": 337,
            "Count": 10,
        },
        {
            "Object": 848,
            "Count": 25,
        }, 
	{
            "Object": 338,
            "Count": 2,
        },
	],
        "CanPurchase": false,
        "IsDefault": false,
    },
    "CanPurchase": false,
    "IsDefault": false,

//i18n
    "NameLocalization":
    {
        "zh":"炎之锻造台"
    },
    
    "DescriptionLocalization":
    {
        "zh":"利用火山晶石的魔力转换贵金属的属性并为其附魔。"
    }
}