{
    "Shops": [
    {
        "ShopName": "ClothingStand",
        "PortraitPath": "assets/Portrait.png",
        "Quote": "Hiya, poke! Me sell clothes, lots and lots. oke poke!",
        "LocalizedQuote":
        {
            // "es": "",
             "ko": "안뇽, 친구! 나 옷 마니마니 판다쥐!",
            // "de": "",
             "fr": "Aya, poke! Moi vendre vêtements, beaucoup beaucoup. Ok poke!",
            // "hu": "",
            // "it": "",
            // "ja": "",
            // "pt": "",
            // "ru": "",
             "tr": "Selam, dürtük! Kıyafet satıyorum, fazla fazla. tamam mı dürtük!",
             "zh": "吱吱，你好！我在卖衣服，各种各样数不清的衣服。带上你的钱来看看吧，叽！" 
        },
        "ShopPrice": 1000,
        "MaxNumItemsSoldInStore": 30,
        "ItemStocks": [
        {
            "ItemType": "Clothing",
            "JAPacks": [
                "missy.shirtsja",
                "bb.shirtsmodja",
                "coii.shirtsandgirlssetcollectionja",
                "Sydney.SydsPlaidsJA",
                "tacodevourer.cuteshirtsja",
                "alicedafox.newshirtsja",
                "ran.suitstuxedosja",
                "ran.weddingflowerdanceattireja",
                "Lumisteria.LumisteriaClothes",
            ],
            "MaxNumItemsSoldInItemStock": 20,
        }, ],
    }, ]
}