{
  "Name": "铱魔杖",
  "Description": "一把铱权杖，镶嵌着一大块完美无瑕的五彩碎片。它蕴藏着强大的魔力。",
  "Category": "Crafting",
  "CategoryTextOverride": "Jewelry",
  "CategoryColorOverride": "143,71,162,255",
  "Edibility": -300,
  "Price": 6940,
  "IsColored": false,
  "Recipe": null,
  "GiftTastes":
    {
	"Love": ["Pierre","Leah","Clint","Abigail","Dwarf","Emily","Wizard","Maru","Alex","Demetrius","Elliott","Evelyn","George","Harvey","Jas","Kent","Krobus","Leo","Lewis","Linus","Robin","Sam","Sebastian","Shane","Vincent","Willy","Gus","Marnie","Caroline","Jodi","Pam","Penny","Sandy"],
        "Hate": ["Haley"],    	
    },  
  
}