{
"Format": "1.21.0",
"Changes": [
    
    // 1.0.0 ------------------------------------------------------------------
    
    //Elliott Beach | 5 hearts
{
"Action": "EditData",
"Target": "Data/Events/Beach",
"Entries": {
            "59021001/f Elliott 1250/w sunny/t 2200 2300": "moonlightJellies/12 38/farmer 11 30 2 Elliott 13 38 1/skippable/pause 1500/move farmer 0 8 1/pause 500/faceDirection Elliott 3/speak Elliott \"噢，你好，@。$0#$b#见到你真是件令人愉快的事。$1\"/pause 800/faceDirection Elliott 2/pause 700/faceDirection farmer 2/pause 800/speak Elliott \"大海能让人身心都得到放松，你不觉得吗？$0\"/pause 500/speak Elliott \"当我思绪过于繁杂时，我就喜欢到海边散心。$0\"/pause 950/emote Elliott 40/pause 800/faceDirection farmer 1/pause 650/emote farmer 8/pause 800/faceDirection Elliott 3/pause 700/speak Elliott \"事实上...我很高兴你今天来到了这里。$0\"/pause 600/speak Elliott \"你知道我才搬来这里不久。$0\"/pause 700/speak Elliott \"为了成为一名作家，我认为自己需要离开家乡，走向远方。辽阔的世界等待着我去探索。$0\"/pause 700/speak Elliott \"我必须承认，刚开始我有一点点后悔...$3#$b#把一切抛之脑后是很困难的，我非常想念自己的父母和朋友。$3\"/pause 700/speak Elliott \"但在你也搬到鹈鹕镇后不久，我就不再这样了，@。$0#$b#你在农场辛勤劳作的样子真的很鼓舞人心。$1\"/pause 700/speak Elliott \"你帮了我很多，即使你自己也没有注意到。$0\"/pause 700/emote farmer 32/pause 700/speak Elliott \"好吧... 夜深了，现在我们应该离开了。$0\"/pause 500/speak Elliott \"很荣幸能见到你，@。$1\"/pause 900/end"
            },
      },
    
    //Jas and Vincent Forest | 2 hearts
{
"Action": "EditData",
"Target": "Data/Events/Forest",
"Entries": {
            "59021002/f Jas 500/f Vincent 500/w sunny/z spring/z fall/z winter/t 1200 1300": "summer3/40 13/farmer 1000 1000 2 Jas 40 11 2 Vincent 54 13 3/skippable/animate Jas false true 120 16 17 18 19/pause 1600/move Vincent -14 0 0/pause 700/stopAnimation Jas/pause 500/speak Vincent \"嗨，贾斯！$1\"/pause 600/speak Jas \"你好，文森特。$0\"/pause 500/speak Jas \"你在这里干什么？$3#$b#不是应该去找潘妮小姐吗，我记得你今天还有一节课。$3\"/pause 600/speak Vincent \"是的，我还有课。$0#$b#但是我做完了所有的练习，所以我妈妈让我来这里找你玩。$1\"/pause 500/emote Jas 32/pause 600/speak Jas \"好吧，那你想做什么？$0#$b#我们可以像上周那样去河里玩。$4\"/pause 600/speak Vincent \"其实，山姆跟我说他几天前在海滩上发现了一个彩虹贝壳。$0#$b#但他没捡回来。$2#$b#他还说那个贝壳很漂亮。我没见过，想去找来看。$0\"/pause 600/speak Jas \"呃……我不知道能不能去。$3#$b#今天要早睡的……$3\"/pause 600/emote Vincent 28/pause 500/speak Vincent \"别呀，来吧贾斯。$2#$b#这肯定会有趣的！$3\"/pause 600/speak Vincent \"我们也可以拿给潘妮小姐看。$0\"/pause 600/speak Jas \"好吧，我和你一起。$0#$b#我要先和玛妮阿姨说一声，很快就回来。$0\"/pause 500/emote Vincent 32/pause 800/end"
            },
      },

    //Pam and Gus Saloon | 2 hearts
{
"Action": "EditData",
"Target": "Data/Events/Saloon",
"Entries": {
            "59021003/f Pam 500/f Gus 500/t 2000 2100": "Saloon1/8 19/farmer 11 20 0 Clint 1 22 2 Emily 14 18 2 Leah 2 20 1 Elliott 5 20 3 Pierre 9 22 1 Pam 7 18 1 Gus 9 18 3/skippable/pause 1700/speak Pam \"格斯，我告诉你一件事……$4\"/pause 500/emote Gus 8/pause 800/speak Pam \"这是我这辈子吃过最棒的琉璃山药了。$1\"/pause 600/speak Gus \"潘姆，你等一下……$1\"/pause 500/speak Gus \"我很高兴你能喜欢，皮埃尔最近在出售高质量的食材。$0#$b#我想他是从那个新来的农场主手上收购的，就是@。$0\"/pause 700/speak Pam \"@...$0#$b#那孩子真是勤劳啊。$0\"/pause 600/speak Pam \"*叹气*我已经不再像年轻时那样有精力了。$2\"/pause 700/speak Gus \"别那么说，我们依旧年轻。$0\"/pause 500/emote Pam 40/pause 700/speak Gus \"这样吧……我拿两杯淡啤酒来，然后我们放松一下？$1\"/pause 700/speak Pam \"听起来不错，淡啤酒总能让我高兴起来。$1\"/pause 1500/end"
            },
      },

    //George JoshHouse | 8 hearts
{
"Action": "EditData",
"Target": "Data/Events/JoshHouse",
"Entries": {
            "59021004/f George 2000/t 1600 1700": "desolate/15 18/farmer 1000 200 0 George 18 17 0/skippable/pause 1500/playSound doorOpen/pause 150/warp farmer 9 24/faceDirection farmer 0/pause 350/move farmer 0 -5 1/move farmer 5 0 0/move farmer 0 -2 1/move farmer 3 0 1/pause 350/emote George 16/pause 700/faceDirection George 3/pause 700/speak George \"嗯？是你，@。$0\"/pause 500/speak George \"我没听到你进来。$0#$b#你知道我老了……$2\"/pause 500/emote George 28/pause 700/emote farmer 8/pause 750/speak George \"我在翻相册。$0\"/pause 750/speak George \"时间过得真快， @……#$b#想当年，我和你现在一样大，也是充满了梦想。$0\"/pause 750/speak George \"那时，艾芙琳刚和我结婚。我们忙着找地方定居，养家糊口。$1\"/pause 750/speak George \"我还记得，她告诉我她怀孕了，之后不久我们便搬了过来。 $1#$b#你看，这是我们当时的照片。$1\"/pause 800/speak George \"那是我这一生中最快乐的时光。$1\"/pause 800/speak George \"但是，克莱拉很早就走了……$2#$b#我们很伤心，她是我们唯一的女儿……$2#$b#而且亚历克斯还小，他需要母亲。$2\"/pause 900/speak George \"你不用担心我。$0#$b#艾芙琳一直在我身边，这是件幸事。$0\"/pause 700/speak George \"她一直如此美丽且坚强。$1\"/pause 800/speak George \"希望哪一天，你也能找到像她这么好的伴侣，@。$1\"/pause 500/emote farmer 20/pause 1000/end"
            },
      },

    //Sebastian and Robin SebastianRoom | 3 hearts
{
"Action": "EditData",
"Target": "Data/Events/SebastianRoom",
"Entries": {
            "59021006/f Sebastian 750 Robin 750/z summer/t 2000 2100": "sadpiano/6 8/Sebastian 11 9 2 Robin 1000 2000 0 farmer 1500 200 0/skippable/pause 1800/speak Robin \"塞巴斯蒂安，晚饭已经好了！$0\"/pause 80/emote Sebastian 12/pause 1000/speak Robin \"塞巴斯蒂安？$0#$b#你听到了没有？$0\"/pause 850/playSound doorOpen/pause 150/warp Robin 1 4/faceDirection Robin 2/pause 500/speak Robin \"你在吗，塞巴斯蒂安？$0\"/pause 350/move Robin 0 2 1/move Robin 5 0 2/move Robin 0 3 1/move Robin 3 0 1/pause 350/speak Robin \"塞巴斯蒂安，你还好吗？睡着了？$2\"/pause 700/faceDirection Sebastian 3/pause 500/speak Sebastian \"……$5\"/pause 390/emote Robin 16/pause 600/speak Robin \"脸红得发烫……塞巴斯蒂安！$2\"/pause 500/speak Robin \"生病了为什么不说？$2#$b#我让玛鲁给你拿些药……$2\"/pause 500/speak Sebastian \"啊……$5#$b#拜托，让我一个人静静……$5\"/pause 600/speak Robin \"我怎么能丢下你一个人？$2#$b#你是我儿子，而且生病了！$2\"/pause 500/speak Sebastian \"我只是不需要你帮忙，我没事……$5\"/pause 500/emote Robin 12/pause 600/speak Robin \"由巴在上，你明显是不好。$2\"/pause 500/speak Robin \"我知道，最近家里情况不太好。$2#$b#但我仍然是你的妈妈，我也在关心你。$2\"/pause 500/speak Robin \"所以我会照顾你，不管你想不想。$5\"/pause 700/speak Sebastian \"……$5#$b#好吧……$5\"/pause 500/speak Robin \"好，在这儿等我，我很快就拿药回来，OK？$0\"/pause 1200/end"
            },
      },
    
    //Caroline, Jodi, Robin, Marnie Sunroom | 4 hearts
{
"Action": "EditData",
"Target": "Data/Events/Sunroom",
"Entries": {
            "59021007/e 719926/f Caroline 1750/t 1100 1200": "spring_day_ambient/5 8/Caroline 5 7 2 farmer 1500 200 0 Marnie 4 8 1 Robin 6 8 3 Jodi 5 9 0/skippable/pause 1000/speak Caroline \"你们觉得日光室怎么样？$1\"/pause 500/speak Jodi \"很漂亮，而且能让人放松下来。$0\"/pause 600/speak Marnie \"我也想在牧场里布置一个这样的地方，但是空间好像不够。$0\"/pause 600/speak Robin \"我可以帮你量身定制一个日光室，很简单的。$1\"/pause 600/speak Caroline \"那倒没必要啦，只要你想，随时都能过来。$0\"/pause 600/speak Caroline \"我们还能一起吃晚餐，我们已经很久没聚在一起了。$0\"/pause 600/speak Jodi \"那真的太好了。$0#$b#最近我实在太忙了，有时候男孩子真的很难照顾。$0\"/pause 600/speak Robin \"我们都应该休息一下了，这周六如何？$1\"/pause 600/speak Marnie \"可以，我会给你们带点新鲜的奶酪。$1\"/pause 500/speak Caroline \"那就这么定了。$1\"/pause 500/speak Caroline \"都来喝杯茶吧，这是我昨天才买的。你们一定会喜欢。$1\"/pause 500/emote Caroline 32/pause 1200/end"
            },
      },
    
    //Pierre SeedShop | 10 hearts
{
"Action": "EditData",
"Target": "Data/Events/SeedShop",
"Entries": {
            "59021008/e 16/f Pierre 2500/z summer/t 1100 1200": "breezy/6 19/Pierre 4 17 2 farmer 1500 200 0 Lewis 12 23 0 Elliott 2 22 3 Evelyn 9 26 1/skippable/pause 800/playSound doorOpen/warp farmer 6 29/faceDirection farmer 0/move farmer 0 -7 0/pause 200/emote Pierre 16/pause 350/speak Pierre \"是你啊，@！$1#$b#我等你很久了。$0\"/pause 350/emote farmer 8/pause 600/speak Pierre \"到这儿来，我想和你谈点事。$0\"/pause 380/move farmer 0 -2 3/move farmer -2 0 0/move farmer 0 -1 0/pause 600/speak Pierre \"你看……还记得不久前发生的“事故”吗？$4\"/pause 500/speak Pierre \"就是你发现我秘密的时候……$4\"/pause 700/speak Pierre \"总之，你走后我又想了想，觉得自己错了……$2\"/pause 700/speak Pierre \"卡洛琳是我的妻子，我不该对她有所隐瞒……$2\"/pause 700/speak Pierre \"所以我打算今晚向她坦白！但在那之前……$0\"/pause 500/speak Pierre \"你能不能卖给我一些夏季亮片？$0\"/pause 500/speak Pierre \"我知道现在并不是夏天，但卡洛琳很喜欢这种花。我想送她这种花作为补偿。$0\"/pause 500/emote farmer 60/pause 700/speak Pierre \"啊，你没有？$2\"/pause 600/speak Pierre \"行吧，没关系，我还有B计划！$1\"/pause 500/speak Pierre \"今早威利过来卖了些金枪鱼给我，我准备今晚拿来做鱼肉卷。$1\"/pause 700/speak Pierre \"你要是愿意的话也可以过来，阿比盖尔会很开心。$0\"/pause 500/emote farmer 32/pause 700/speak Pierre \"我们等你！$1\"/pause 1200/end"
            },
      },
    
    //Haley and Emily HaleyHouse | 5 hearts
{
"Action": "EditData",
"Target": "Data/Events/HaleyHouse",
"Entries": {
            "59021009/f Haley 1250/f Emily 1250/t 1400 1500": "EmilyTheme/20 18/farmer 1500 200 0 Emily 18 18 1 Haley 22 18 3/skippable/pause 1800/speak Haley \"嘿，艾米莉……$7\"/pause 600/speak Emily \"海莉，怎么了？$0\"/pause 600/speak Haley \"我在想些事……$7\"/pause 500/speak Haley \"爸爸妈妈就快要回来了吧？$2\"/pause 600/speak Emily \"……我不知道。$3#$b#他们一开始说几个月，现在看来他们乐不思蜀了。$3\"/pause 500/speak Emily \"已经两年了……$3\"/pause 600/emote Haley 28/pause 700/speak Haley \"你不想他们吗？$2#$b#他们不在身边这么久，感觉好奇怪……$2\"/pause 500/speak Haley \"他们有时候是烦人，但我想见他们了。$2\"/pause 500/emote Emily 60/pause 700/speak Emily \"我也有时候很想他们。$2\"/pause 700/speak Emily \"那给他们打电话吧！$1#$b#他们现在应该在旅馆。$0\"/pause 500/emote Haley 16/pause 700/speak Haley \"好呀！我去拿手机。$1\"/pause 350/emote Emily 32/pause 1200/end"
            },
      },
    
    //Penny and Maru ArcheologyHouse | 3 hearts
{
"Action": "EditData",
"Target": "Data/Events/ArchaeologyHouse",
"Entries": {
            "59021010/f Penny 750/f Maru 750/t 1700 1800": "libraryTheme/6 11/farmer 13 9 0 Elliott 16 9 0 Maru 1000 1000 2 Penny 10 11 3/skippable/pause 1500/playSound doorOpen/pause 100/warp Maru 3 15/faceDirection Maru 0/pause 800/emote Maru 8/pause 700/move Maru 0 -5 0/pause 500/speak Maru \"冈瑟？$0#$b#你在吗？$0\"/faceDirection Penny 2/move Penny 0 3 3/move Penny -3 0 0/move Penny 0 -4 3/move Penny -2 0 3/pause 200/speak Penny \"你好，玛鲁。$0#$b#我听到你要找冈瑟。$0\"/pause 500/faceDirection Maru 1/pause 300/speak Penny \"他去见刘易斯镇长了，不知道他什么时候回来。$0\"/pause 600/speak Maru \"好吧，我想找他借本书……$2\"/pause 500/speak Maru \"谢谢你，潘妮。$0#$b#我明天再来。$0\"/pause 600/faceDirection Maru 2/pause 250/speak Penny \"等等！$3\"/pause 500/faceDirection Maru 1/pause 250/emote Maru 8/pause 600/speak Penny \"也许我能帮你忙。$0#$b#毕竟图书馆算是我的第二个家。$1\"/pause 600/speak Maru \"那太好了！$1\"/pause 500/speak Maru \"我在找一本医学书。$0#$b#是哈维推荐我的。$0\"/pause 600/speak Penny \"医学书籍就在这，跟我来。$1\"/pause 500/faceDirection Penny 1/move Penny 3 0 1/move Maru 3 0 2/move Maru 0 1 1/move Maru 2 0 1/pause 500/speak Penny \"在这里。$0#$b#不同类型的书是按照字母顺序排列的，所以不难找。$0\"/pause 500/emote Maru 32/pause 650/speak Maru \"太好了，接下来我自己找吧。$0#$b#谢谢你，潘妮。$1\"/pause 500/speak Penny \"不客气！$1\"/pause 1100/end"
            },
      },
    
    //Abigail, Sam, Leah Beach | 5 hearts
{
"Action": "EditData",
"Target": "Data/Events/Beach",
"Entries": {
            "59021011/f Abigail 1250/f Sam 1250/f Leah 1250/w sunny/z spring/z fall/z winter/t 1500 1600": "poppy/44 23/farmer 1000 1000 0 Abigail 44 23 2 Sam 45 23 2 Leah 44 11 2/skippable/pause 1500/speak Abigail \"今天塞巴斯蒂安没和我们一起来，太可惜了。$0\"/pause 500/speak Sam \"是啊。$0#$b#天气那么好，我好想下去游泳。$1\"/move Leah 0 10 2/pause 250/speak Leah \"嗨，那边!$1\"/pause 300/faceDirection Abigail 0/faceDirection Sam 0/speak Leah \"你们在晒阳光浴沐吧？$1\"/pause 500/speak Sam \"嗨，莉亚。$1#$b#我们准备去游泳呢。$0\"/pause 250/speak Sam \"你要不要跟我们一起？$1\"/pause 500/speak Leah \"可我在给自己找灵感。$0#$b#我想去画几幅速写。$0\"/pause 300/emote Abigail 16/pause 600/speak Abigail \"你带速写本了吗？$0#$b#我喜欢你的画，一直想好好看看。$1\"/pause 500/emote Leah 32/pause 650/speak Leah \"当然可以啦。$1\"/pause 500/playSound backpackIN/pause 150/move Leah 0 1 2/showFrame Leah 35/pause 500/speak Leah \"看这幅画，是我去年冬天画的，那时文森特和贾斯在我家附近玩。$0\"/pause 600/speak Abigail \"画的真好。$1\"/pause 500/speak Sam \"是呀，你真有天赋。$1\"/pause 500/showFrame Leah 0/pause 150/emote Leah 32/pause 600/speak Leah \"对了！你们不是要游泳吗？$0#$b#我可以给你们画画，正好能当练习。$1\"/pause 500/speak Sam \"真的吗？太好啦！。$1\"/pause 350/emote Abigail 32/pause 1200/end"
            },
      },

    //Elliott, Leah Saloon | 2 hearts event
{
"Action": "EditData",
"Target": "Data/Events/Saloon",
"Entries": {
            "59020031/f Elliott 500/f Leah 500/d Mon Tue Wed Thu Sat/t 1700 1900": "Saloon1/9 20/farmer 18 20 0 Willy 17 22 2 Pam 7 18 1 Clint 19 23 3 Lewis 8 22 1 Marnie 7 22 3 Emily 10 18 2 Gus 14 18 2 Elliott 4 19 2 Leah 2 20 1/skippable/animate Gus false true 250 18 19 20/animate Lewis false true 150 19 19 19 19 19 19 19 19 19 19 19 19 19 19 22 23 23 23/animate Marnie false true 150 20 20 20 20 20 20 20 20 20 20 20 20 20 20 20 20 21 22 22 23 23/pause 2800/speak Elliott \"莉亚，你要再来一杯吗？$0\"/pause 900/speak Leah \"要，谢谢！$1\"/pause 800/faceDirection Elliott 1/pause 390/speak Elliott \"调酒师!$0#$b#麻烦给这位小姐再来一杯酒。$0\"/pause 300/stopAnimation Gus/pause 390/faceDirection Gus 3/pause 280/speak Gus \"来啦！$0\"/pause 600/move Gus 0 -1 1/move Gus 3 0 0/pause 280/playSound Milking/pause 1200/move Gus -11 0 2/move Gus 0 3 3/move Gus -1 0 3/pause 350/speak Gus \"你要的酒来了。$0\"/pause 80/playSound dwoop/pause 500/speak Leah \"谢谢你，格斯。$0\"/pause 650/move Gus 1 0 0/move Gus 0 -3 1/move Gus 8 0 2/move Gus 0 1 2/pause 100/animate Gus false true 250 18 19 20/pause 800/faceDirection Elliott 2/pause 1000/speak Elliott \"嗯……你最近在做什么？$0#$b#你的艺术之路顺利吗？$0\"/pause 780/speak Leah \"……$2#$b#*叹气* 不太好……$2\"/pause 800/speak Elliott \"发生什么了？$2\"/pause 850/speak Leah \"其实……$2#$b#我刚搬来这里的时候，觉得乡村生活能让我充满灵感。但现在好像并非如此……$2\"/pause 680/speak Leah \"而且，我最近很难集中注意力……$2\"/pause 1200/speak Leah \"我是一个真正的艺术家吗……？$2\"/pause 380/emote Leah 28/pause 680/speak Leah \"艾利欧特，你能理解我说的吧？$3\"/pause 850/speak Elliott \"当让可以。但是，不要质疑你作为艺术家的天赋。$7\"/pause 720/speak Elliott \"我还记得你第一次给我看你的画，$0\"/pause 720/speak Elliott \"当时，我能从你的眼睛里看到激情和热爱。$0#$b#你不仅现在是，而且将来也永远是一名艺术家。$0\"/pause 390/emote Leah 60/pause 850/speak Elliott \"你只是需要一点时间理清思绪。$0#$b#我有时候也会缺乏灵感，这很正常。$0\"/pause 800/speak Elliott \"不过幸好，我住在海边。$0#$b#大海最能陶冶心灵，激发灵感。$1\"/pause 950/speak Elliott \"或许你应该找个时间来海滩。$0#$b#你不是有一个水彩盒吗？ 你可以带着它到海边，尝试描绘海洋的美丽。$0\"/pause 950/speak Elliott \"如果哪天空闲多，你也可以来我家喝杯酒。$1\"/pause 800/speak Leah \"听起来不错。$1\"/pause 750/speak Leah \"我一定会带一份新鲜的蔬菜沙拉。$0#$b#你知道的，我很擅长觅食。$1\"/pause 390/emote Elliott 32/pause 2100/end dialogue Leah \"艾利欧特能真正理解作为一个艺术家会遇到的荆棘。$0\""
            },
      },
    
     //Leah, Haley Forest | 2 hearts
{
"Action": "EditData",
"Target": "Data/Events/Forest",
"Entries": {
            "59020017/f Haley 500/f Leah 500/w sunny/t 1100 1300": "50s/94 39/farmer 1000 1000 2 Haley 93 39 2 Leah 104 33 0/skippable/animate Haley false true 280 30 30 30 30 30 31 24 24 24 24 24 27 27 27 27 27 24 31/pause 1800/playSound doorClose/move Leah 0 2 3/move Leah -6 0 2/pause 1000/move Leah 0 4 3/move Leah -3 0 3/pause 600/speak Leah \"嗨，海莉！$1#$b#在拍照吗?$1\"/pause 500/stopAnimation Haley/showFrame Haley 33/pause 600/speak Haley \"你好呀，莉亚。$7#$b#我在拍照，森林是一个不错的摄影背景。$0\"/pause 600/speak Leah \"我也喜欢沿着河边散步,寻找灵感。$0\"/pause 700/speak Haley \"没错，你以前是算是个画家，对吗？$0\"/pause 600/speak Leah \"是的。$1#$b#我也做一些雕塑。$0\"/pause 500/speak Leah \"其实，我在读高中的时候，就对摄影感兴趣了。$0#$b#但是跟其他人比，我拍出来的照片就很普通。$2\"/pause 500/speak Leah \"所以现在我专注于绘画和雕塑。$0\"/pause 500/speak Leah \"我打赌，你拍的照片一定比我的好。$1\"/pause 680/speak Haley \"别这样，别以为我这方面很厉害。$0#$b#这只是一个爱好。$0\"/pause 700/speak Leah \"让我看看……$0\"/pause 200/move Leah 0 -1 3/move Leah -2 0 2/pause 1000/emote Leah 40/pause 800/speak Leah \"你看！这些照片真是不可思议!$1\"/pause 600/speak Leah \"我喜欢你在这张照片中对光线的运用。$1#$b#这幅作品的构图很简单，但也很优秀。$1\"/pause 800/speak Haley \"你说真的吗？$1\"/pause 600/speak Leah \"当然!$1#$b#你要是愿意，可以去成为一名专业摄影师。$0\"/pause 500/emote Haley 32/pause 390/move Leah 2 0 2/move Leah 0 1 3/pause 600/speak Leah \"实际上，我想请你帮个忙。$0\"/pause 500/speak Leah \"我最近实在是没多少灵感了……$2#$b#真的很需要一些材料做参考。$0#$b#我喜欢你的照片，所以想借鉴一些你拍的作品。$0\"/pause 500/speak Leah \"你愿意吗？$1\"/pause 500/emote Haley 16/pause 500/speak Haley \"从来没有人对我的照片如此感兴趣。$1#$b#我很乐意给你，你想要哪张都行。$1\"/pause 500/speak Leah \"谢谢你，海莉!$1\"/pause 500/speak Leah \"我得走了。$0#$b#你什么时候来都行，我一般都在家。$0\"/pause 500/speak Leah \"再见，海莉。我等你哟。$1\"/pause 600/speak Haley \"再见，莉亚！$1\"/pause 500/move Leah 3 0 0/move Leah 0 -10 0/pause 500/end dialogue Leah \"你看过海莉的照片吗？$0#$b#那真是太棒了！$1\""
            },
      }, 
    
     //Harvey, Maru HarveyRoom | 2 hearts
{
"Action": "EditData",
"Target": "Data/Events/HarveyRoom",
"Entries": {
            "59020005/f Harvey 500/f Maru 500/t 1000 1200": "distantBanjo/8 7/farmer 1000 1000 2 Harvey 4 5 1 Maru 6 13 0/skippable/showFrame Harvey 23/pause 1000/playSound clank/pause 320/playSound trashcan/pause 390/playSound clank/pause 800/speak Maru \"哈维医生，你在家吗？$0#$b#我来给妈妈买能量滋补水。$0\"/pause 250/playSound clank/pause 280/playSound clank/pause 500/speak Maru \"哈维医生？$0\"/pause 300/playSound doorOpen/move Maru 0 -6 0/pause 500/speak Harvey \"怎么不起作用……$9\"/pause 390/emote Maru 8/pause 600/speak Maru \"哈维医生！$0\"/pause 300/showFrame Harvey 28/pause 100/shake Harvey 500/pause 500/speak Harvey \"啊！——$10\"/pause 700/move Harvey 2 0 2/pause 600/speak Harvey \"天呐，玛鲁，你吓到我了……$7\"/pause 750/speak Maru \"是你太专心了。我叫了你好几次，你都没听见。$0\"/pause 600/speak Harvey \"这样吗？$2#$b#抱歉……$2\"/pause 600/speak Harvey \"你需要什么？$0\"/pause 700/speak Maru \"我要买能量滋补水。$0\"/pause 750/speak Harvey \"好，我帮你准备。$2\"/pause 820/speak Maru \"哈维医生，你没事吧？你看起来很失落……$8\"/pause 850/speak Harvey \"唉……$2#$b#……这是我的收音机。$2\"/pause 500/speak Harvey \"我喜欢追踪飞过星露谷的飞机。$0\"/pause 500/speak Harvey \"这是我的爱好，虽然听起来很怪。$0#$b#因为我从小就梦想着当一名飞行员。$1\"/pause 750/speak Harvey \"但是现在，我用的收音机坏了。$2\"/pause 390/speak Harvey \"我尝试修好它，但找不出故障的地方。$2\"/pause 780/speak Maru \"你是说这台收音机？$0#$b#我应该可以帮你。$1\"/pause 650/speak Maru \"Y你也知道我有个小工坊，我会在里面制造和修理各种机械。$0\"/pause 680/speak Harvey \"真的？那我欠你一个大人情，玛鲁。$1\"/pause 700/speak Maru \"没事，让我看看……$0\"/pause 700/move Maru -1 0 0/move Maru 0 -1 0/move Maru -2 0 0/move Maru 0 -2 1/faceDirection Harvey 3/pause 850/speak Maru \"好...$0\"/pause 500/animate Maru false true 150 16 17 18 20 22 23/pause 100/playSound clank/playSound clank/pause 50/playSound clank/playSound clank/playSound clank/pause 150/playSound clank/playSound clank/playSound clank/pause 80/playSound clank/pause 200/playSound clank/pause 180/playSound clank/playSound clank/playSound clank/pause 3000/stopAnimation Maru 16/pause 500/speak Maru \"看起来是电线接错了。$0#$b#现在试试看，哈维医生。$0\"/pause 580/showFrame Maru 16/pause 80/showFrame Maru 24/move Harvey -2 0 0/pause 280/showFrame Harvey 23/pause 200/move Maru 0 2 1/move Maru 3 0 0/move Maru 0 -1 3/pause 800/emote Harvey 16/pause 500/speak Harvey \"它能工作了！$10\"/pause 380/speak Harvey \"真不敢相信。$9#$b#整个早上我都在想到底出了什么问题，你来这几分钟就把它修好了。$9\"/pause 850/speak Harvey \"真是难以置信，你太棒了，玛鲁。$1\"/pause 700/speak Maru \"你太客气了, 哈维医生。$1\"/pause 600/speak Maru \"这没什么，真的。$0#$b#我擅长解决这类问题，所以这对我来说很简单。$1\"/pause 650/speak Harvey \"无论如何，再次感谢你，玛鲁。$1\"/pause 580/speak Harvey \"为了表达感谢，我送你一瓶能量滋补水。$1\"/pause 600/emote Maru 32/pause 1300/end dialogue Harvey \"还有什么是玛鲁做不到的吗？$0#$e#我认为没有。$1\""
            },
      },
    
     //Sam, Penny ArchaeologyHouse | 2 hearts
{
"Action": "EditData",
"Target": "Data/Events/ArchaeologyHouse",
"Entries": {
            "59020003/f Penny 500/f Sam 500/d Mon Thu Sat Sun/t 1000 1400": "libraryTheme/13 10/farmer 29 13 3 Sam 3 17 0 Penny 17 9 2 Jas 19 10 3 Vincent 16 10 1 Gunther 3 8 2/skippable/showFrame Penny 18/showFrame Vincent 24/showFrame Jas 22/pause 3500/playSound doorOpen/move Sam 0 -7 0/pause 800/emote Sam 40/pause 700/emote Gunther 40/pause 700/emote Sam 40/pause 1800/move Sam 4 0 2/move Sam 0 4 1/move Sam 4 0 0/move Sam 0 -5 1/move Sam 2 0 1/pause 750/speak Sam \"嗨，潘妮!$0#$b#文森特和贾斯在做什么？$1\"/pause 800/showFrame Penny 17/pause 80/showFrame Penny 16/pause 300/faceDirection Penny 3/pause 500/move Penny -2 0 3/pause 600/speak Penny \"你好呀，山姆。$0#$b#我们在做数学练习。$0\"/pause 700/speak Penny \"什么风把你吹来了？$0\"/pause 800/speak Sam \"呃……我遇到了创作瓶颈……$2\"/pause 500/speak Sam \"所以想找些关于乐队的书——是我最喜欢的乐队，天堂地平线，当初就是他们激励了我。$2\"/pause 600/speak Sam \"我问过冈瑟了，但他好像没有听说过。$2\"/pause 500/emote Penny 16/pause 500/speak Penny \"你说天堂地平线？$0\"/pause 200/speak Penny \"我超级喜欢他们！$1\"/pause 380/speak Penny \"他们上一张专辑超级棒。$1\"/pause 500/emote Sam 16/pause 500/speak Sam \"原来你也喜欢他们？！$8\"/pause 200/speak Sam \"真没想到！$8\"/pause 800/emote Sam 32/emote Penny 32/pause 700/speak Penny \"如果你愿意的话，我来帮你找吧。$1#$b#这里确实有几本书和他们有关。$1\"/pause 600/speak Penny \"你稍等一下。$0\"/pause 500/faceDirection Penny 1/pause 550/speak Penny \"你们两个，先自己把习题五和习题八完成。$0#$b#我先去帮山姆，然后我们再复习，好吗？$1\"/pause 600/faceDirection Penny 3/pause 550/speak Penny \"跟我来。$1\"/pause 750/viewport move 0 -1 3700/move Penny -1 0 0/move Penny 0 -4 1/move Penny 3 0 0/move Sam 1 0 0/move Sam 0 -4 1/move Sam 2 0 0/pause 900/emote Penny 56/pause 600/emote Sam 56/pause 2000/end dialogue Sam \"潘妮人真好，你不觉得吗，@？\""
            },
      },
    
    
    // 1.1.0 ------------------------------------------------------------------
    
    
    //Linus, Shane Town | 6 hearts
{
"Action": "EditData",
"Target": "Data/Events/Town",
"Entries": {
            "59021012/C/f Linus 1500/f Shane 1500/w sunny/t 2100 2200": "nightTime/107 57/Linus 109 56 1 Shane -100 -100 0 farmer -200 -500 0/skippable/changeSprite Shane JojaMart/animate Linus false true 500 20 21/pause 1000/playSound trashcanlid/pause 1000/playSound dirtyHit/pause 1000/playSound slimeHit/pause 1000/playSound dirtyHit/pause 500/playSound doorOpen/pause 50/warp Shane 96 51/faceDirection Shane 2/playSound dirtyHit/pause 150/speak Shane \"...?$3\"/pause 200/playSound slimeHit/move Shane 0 5 1/playSound dirtyHit/move Shane 11 0 1/pause 100/stopAnimation Linus/showFrame Linus 22/jump Linus/shake Linus 1000/pause 800/showFrame Linus 12/pause 350/speak Shane \"啊……嗨。$0#$b#你是莱纳斯，对吧？$0\"/pause 380/shake Linus 1000/emote Linus 28/pause 500/speak Shane \"你不用担心我。$0#$b#我不会告诉别人你在这里的，不关我的事。\"/pause 800/speak Linus \"真的？！$3\"/pause 600/speak Linus \"谢谢你，我……$0#$b#我现在就走。$0\"/pause 350/faceDirection Linus 2/pause 200/emote Shane 16/pause 200/speak Shane \"等等……$3\"/pause 600/emote Linus 8/pause 500/faceDirection Linus 3/pause 800/speak Shane \"其实……$0#$b#其实joja超市每天都会浪费大量的食物。$0\"/pause 700/speak Shane \"因为他们总是积压货物，然后大把大把的扔掉。$0\"/pause 600/speak Shane \"莫里斯今天又叫我扔掉这些东西。$0#$b#我不知道为什么要扔，它们看起来挺好的。$0\"/pause 600/speak Shane \"所以……你懂的。$0#$b#如果你想要些，我们可以进去……没有人会看见的。$1\"/pause 600/emote Linus 32/pause 1200/end"
            }
      },
    
    //Demetrius, Harvey Hospital | 4 hearts
{
"Action": "EditData",
"Target": "Data/Events/Hospital",
"Entries": {
            "59021013/f Demetrius 1000/f Harvey 1000/d Thu Tue/t 1200 1300": "continue/7 15/farmer -200 -500 0 Demetrius 1000 1000 2 Harvey 6 15 2/skippable/pause 1500/playSound doorOpen/warp Demetrius 10 19/faceDirection Demetrius 0/move Demetrius 0 -1 3/move Demetrius -4 0 0/move Demetrius 0 -1 0/pause 700/speak Harvey \"你好，德米特里厄斯。$0#$b#你看见玛鲁了吗？$0\"/pause 500/speak Harvey \"没有啊，她今天不用过来帮忙。$0#$b#而且你今天也没有预约吧。$0\"/pause 700/speak Demetrius \"我这是来找你帮忙的，有件事……$0\"/pause 700/emote Harvey 8/pause 500/speak Demetrius \"昨天我分析了这个蘑菇样本，发现它有一些无法被识别的深色斑点。$0\"/pause 600/speak Demetrius \"我问了玛鲁，但她也不知道，不过她说可以来找你试试。$0\"/pause 600/speak Demetrius \"所以……如果你能花点时间看一看，那就太感谢了。$0\"/pause 700/speak Harvey \"当然可以，虽然不是专家，但我也喜欢研究蘑菇。$0#b#万一我能帮忙呢？$1\"/pause 600/speak Harvey \"今天病人不多，我们到后面去吧。那里放着所有的设备。$0\"/pause 600/emote Demetrius 32/pause 1500/end"
            }
      },
    
    //Sam, Sebastian, Abigail, Emily Town | 4 hearts
{
"Action": "EditData",
"Target": "Data/Events/Town",
"Entries": {
            "59021014/f Abigail 1000/f Emily 1000/f Sebastian 1000/f Sam 1000/w sunny/z winter/t 2200 2300": "spirits_eve/47 88/farmer 1000 1000 0 Abigail 47 87 2 Sam 47 89 0 Sebastian 46 89 0 Emily 1000 -1000 0/skippable/addLantern 735 47 88 1/specificTemporarySprite abbyGraveyard/pause 1800/speak Abigail \"既然大家都来了，那恐怖故事之夜就开始吧。$1\"/pause 700/speak Abigail \"山姆，今天不要像上次那样逃跑了。$1\"/pause 380/emote Sam 12/pause 500/speak Sam \"你说些什么呢……$5\"/pause 500/speak Sam \"我听到我妈在叫我！我得走了……$5\"/pause 500/emote Sam 60/pause 380/animate Abigail false false 120 28 29 28 29 28 29 28 29 28 29 28 29 28 29/pause 350/speak Abigail \"行吧，行吧……那开始吧！$0#$b#我先来。$0\"/pause 700/speak Abigail \"很多年前，有个小镇的镇长想把墓地变成小公园。$6\"/pause 700/speak Abigail \"所以他通知所有人把坟墓迁走。$6\"/pause 700/speak Abigail \"镇民都照做了。所有坟墓都挖好后，天已经黑了。$6\"/pause 700/speak Abigail \"他们决定把棺材搬走，因为那晚可能会有雨。$6\"/pause 700/speak Abigail \"但有人注意到棺材异常的轻&$6\"/pause 700/speak Abigail \"最后他们决定打开一幅棺材看看。打开后，发现里面空空如也……$6\"/pause 700/speak Abigail \"就在那一刻，他们听到了一些奇怪的声音……$6\"/pause 200/playSound leafrustle/pause 50/playSound leafrustle/pause 50/playSound leafrustle/pause 280/jump Abigail/showFrame Abigail 32/shake Abigail 1000/speak Abigail \"各位，你们听到了吗？……$7\"/pause 150/showFrame Abigail 0/pause 300/speak Sebastian \"继续啊，阿比盖尔，别再吓我们了。$0\"/pause 380/speak Sam \"是啊，我不会再上当了。$3\"/pause 300/speak Abigail \"我没有，这次是认真的！我发誓我听见了什么……$3\"/pause 150/playSound leafrustle/pause 50/playSound leafrustle/pause 100/jump Sebastian/jump Sam/shake Sebastian 1000/shake Sam 1000/pause 180/warp Emily 51 91/move Emily -4 0 0/pause 200/speak Emily \"大家别害怕，是我，艾米丽。$6\"/pause 200/faceDirection Sam 2/faceDirection Sebastian 2/pause 200/speak Emily \"很抱歉吓到你们，我刚下班就看到你们了。$2\"/pause 380/speak Emily \"你们讲的故事很有趣，所以我就留了下来……$2\"/pause 600/speak Abigail \"所以你就是那个发出奇怪声音的人？$0\"/pause 200/animate Abigail false false 120 28 29 28 29 28 29 28 29 28 29 28 29 28 29/showFrame Abigail 0/pause 350/speak Abigail \"真是太有趣了！$1\"/pause 350/speak Emily \"什么鬼？！$2\"/pause 500/speak Abigail \"对！$1#$b#你刚刚没看到，塞巴斯蒂安和山姆的表情超有趣！$1\"/pause 380/emote Sebastian 12/pause 380/speak Sebastian \"嘿，你可是最害怕的那个。$5\"/pause 500/speak Abigail \"好吧，好吧……$1\"/pause 500/speak Abigail \"既然如此，你要不要加入我们呢，艾米丽？$0#$b#你肯定知道一些超级恐怖的鬼故事。$1\"/pause 500/speak Emily \"确实如此。$1\"/pause 500/speak Emily \"但我想先听你们讲的故事。$0\"/pause 500/emote Abigail 32/pause 350/move Emily 1 0 0/move Emily 0 -2 0/faceDirection Sam 0/faceDirection Sebastian 0/pause 1800/end"
            }
      },
    
    //Penny, Shane AnimalShop | 2 hearts
{
"Action": "EditData",
"Target": "Data/Events/AnimalShop",
"Entries": {
            "59021015/f Penny 500/f Shane 500/d Mon Thu Sat Sun/t 900 1000": "50s/12 16/farmer 1000 1000 0 Penny -1000 1000 0 Shane 11 16 1 Marnie 20 16 0 Jas 1 7 2/skippable/pause 1600/playSound doorOpen/warp Penny 13 19/pause 250/move Penny 0 -3 3/pause 380/speak Penny \"你好，谢恩。$0\"/pause 700/speak Shane \"……嗨，你好。$0\"/pause 500/speak Penny \"我是来接贾斯的。$0\"/pause 700/speak Shane \"好的。她很快就好了。$0\"/pause 900/emote Penny 40/pause 800/speak Penny \"好……你想聊聊天吗？$0\"/pause 500/emote Shane 8/pause 700/speak Shane \"什么？……$0#$b#……我觉得我们没什么好聊的。$3\"/pause 800/emote Penny 40/pause 700/speak Penny \"呃……$0#$b#那你喜欢胡椒粉吗？$0\"/pause 600/speak Shane \"为什么要问这个？$3\"/pause 500/emote Penny 28/pause 700/speak Shane \"也没什么……反正……$3#$b#反正我喜欢胡椒粉……$0\"/pause 500/emote Penny 32/move Marnie 0 2 3/move Marnie -7 0 0/pause 500/speak Marnie \"你好啊，潘妮。$1\"/pause 350/faceDirection Penny 2/faceDirection Shane 2/pause 500/speak Marnie \"贾斯今天不舒服，不去上课了。$3#$b#抱歉，我没有早点告诉你。$2\"/pause 600/speak Penny \"真的吗？$3#$b#她现在还好吗？$3\"/pause 600/speak Marnie \"别担心，她还好。$0#$b#只是有点头疼。$0\"/pause 500/speak Penny \"那就好。$0#$b#那我就走了，还要去文森特家。$0\"/pause 500/speak Penny \"明天见。$1\"/pause 1000/end"
            }
      },
    
    
    // 1.2.0 ------------------------------------------------------------------
    
    
    //Clint, Willy Saloon | 1 heart
{
"Action": "EditData",
"Target": "Data/Events/Saloon",
"Entries": {
            "59021016/f Clint 250/f Willy 250/t 1800 1900": "Saloon1/17 20/farmer 16 20 0 Shane 21 17 2 Pierre 20 19 3 Emily 15 18 2 Clint 19 23 3 Lewis 8 22 1 Gus 11 18 2 Marnie 7 22 3 Willy 1000 1000 0/skippable/animate Shane false true 150 20 20 20 20 20 20 20 20 20 21 22 23 24 24 24 24 23 22 21 20 20 20 20 20/animate Lewis false true 150 19 19 19 19 19 19 19 19 19 19 19 19 19 19 22 23 23 23/animate Marnie false true 150 20 20 20 20 20 20 20 20 20 20 20 20 20 20 20 20 21 22 22 23 23/animate Gus false true 250 18 19 20/pause 1800/playSound doorOpen/warp Willy 14 24/move Willy 0 -2 1/move Willy 4 0 2/pause 500/speak Clint \"嘿，威利。 $0#$b#刚下班吗？$0\"/pause 600/speak Willy \"你好啊，克林特。$0#$b#是刚下班。$0\"/pause 500/speak Willy \"这山谷里的鱼越来越难抓了。$3\"/pause 500/speak Willy \"我可能需要给自己的鱼竿升级一下。$0\"/pause 500/speak Willy \"我上周见了个老朋友。$0#$b#他告诉我一种新型的钓竿材料。$3\"/pause 500/speak Willy \"据说能吸引鱼群！$1\"/pause 600/speak Willy \"最近@不是经常去矿井探索吗？$0#$b#我应该去找他问问。$0\"/pause 500/speak Willy \"我也想请你帮忙，你是我认识的最厉害的铁匠。$1\"/pause 700/speak Clint \"那太好了，我最近没什么客户。$0\"/pause 500/speak Clint \"当然，我会给你一个公道的价格。$1\"/pause 600/speak Willy \"没有友情折扣吗？$1\"/pause 500/speak Clint \"最多请你喝蜂蜜酒。$1\"/pause 600/speak Willy \"就这么定了。$1\"/pause 600/emote Clint 32/pause 500/speak Clint \"哎！格斯！$0#$b#帮我倒杯蜂蜜酒给威利！$1\"/pause 600/speak Gus \"来了！$0\"/pause 1300/end"
            }
      },
    
    //Abigail, Alex SeedShop | 3 hearts
{
"Action": "EditData",
"Target": "Data/Events/SeedShop",
"Entries": {
            "59021017/f Abigail 750/f Alex 750/t 1000 1100": "jaunty/6 22/Pierre 1000 1000 0 Alex -1000 1000 0 Abigail 4 23 2 farmer -1000 1000 0/skippable/pause 1650/playSound doorOpen/warp Alex 6 29/move Alex 0 -6 3/pause 500/faceDirection Abigail 1/pause 380/speak Abigail \"嗨，亚历克斯。$0#$b#你来买东西吗？$0\"/pause 600/speak Alex \"嗨，阿比盖尔。$0#$b#我外公外婆今天感觉不舒服。$0\"/pause 500/speak Alex \"我想买点甘蓝和鲑鱼。$0\"/pause 600/speak Abigail \"可我爸刚刚跑出去。$0#$b#他说有急事。\"/pause 500/speak Abigail \"你要不等下再来？$0\"/pause 600/emote Alex 8/pause 500/speak Alex \"不是有你吗？你不能帮忙？$2\"/pause 500/emote Abigail 40/pause 500/speak Abigail \"呃……其实……$9#$b#我不清楚店里是怎么运作的，所以没办法帮你。$9\"/pause 600/emote Alex 28/pause 700/playSound doorOpen/warp Pierre 6 29/pause 250/speak Pierre \"我回来了，阿比盖尔。$1\"/pause 350/move Pierre 0 -3 3/move Pierre -1 0 0/move Pierre 0 -1 0/pause 200/speak Pierre \"亚里克斯？你怎么在这里。$0\"/pause 100/faceDirection Abigail 2/faceDirection Alex 2/pause 500/speak Abigail \"你回来啦，老爸。$0#$b#亚历克斯要买东西。$0\"/pause 500/speak Pierre \"知道了，你跟我到柜台去吧。\"/pause 350/speak Pierre \"阿比盖尔，你可以走了。$0\"/pause 500/speak Abigail \"好，再见，亚历克斯。$1\"/pause 500/emote Alex 32/pause 1000/end"
            }
      },
    
    //Alex, Haley Saloon | 2 hearts
{
"Action": "EditData",
"Target": "Data/Events/Saloon",
"Entries": {
            "59021018/f Alex 500/f Haley 500/t 1900 2000": "Saloon1/16 19/farmer 20 19 3 Shane 21 17 2 Emily 14 18 2 Clint 19 23 3 Willy 18 22 2 Gus 10 18 2 Lewis 8 22 1 Marnie 7 22 3 Alex 16 20 0 Haley 17 20 0/skippable/animate Shane false true 150 20 20 20 20 20 20 20 20 20 21 22 23 24 24 24 24 23 22 21 20 20 20 20 20/animate Gus false true 250 18 19 20/animate Lewis false true 150 19 19 19 19 19 19 19 19 19 19 19 19 19 19 22 23 23 23/animate Marnie false true 150 20 20 20 20 20 20 20 20 20 20 20 20 20 20 20 20 21 22 22 23 23/animate Willy false true 150 28 28 29 29 30 30 31 31/pause 1800/speak Alex \"格斯做饭最好吃了。$0#$b#当然，外婆也是。$1\"/pause 600/speak Haley \"我知道。$0#$b#我和艾米丽经常找他要食谱。$0\"/pause 500/speak Haley \"虽然我的厨艺也还行，但做出来的菜味道还是不一样。$0\"/pause 500/speak Haley \"他一定有什么秘方。$0\"/pause 600/speak Alex \"这我就不知道了，平时都是外婆在家做饭的。$0\"/pause 600/speak Haley \"做饭很有趣的，特别是你和别人一起做饭。$1\"/pause 800/speak Haley \"我其实有个想法……你知道我超级喜欢艾芙琳做的饼干。$0#我能不能找一天去你家，让艾芙琳教我们做饼干？$b#！$1\"/pause 500/speak Haley \"这样你也能学下烹饪。$0\"/pause 600/speak Alex \"听起来不错。$0#$b#以后也能给她搭把手。$0\"/pause 600/speak Haley \"好耶！肯定会是超棒的烹饪课。$1\"/pause 500/emote Alex 32/pause 1200/end"
            }
      },
    
    //Emily, Harvey Saloon | 2 hearts
{
"Action": "EditData",
"Target": "Data/Events/Saloon",
"Entries": {
            "59021019/f Emily 500/f Harvey 500/w rainy/t 2100 2200": "kindadumbautumn/15 18/Harvey 1000 1000 0 farmer 20 19 3 Shane 21 17 2 Emily 12 18 2 Clint 19 23 3 Willy 18 22 2 Gus 16 18 2 Lewis 8 22 1 Marnie 7 22 3/skippable/animate Shane false true 150 20 20 20 20 20 20 20 20 20 21 22 23 24 24 24 24 23 22 21 20 20 20 20 20/animate Gus false true 250 18 19 20/animate Lewis false true 150 19 19 19 19 19 19 19 19 19 19 19 19 19 19 22 23 23 23/animate Marnie false true 150 20 20 20 20 20 20 20 20 20 20 20 20 20 20 20 20 21 22 22 23 23/animate Willy false true 150 28 28 29 29 30 30 31 31/pause 1000/playSound doorOpen/warp Harvey 14 24/pause 300/move Harvey 0 -3 3/move Harvey -2 0 0/move Harvey 0 -1 0/pause 500/speak Emily \"欢迎光临，哈维。$0#$b#很高兴见到你，你可不是常客。$0\"/pause 500/speak Emily \"你想点什么？$1\"/pause 600/emote Harvey 40/pause 500/speak Harvey \"麻烦来杯葡萄酒……$2\"/pause 500/speak Emily \"嗯？发生什么事了吗？看起来不太妙啊。$2\"/pause 600/speak Harvey \"*叹气* 我也不知道……就是最近总是有些沮丧。$2\"/pause 800/speak Harvey \"我一直想成为一名医生。$0\"/pause 500/speak Harvey \"或者说，更像是命中注定我会成为医生。。$0\"/pause 500/emote Emily 8/pause 500/speak Harvey \"因为我的父母和祖父母都是医生。$0#$b#一切都是都有迹可循的。$0\"/pause 700/speak Harvey \"他们都远近闻名的医生，而且颇有建树。$0\"/pause 900/speak Harvey \"在我小时候，我真的很敬佩他们，想成为像他们一样的人。$0\"/pause 800/speak Harvey \"但是我最近又觉得，自己永远都达不到他们的高度。$2#$b#因为我很健忘，还会犯些低级错误……$2\"/pause 800/speak Emily \"别呀，哈维，别这样说。$0#$b#你是我认识的最勤奋的人了。$0\"/pause 500/speak Emily \"我相信你的所有付出都会有回报的。$1\"/pause 500/speak Emily \"而且每个人都会犯错，不要太自责。$0\"/pause 500/emote Harvey 60/pause 500/speak Harvey \"也许你说的对……$2\"/pause 500/speak Harvey \"我的父亲曾经跟我说，他在错误中学会了很多东西。$0#$b#他也经常跟我说，要坚持尝试，永不放弃。$0\"/pause 600/speak Emily \"对嘛！$0#$b#你该听听他的建议。$1\"/pause 500/emote Harvey 32/pause 500/speak Harvey \"谢谢你听我说话，艾米丽。$0#$b#你总是知道应该说什么。$1\"/pause 700/speak Emily \"这没什么。$1#$b#我马上给你倒酒。$1\"/pause 1500/end"
            }
      },
    
    
    // 1.3.0 ------------------------------------------------------------------
    

    //Jodi, Kent SamHouse | 4 hearts
{
"Action": "EditData",
"Target": "Data/Events/SamHouse",
"Entries": {
            "59021020/f Jodi 1000/f Kent 1000/y 2/d Mon Wed Thu Fri Sat Sun/t 1000 1100": "playful/6 5/Vincent 11 22 0 Kent 17 7 3 Jodi 6 5 0 farmer 1000 1000 0/skippable/animate Jodi false true 120 16 16 16 17 17 17/animate Vincent false true 150 18 18 18 19 19 19/pause 800/move Kent -11 0 0/move Kent 0 -1 0/pause 500/speak Kent \"呃，乔迪？……$0\"/pause 300/stopAnimation Jodi/jump Jodi/shake Jodi 800/pause 200/faceDirection Jodi 2/pause 500/speak Jodi \"啊！$4#$b#你吓到我了……$4\"/pause 500/speak Kent \"抱歉……$0\"/pause 500/speak Jodi \"没事了，别担心。$0#$b#我没有生气。$2\"/pause 500/speak Jodi \"你刚才想说什么？$0\"/pause 600/speak Kent \"上周我看到你在卡洛琳家锻炼。$0#$b#我想问问，下次能不能和你一起去……$0\"/pause 500/emote Jodi 8/pause 500/speak Kent \"呃……你不愿意的话也没关系……$2#$b#我就是觉得我可以锻炼一下。自从回来之后，我就没怎么运动了。$2\"/pause 500/speak Jodi \"可以的，你当然可以和我一起！$0#$b#我只是对此感到惊讶。$1\"/pause 500/speak Jodi \"你说的对，健身能够帮人摒弃杂念。$0\"/pause 500/speak Jodi \"我想起来了，你之前不是经常和皮埃尔去跑步吗？$0#$b#可惜他最近太忙了。也许你能叫上山姆？$1\"/pause 700/speak Jodi \"让我看看时间……好吧，我们要迟到了。$0#$b#你快去准备好，我马上把盘子洗完。$0\"/pause 600/speak Kent \"……$1\"/pause 1000/end"
            }
      },
        
    //Evelyn, Lewis JoshHouse | 3 hearts
{
"Action": "EditData",
"Target": "Data/Events/JoshHouse",
"Entries": {
            "59021021/f Lewis 750/f Evelyn 750/w sunny/z winter/t 1100 1200": "breezy/6 17/farmer 1000 1000 0 Evelyn 3 17 0 George 15 23 0 Lewis 100 100 0/skippable/pause 1500/playSound doorOpen/warp Lewis 9 24/pause 250/move Lewis 0 -5 3/move Lewis -6 0 0/pause 500/speak Lewis \"早安，艾芙琳。$1\"/pause 580/faceDirection Evelyn 2/pause 350/speak Evelyn \"早安，刘易斯，你怎么来啦？$1\"/pause 500/speak Lewis \"我是来找你帮忙的。$0\"/pause 500/speak Lewis \"最近我的植物看起来病了，叶子快变成褐色了。$2#$b#我按照你说的那样给它们浇水，还用了些肥料，但似乎没起作用。$2\"/pause 600/speak Evelyn \"天呐，这么糟糕吗？$2\"/pause 500/speak Evelyn \"我已经做完家务了，现在就去看看吧，看到底哪里出了问题。$0\"/pause 500/faceDirection Evelyn 1/pause 300/speak Evelyn \"乔治，我出趟门。$0\"/pause 500/speak George \"好。$0#$b#别忘了我们等下还要去诊所。$0\"/pause 500/faceDirection Evelyn 2/speak Evelyn \"走吧，刘易斯。$0\"/globalFade .006/viewport -2000 2000/changeLocation Town/warp Lewis 57 88/faceDirection Lewis 1/warp Evelyn 56 88/faceDirection Evelyn 1/viewport 56 89/globalFadeToClear .007/viewport move 1 0 6000/pause 50/move Lewis 6 0 0/move Evelyn 6 0 0/pause 600/speak Lewis \"看到了吗？花儿的状态很糟糕。 $2\"/pause 600/speak Evelyn \"嗯...$0\"/pause 700/animate Evelyn false true 300 17 18/pause 2500/stopAnimation Evelyn/pause 300/faceDirection Evelyn 1/pause 350/faceDirection Lewis 3/pause 380/speak Evelyn \"看起来应该是土壤的渗水太差了。$0#$b#就算你用正确的方法浇水，植物的根也是干的。$0\"/pause 500/speak Evelyn \"我们要挖个排水孔，然后疏松土壤。$0\"/pause 500/speak Evelyn \"你还有堆肥吗？需要在上面撒一层。$0\"/pause 600/speak Lewis \"艾芙琳，感谢你的帮忙。$1\"/pause 500/speak Lewis \"你不是还要去诊所吗？$0#$b#接下来我可以自己解决，别担心。$1\"/pause 500/emote Evelyn 32/pause 500/move Lewis 2 0 0/move Lewis 0 -2 3/pause 300/animate Lewis false true 120 16 16 17 17 16 16 16 16 17 17 16 16 17 17 16 16/pause 350/move Evelyn -8 0 0/globalFade .007/viewport -1000 -1000/end"
            }
      },
   ]
}