{
  "Name": "Gold Tigerseye Earrings",
  "Description": "A pair of solid gold earrings fitted with two small, finely cut tigerseye minerals.",
  "Category": "Crafting",
  "CategoryTextOverride": "Jewelry",
  "CategoryColorOverride": "143,71,162,255",
  "Edibility": -300,
  "Price": 588,
  "IsColored": false,
  "Recipe": null,
  "GiftTastes":
    {
        "Love": ["Sam"],
	"Like": ["Clint","Maru","Wizard"],
        "Neutral": ["Krobus","Willy","Caroline","Haley","Jodi","Emily","Pam","Penny","Sandy"],
        "Dislike": ["Abigail","Alex","Demetrius","Dwarf","Elliott","Evelyn","George","Harvey","Jas","Kent","Leo","Lewis","Linus","Pierre","Robin","Sebastian","Shane","Vincent","Leah","Gus","Marnie"],
    }, 
    //i18n
  "NameLocalization": 
  {
    "zh":"虎眼石金耳饰"
  },

"DescriptionLocalization": 
  {
    "zh":"一对纯金耳饰，镶嵌着两小块切割精细的虎眼石。"
  }
  
}