{
  "Name": "Legendary Aerinite Necklace of Fire",
  "Description": "A transmuted and enchanted iridium aerinite necklace filled with the magic trapped inside a cinder shard.",
  "Category": "Crafting",
  "CategoryTextOverride": "Enchanted Jewelry",
  "CategoryColorOverride": "174,67,109,255",
  "Edibility": -300,
  "Price": 2015,
  "IsColored": false,
  "Recipe": null,
  "GiftTastes":
    {
        "Like": ["Wizard"],
        "Neutral": ["Caroline","Haley","Jodi","Emily","Pam","Penny","Sandy"],
        "Dislike": ["Abigail","Alex","Clint","Demetrius","Dwarf","Elliott","Evelyn","George","Harvey","Jas","Kent","Krobus","Leo","Lewis","Linus","Pierre","Robin","Sam","Sebastian","Shane","Vincent","Willy","Gus","Marnie","Leah","Maru"],
        }, 
//i18n
  "NameLocalization": 
  {
    "zh":"传奇火属性青泥石项链"
  },
  "DescriptionLocalization": 
  {
    "zh":"一条被锻造和附魔过的青泥石铱项链，蕴藏了来自火山晶石的魔力。"
  } 
}