{
  "Name": "Fine Lemon Stone Pin of Shadow",
  "Description": "A transmuted and enchanted copper lemon stone pin filled with the magic trapped inside a void essence.",
  "Category": "Crafting",
  "CategoryTextOverride": "Enchanted Jewelry",
  "CategoryColorOverride": "142,82,196,255",
  "Edibility": -300,
  "Price": 563,
  "IsColored": false,
  "Recipe": null,
  "GiftTastes":
    {
        "Love": ["Wizard","Dwarf"],
        "Neutral": ["Caroline","Haley","Jodi","Emily","Pam","Penny","Sandy"],
        "Dislike": ["Abigail","Alex","Clint","Demetrius","Elliott","Evelyn","George","Harvey","Jas","Kent","Krobus","Leo","Lewis","Linus","Pierre","Robin","Sam","Sebastian","Shane","Vincent","Willy","Gus","Marnie","Leah","Maru"],
    },

//i18n
  "NameLocalization": {
    "zh":"普通虚空柠檬石徽章"
  },

  "DescriptionLocalization": {
    "zh":"一只被锻造和附魔过的柠檬石铜徽章，蕴藏了来自虚空精华的魔力。"
  } 
}