{
  "Name": "Copper Frozen Tear Earrings",
  "Description": "A pair of copper earrings adorned with two small, roughly cut frozen tear minerals.",
  "Category": "Crafting",
  "CategoryTextOverride": "Jewelry",
  "CategoryColorOverride": "143,71,162,255",
  "Edibility": -300,
  "Price": 76,
  "IsColored": false,
  "Recipe": null,
  "GiftTastes":
    {
        "Love": ["Sebastian"],
	"Like": ["Clint","Dwarf","Emily","Abigail","Wizard","Maru","Alex","Demetrius","Elliott","Evelyn","George","Harvey","Jas","Kent","Krobus","Leo","Lewis","Robin","Sam","Sebastian","Shane","Vincent","Willy","Gus","Marnie","Caroline","Haley","Jodi","Pam","Penny","Sandy"],
        "Dislike": ["Linus","Pierre","Leah"],
    }, 
  
//i18n  
"NameLocalization": {
  "zh":"泪晶铜耳饰"
},

"DescriptionLocalization": {
  "zh":"一对小巧的黄铜耳饰，镶嵌着一小块泪晶。"
}

}