{
  "Name": "Legendary Amethyst Pin of Fire",
  "Description": "A transmuted and enchanted iridium amethyst pin filled with the magic trapped inside a cinder shard.",
  "Category": "Crafting",
  "CategoryTextOverride": "Enchanted Jewelry",
  "CategoryColorOverride": "142,82,196,255",
  "Edibility": -300,
  "Price": 1880,
  "IsColored": false,
  "Recipe": null,
  "GiftTastes":
    {
        "Love": ["Clint","Abigail","Dwarf","Emily"],
	"Like": ["Wizard","Maru","Alex","Demetrius","Elliott","Evelyn","George","Harvey","Jas","Kent","Krobus","Leo","Lewis","Robin","Sam","Sebastian","Shane","Vincent","Willy","Gus","Marnie","Caroline","Haley","Jodi","Pam","Penny","Sandy"],
        "Dislike": ["Linus","Pierre","Leah"],
        }, 
//i18n
  "NameLocalization": 
  {
    "zh":"传奇火属性紫水晶徽章"
  },
  "DescriptionLocalization": 
  {
    "zh":"一枚被锻造和附魔过的紫水晶铱徽章，蕴藏了来自火山晶石的魔力。"
  } 
}