{
  "Name": "Gold Soapstone Staff",
  "Description": "Flaunt your wealth with this solid gold walking staff fitted with a finely cut soapstone mineral.",
  "Category": "ArtisanGoods",
  "Edibility": -300,
  "Price": 560,
  "IsColored": false,
  "Recipe": null,
  "GiftTastes":
    {
        "Like": ["Wizard"],
        "Neutral": ["Caroline","Haley","Jodi","Emily","Pam","Penny","Sandy"],
        "Dislike": ["Abigail","Alex","Clint","Demetrius","Dwarf","Elliott","Evelyn","George","Harvey","Jas","Kent","Krobus","Leo","Lewis","Linus","Pierre","Robin","Sam","Sebastian","Shane","Vincent","Willy","Gus","Marnie","Leah","Maru"],
    },
    //i18n
  "NameLocalization": 
  {
    "zh":"皂石金拐杖"
  },

"DescriptionLocalization": 
  {
    "zh":"用一根镶嵌着大块皂石的纯金绅士拐杖来炫耀你的财富。"
  }
}