{
  "Name": "Iridium Jasper Ring",
  "Description": "A beautiful iridium ring fitted with a very large jasper mineral.",
  "Category": "Crafting",
  "CategoryTextOverride": "Jewelry",
  "CategoryColorOverride": "143,71,162,255",
  "Edibility": -300,
  "Price": 886,
  "IsColored": false,
  "Recipe": null,
  "GiftTastes":
    {
	"Like": ["Clint","Maru","Wizard","Krobus","Willy"],
        "Neutral": ["Caroline","Haley","Jodi","Emily","Pam","Penny","Sandy"],
        "Dislike": ["Abigail","Alex","Demetrius","Dwarf","Elliott","Evelyn","George","Harvey","Jas","Kent","Leo","Lewis","Linus","Pierre","Robin","Sebastian","Shane","Vincent","Leah","Gus","Marnie"],
	"Hate": ["Sam"],  
   },
//i18n
  "NameLocalization": 
    {
      "zh":"碧玉铱戒指"
    },

  "DescriptionLocalization": 
    {
      "zh":"一枚美丽的铱戒指，镶嵌着一块很大的完美无瑕的碧玉。"
    } 
  
}