{
  "Name": "Copper Dolomite Bracelet",
  "Description": "A copper bracelet adorned with a roughly cut dolomite mineral.",
  "Category": "Crafting",
  "CategoryTextOverride": "Jewelry",
  "CategoryColorOverride": "143,71,162,255",
  "Edibility": -300,
  "Price": 280,
  "IsColored": false,
  "Recipe": null,
  "GiftTastes":
    {
	"Like": ["Wizard"],
        "Neutral": ["Clint","Maru","Caroline","Haley","Jodi","Emily","Pam","Penny","Sandy"],
        "Dislike": ["Abigail","Alex","Demetrius","Dwarf","Elliott","Evelyn","George","Harvey","Jas","Kent","Krobus","Leo","Lewis","Linus","Pierre","Robin","Sebastian","Shane","Vincent","Willy","Leah","Gus","Marnie"],
	"Hate": ["Sam"],
    },

    //i18n
    "NameLocalization": {
      "zh":"白云石铜手镯"
    },

    "DescriptionLocalization": {
      "zh":"一只黄铜手镯，镶嵌这切割粗糙的白云石。"
    }
  
}