{
  "Name": "WeirdKitty",
  "Type": "flying", // Can either be Walking or Flying | Walking has collision with objects, flying has no collision

  "EnableFarmerCollision": true, // Optional parameter, determines if the companion will collide with the farmer | NOTE: Only usable with map-based spawns, does nothing for follower-based spawns (e.g. with rings)
  "EnableShadow": false,
  "TravelSpeed": 1, // Speed at which the companion follows the player
  "SpawnDirection": 2, // Optional parameter, determines which direction the companion will face when spawned (0 for up, 1 for right, 2 for down, 3 for right) | Default 2
  "SpawnOffsetX": 0, // X offset (from player) of where to spawn | Note: Negative values will spawn to left of player, positive will spawn to right of player
  "SpawnOffsetY": 0, // Y offset (from player) of where to spawn | Note: Negative values will spawn above player head, positive will spawn below player head
  "MaxIdleDistance": -1, // Optional parameter, determines how far away a companion can be from a player / spawn point before idle behavior stops | NOTE: -1 will make it always idle if player isn't moving
  "MaxDistanceBeforeTeleport": -1, // Optional parameter, determines how far away a companion can be from a player / spawn point before teleporting back | NOTE: -1 will make it never teleport if it gets too far
  "InspectionDialogue": "当你凝视闪烁的眼睛，奇怪的景象突然充斥你的脑海……", 
  "IdleBehavior": "Hover", // Optional parameter, determines how the companion acts while idle | Options: [Nothing, Hover, Wander, Jumper]

  "FrameSizeWidth": 32, // Width of each frame / tile in pixels
  "FrameSizeHeight": 32, // Height of each frame / tile in pixels

  // This plays when the companion travels upwards
  "UpAnimation": {
    "StartingFrame": 8,
    "NumberOfFrames": 4,
    "Duration": 100,

    "IdleAnimation": {
      "StartingFrame": 8,
      "NumberOfFrames": 1,
      "Duration": 500
    }
  },

  // This plays when the companion travels downwards
  "DownAnimation": {
    "StartingFrame": 0,
    "NumberOfFrames": 4,
    "Duration": 500,

    "IdleAnimation": {
      "StartingFrame": 0,
      "NumberOfFrames": 1,
      "Duration": 500
    }
  },

  // This plays when the companion travels left
  "LeftAnimation": {
    "ManualFrames": [
      {
        "Frame": 12,
        "Duration": 300
      },
      {
        "Frame": 25,
        "Duration": 300
      },
      {
        "Frame": 14,
        "Duration": 300
      },
      {
        "Frame": 27,
        "Duration": 300
      }
    ],

    "IdleAnimation": {
      "ManualFrames": [
        {
          "Frame": 14,
          "Duration": 500
        },
	{
          "Frame": 26,
          "Duration": 500
        }
      ]
    }
  },

  // This plays when the companion travels right
  "RightAnimation": {
     "ManualFrames": [
      {
        "Frame": 4,
        "Duration": 300
      },
      {
        "Frame": 21,
        "Duration": 300
      },
      {
        "Frame": 6,
        "Duration": 300
      },
      {
        "Frame": 23,
        "Duration": 300
      }
    ],

    "IdleAnimation": {"ManualFrames": [
      {
        "Frame": 6,
        "Duration": 400
      },
      {
        "Frame": 22,
        "Duration": 400
      }
    ],
    }
  },

"Sounds": [
  {
    "SoundName": "cat",
    "WhenToPlay": "Always",
    "TimeBetweenSound": 5000,
    "ChanceOfPlaying": 0.3
  },
  {
    "SoundName": "ghost",
    "WhenToPlay": "Idle",
    "TimeBetweenSound": 5000,
    "ChanceOfPlaying": 0.3
  }
]

}
