{
  "Name": "Gold Amethyst Pin",
  "Description": "A solid gold pin inset with a large, finely cut amethyst gem.",
  "Category": "Crafting",
  "CategoryTextOverride": "Jewelry",
  "CategoryColorOverride": "143,71,162,255",
  "Edibility": -300,
  "Price": 170,
  "IsColored": false,
  "Recipe": null,
  "GiftTastes":
    {
        "Love": ["Clint","Abigail","Dwarf","Emily","Maru"],
	"Like": ["Wizard","Alex","Demetrius","Elliott","Evelyn","George","Harvey","Jas","Kent","Krobus","Leo","Lewis","Robin","Sam","Sebastian","Shane","Vincent","Willy","Gus","Marnie","Caroline","Haley","Jodi","Pam","Penny","Sandy"],
        "Dislike": ["Linus","Pierre","Leah"],
    },

//i18n
  "NameLocalization": {
    "zh":"紫水晶金徽章"
  },

  "DescriptionLocalization": {
    "zh":"一枚纯金徽章，镶嵌着一大块切割精细的紫水晶。"
  } 
  
}