{
  "Name": "Legendary Frozen Tear Earrings of Shadow",
  "Description": "A pair of transmuted and enchanted iridium frozen tear earrings filled with the magic trapped inside a void essence.",
  "Category": "Crafting",
  "CategoryTextOverride": "Enchanted Jewelry",
  "CategoryColorOverride": "142,82,196,255",
  "Edibility": -300,
  "Price": 1982,
  "IsColored": false,
  "Recipe": null,
  "GiftTastes":
    {
        "Love": ["Sebastian","Wizard"],
	"Like": ["Clint","Dwarf","Emily","Abigail","Maru","Alex","Demetrius","Elliott","Evelyn","George","Harvey","Jas","Kent","Krobus","Leo","Lewis","Robin","Sam","Shane","Vincent","Willy","Gus","Marnie","Caroline","Haley","Jodi","Pam","Penny","Sandy"],
        "Dislike": ["Linus","Pierre","Leah"],
    },
//i18n
  "NameLocalization": 
    {
      "zh":"传奇虚空泪晶耳饰"
    },
  "DescriptionLocalization": 
    {
      "zh":"一对被锻造和附魔过的泪晶铱耳饰，蕴藏了来自虚空精华的魔力。"
    } 
}