{
    "Name": "钢熔炉",
    "Description": "用铁矿石和矿物制作出漂亮精致的珠宝。",
    "Price": 200,
    "ProvidesLight": false,
    "ReserveExtraIndexCount": 5,
    "Recipe":
    {
        "ResultCount": 1,
        "Ingredients": [
        {
            "Object": 68,
            "Count": 2,
        },
	{
            "Object": 335,
            "Count": 5,
        },
	{
            "Object": 390,
            "Count": 60,
        }
        ],
         "CanPurchase": true,
        "IsDefault": false,
	"PurchaseFrom": "Dwarf",
	"PurchasePrice": 25000,
	"PurchaseRequirements": ["e 14308673"]
    },
    "CanPurchase": false,
}