{
   "Name": "Gold Crucible",
    "Description": "Turns gold ore and crystal minerals into beautiful pieces of jewelry.",
    "Price": 300,
    "ProvidesLight": false,
    "ReserveExtraIndexCount": 5,
    "Recipe":
    {
        "ResultCount": 1,
        "Ingredients": [
        {
            "Object": 64,
            "Count": 2,
        },
	    {
            "Object": 336,
            "Count": 5,
        },
	    {
            "Object": 390,
            "Count": 80,
        }
        ],
         "CanPurchase": true,
        "IsDefault": false,
	"PurchaseFrom": "Dwarf",
	"PurchasePrice": 50000,
	"PurchaseRequirements": ["e 14308674"]
    },
    "CanPurchase": false,

    "NameLocalization": {
        "zh":"黄金熔炉"
    },
    "DescriptionLocalization": {
        "zh":"用金矿石和矿物制作出漂亮精致的珠宝。"
    }
}