{
  "furniture.Small Garden Bench.name": "小号花园长凳",
  "furniture.Small Garden Bench.description": "坐下休息的好地方。",
  "furniture.Medium Garden Bench.name": "中号花园长凳",
  "furniture.Medium Garden Bench.description": "坐下休息的好地方。",
  "furniture.Large Garden Bench.name": "大号花园长凳",
  "furniture.Large Garden Bench.description": "坐下休息的好地方。",
  "furniture.Small Garden Table.name": "小号花园桌子",
  "furniture.Small Garden Table.description": "放东西的好地方。",
  "furniture.Medium Garden Table.name": "中号花园桌子",
  "furniture.Medium Garden Table.description": "放东西的好地方。",
  "furniture.Large Garden Table.name": "大号花园桌子",
  "furniture.Large Garden Table.description": "放东西的好地方。",
  "furniture.Vertical Rope Hammock.name": "绳索吊床（竖）",
  "furniture.Vertical Rope Hammock.description": "中午小憩的好地方。",
  "furniture.Horizontal Rope Hammock.name": "绳索吊床（横）",
  "furniture.Horizontal Rope Hammock.description": "中午小憩的好地方。",
  "furniture.Nature Poster.name": "自然装饰画",
  "furniture.Nature Poster.description": "一幅具有教育意义的装饰画。",
  "furniture.Decorative Crate.name": "装饰木箱",
  "furniture.Decorative Crate.description": "有时装满了需要运走的农产品。",
  "furniture.Decorative Jar.name": "装饰罐",
  "furniture.Decorative Jar.description": "用于储存干燥的农产品。",
  "furniture.Jar of Fireflies.name": "萤火虫罐",
  "furniture.Jar of Fireflies.description": "这些小昆虫似乎并不介意被困住。",
  "furniture.Mushroom Fairy Ring.name": "蘑菇仙女环",
  "furniture.Mushroom Fairy Ring.description": "一圈漂亮的野生蘑菇。",
  "furniture.Small Decorative Cloche.name": "小号钟形玻璃罩",
  "furniture.Small Decorative Cloche.description": "装着自然装饰的小号玻璃罩。",
  "furniture.Large Decorative Cloche.name": "大号钟形玻璃罩",
  "furniture.Large Decorative Cloche.description": "装着自然装饰的大号玻璃罩。",
  "furniture.Small Waterfall Cloche.name": "小号钟形瀑布玻璃罩",
  "furniture.Small Waterfall Cloche.description": "装着一个瀑布的小号玻璃罩。",
  "furniture.Large Waterfall Cloche.name": "大号钟形瀑布玻璃罩",
  "furniture.Large Waterfall Cloche.description": "装着一个瀑布的大号玻璃罩。",
  "furniture.Hanging Peppers.name": "辣椒串",
  "furniture.Hanging Peppers.description": "一些挂起来晾干的辣椒。",
  "furniture.Hanging Garlic.name": "大蒜串",
  "furniture.Hanging Garlic.description": "一些挂起来晾干的大蒜。",
  "furniture.Hanging Dried Flowers.name": "壁挂干花",
  "furniture.Hanging Dried Flowers.description": "一些被挂起来晾干的花。",
  "furniture.Hanging Tool.name": "壁挂工具",
  "furniture.Hanging Tool.description": "一个挂在墙上的实用工具。",
  "furniture.Hanging Nepenthes.name": "猪笼草吊篮",
  "furniture.Hanging Nepenthes.description": "吊篮里生长着一株饥饿的食肉植物。",
  "furniture.Large Planter.name": "大号种植箱",
  "furniture.Large Planter.description": "长满了各种显眼的植物。",
  "furniture.Small Mushroom Planter.name": "小号蘑菇箱",
  "furniture.Small Mushroom Planter.description": "贴有标签，便于识别。",
  "furniture.Mixed Mushroom Stump.name": "混种蘑菇桩",
  "furniture.Mixed Mushroom Stump.description": "长满蘑菇的装饰性圆木。",
  "furniture.Potted Plant.name": "盆栽植物",
  "furniture.Potted Plant.description": "一个陶土盆中种着装饰性植物。",
  "furniture.Empty Shelves.name": "空架子",
  "furniture.Empty Shelves.description": "一个便于工作和存储的空间。",
  "furniture.Kitchen Prep Shelves.name": "厨房用架",
  "furniture.Kitchen Prep Shelves.description": "用于清洗和准备农产品。",
  "furniture.Seedling Rack.name": "育苗架",
  "furniture.Seedling Rack.description": "种子发芽的完美环境。",
  "furniture.Sprout Rack.name": "种植架",
  "furniture.Sprout Rack.description": "柔软的幼苗在明亮的灯光下茁壮成长。",
  "furniture.Potting Shelves.name": "盆栽架",
  "furniture.Potting Shelves.description": "便于制作和照料盆栽的好地方。",
  "furniture.Flower Cutting Shelves.name": "花卉修剪架",
  "furniture.Flower Cutting Shelves.description": "用于准备和设计花束。",
  "furniture.Aquarist Shelves.name": "养鱼架",
  "furniture.Aquarist Shelves.description": "便于换缸和照料鱼类的好地方。",
  "furniture.Entomology Shelves.name": "昆虫架",
  "furniture.Entomology Shelves.description": "便于照料和研究昆虫的好地方。",
  "furniture.Fancy Bog Display.name": "沼泽植物展示柜",
  "furniture.Fancy Bog Display.description": "满满一盆饥饿的食肉沼泽植物。",
  "furniture.Firefly Display.name": "萤火虫展示柜",
  "furniture.Firefly Display.description": "到处都是落叶和小虫子。",
  "furniture.Anthill Display.name": "蚁丘展示柜",
  "furniture.Anthill Display.description": "一个活跃的蚁群和一只小型掠食蜥蜴。",
  "furniture.Orchid Display.name": "兰花展示柜",
  "furniture.Orchid Display.description": "一个优雅的花卉展示柜，亮点是一只兰花螳螂。",
  "furniture.Dart Frog Display.name": "箭毒蛙展示柜",
  "furniture.Dart Frog Display.description": "瀑布和许多藏身点让这里成为青蛙的完美居所。",
  "furniture.False Insect Display.name": "拟态昆虫展示柜",
  "furniture.False Insect Display.description": "叶虫和竹节虫隐藏在它们的自然栖息地中。",
  "furniture.Brackish Display.name": "咸水生态展示柜",
  "furniture.Brackish Display.description": "有一只藏在红树林嫩芽中的半水生弹涂鱼。",
  "furniture.Anemone Display.name": "海葵展示柜",
  "furniture.Anemone Display.description": "海葵和小丑鱼具有共生关系。",
  "furniture.Hyacinth Macaw on Stand.name": "风信子金刚鹦鹉架",
  "furniture.Hyacinth Macaw on Stand.description": "一只友好温顺的金刚鹦鹉站在栖木上。",
  "furniture.Military Macaw on Stand.name": "军舰金刚鹦鹉架",
  "furniture.Military Macaw on Stand.description": "一只友好温顺的金刚鹦鹉站在栖木上。",
  "furniture.Blue and Gold Macaw on Stand.name": "黄蓝金刚鹦鹉架",
  "furniture.Blue and Gold Macaw on Stand.description": "一只友好温顺的金刚鹦鹉站在栖木上。",
  "furniture.Scarlet Macaw on Stand.name": "绯红金刚鹦鹉架",
  "furniture.Scarlet Macaw on Stand.description": "一只友好温顺的金刚鹦鹉站在栖木上。",
  "furniture.Crow on Stand.name": "乌鸦架",
  "furniture.Crow on Stand.description": "一只友好温顺的乌鸦站在栖木上。",
  "furniture.Seagull on Stand.name": "海鸥架",
  "furniture.Seagull on Stand.description": "一只友好温顺的海鸥站在栖木上。",
  "furniture.Horned Owl on Stand.name": "雕鸮架",
  "furniture.Horned Owl on Stand.description": "一只友好温顺的雕鸮站在栖木上。",
  "furniture.Toucan on Stand.name": "巨嘴鸟架",
  "furniture.Toucan on Stand.description": "一只友好温顺的巨嘴鸟站在栖木上。",
  "furniture.Cockatoo on Stand.name": "葵花鹦鹉架",
  "furniture.Cockatoo on Stand.description": "一只友好温顺的葵花鹦鹉站在栖木上。",
  "furniture.Kestrel on Stand.name": "红隼架",
  "furniture.Kestrel on Stand.description": "一只友好温顺的红隼站在栖木上。",
  "furniture.Sun Conure on Stand.name": "太阳鹦哥架",
  "furniture.Sun Conure on Stand.description": "一只友好温顺的鹦鹉站在栖木上。",
  "furniture.African Grey Parrot on Stand.name": "非洲灰鹦鹉架",
  "furniture.African Grey Parrot on Stand.description": "一只友好温顺的鹦鹉站在栖木上。",
  "furniture.Pelican on Stand.name": "鹈鹕架",
  "furniture.Pelican on Stand.description": "一只友好温顺的鹈鹕站在栖木上。",
  "furniture.Barn Owl on Stand.name": "仓鸮架",
  "furniture.Barn Owl on Stand.description": "一只友好温顺的仓鸮站在栖木上。",
  "furniture.Lorikeet on Stand.name": "吸蜜鹦鹉架",
  "furniture.Lorikeet on Stand.description": "一只友好温顺的鹦鹉站在栖木上。",
  "furniture.Meyers Parrot on Stand.name": "麦耶氏鹦鹉架",
  "furniture.Meyers Parrot on Stand.description": "一只友好温顺的鹦鹉站在栖木上。",
  "furniture.Vertical Decorative Hammock.name": "装饰吊床（竖）",
  "furniture.Vertical Decorative Hammock.description": "看起来太薄了，根本撑不住。",
  "furniture.Horizontal Decorative Hammock.name": "装饰吊床（横）",
  "furniture.Horizontal Decorative Hammock.description": "看起来太薄了，根本撑不住。",
  "furniture.Lorikeet Wall Display.name": "壁挂吸蜜鹦鹉展示柜",
  "furniture.Lorikeet Wall Display.description": "这个玻璃饲养箱安装在墙上，里面没有灯光。",
  "furniture.Ferret Wall Display.name": "壁挂白鼬展示柜",
  "furniture.Ferret Wall Display.description": "这个玻璃饲养箱安装在墙上，里面没有灯光。",
  "furniture.Dart Frog Wall Display.name": "壁挂箭毒蛙展示柜",
  "furniture.Dart Frog Wall Display.description": "这个玻璃饲养箱安装在墙上，里面没有灯光。",
  "furniture.Plant Wall Display.name": "壁挂植物展示柜",
  "furniture.Plant Wall Display.description": "这个玻璃饲养箱安装在墙上，里面没有灯光。",
  "furniture.Freshwater Wall Display.name": "壁挂淡水生态展示柜",
  "furniture.Freshwater Wall Display.description": "这个玻璃饲养箱安装在墙上，里面没有灯光。",
  "furniture.Saltwater Wall Display.name": "壁挂咸水生态展示柜",
  "furniture.Saltwater Wall Display.description": "这个玻璃饲养箱安装在墙上，里面没有灯光。",
  "furniture.Small Insect Mount.name": "小号昆虫标本框",
  "furniture.Small Insect Mount.description": "一种不同寻常的墙饰。",
  "furniture.Medium Insect Mount.name": "中号昆虫标本框",
  "furniture.Medium Insect Mount.description": "一种不同寻常的墙饰。",
  "furniture.Large Insect Mount.name": "大号昆虫标本框",
  "furniture.Large Insect Mount.description": "一种不同寻常的墙饰。",
  "furniture.Fish Mount.name": "鱼类标本框",
  "furniture.Fish Mount.description": "一种不同寻常的墙饰。",
  "furniture.Legend Mount.name": "传说之鱼标本框",
  "furniture.Legend Mount.description": "一定花了不少功夫才抓到它。",
  "furniture.Legend Two Mount.name": "传说之鱼二代标本框",
  "furniture.Legend Two Mount.description": "一定花了不少功夫才抓到它。",
  "furniture.Mutant Carp Mount.name": "变种鲤鱼标本框",
  "furniture.Mutant Carp Mount.description": "一定花了不少功夫才抓到它。",
  "furniture.Radioactive Carp Mount.name": "放射性鲤鱼标本框",
  "furniture.Radioactive Carp Mount.description": "一定花了不少功夫才抓到它。",
  "furniture.Crimsonfish Mount.name": "绯红鱼标本框",
  "furniture.Crimsonfish Mount.description": "一定花了不少功夫才抓到它。",
  "furniture.Son of Crimsonfish Mount.name": "绯红鱼之子标本框",
  "furniture.Son of Crimsonfish Mount.description": "一定花了不少功夫才抓到它。",
  "furniture.Angler Mount.name": "𩽾𩾌鱼标本框",
  "furniture.Angler Mount.description": "一定花了不少功夫才抓到它。",
  "furniture.Ms Angler Mount.name": "雌𩽾𩾌鱼标本框",
  "furniture.Ms Angler Mount.description": "一定花了不少功夫才抓到它。",
  "furniture.Glacierfish Mount.name": "冰川鱼标本框",
  "furniture.Glacierfish Mount.description": "一定花了不少功夫才抓到它。",
  "furniture.Glacierfish Jr Mount.name": "小冰川鱼标本框",
  "furniture.Glacierfish Jr Mount.description": "一定花了不少功夫才抓到它。",
  "furniture.Zoo Banner.name": "动物园横幅",
  "furniture.Zoo Banner.description": "适当地装饰你的水族馆或动物园的入口。",
  "furniture.Decorative Screen.name": "装饰屏风",
  "furniture.Decorative Screen.description": "分隔一个房间或为它增加一点自然趣味。",
  "furniture.Plant Diagram.name": "植物标本框",
  "furniture.Plant Diagram.description": "一个漂亮的植物展示框。",
  "furniture.Stone Flooring Rug.name": "石头路地毯",
  "furniture.Stone Flooring Rug.description": "简单的石头小路。",
  "furniture.Large Decorative Jar.name": "大号装饰罐",
  "furniture.Large Decorative Jar.description": "一些毫无吸引力的怪东西漂浮在里面。",
  "furniture.Wild Window.name": "自然风景窗",
  "furniture.Wild Window.description": "一个简单的木窗，可选择有或没有风景。",
  "furniture.Hanging Nectar Feeder.name": "悬挂式花蜜喂食器",
  "furniture.Hanging Nectar Feeder.description": "各种各样的生物都来这里获取能量。",
  "furniture.Hummingbird Feeder.name": "蜂鸟喂食器",
  "furniture.Hummingbird Feeder.description": "一只快乐的蜂鸟很高兴你这么做。",
  "furniture.Wall Plant.name": "壁挂植物",
  "furniture.Wall Plant.description": "把丛林带进室内。",
  "furniture.Jellyfish Mural.name": "水母壁画",
  "furniture.Jellyfish Mural.description": "与一个海底展示柜完美搭配。",
  "furniture.Hanging Bat Box.name": "悬挂式蝙蝠盒",
  "furniture.Hanging Bat Box.description": "晚上你可能会看到一些害羞的居民。",
  "furniture.Small Skeleton on Stand.name": "小型骨架",
  "furniture.Small Skeleton on Stand.description": "用于教育或展示的小型动物骨架。",
  "furniture.Large Skeleton.name": "大型骨架",
  "furniture.Large Skeleton.description": "用于教育或展示的大型动物骨架。",
  "furniture.Whale Skeleton on Stand.name": "鲸鱼骨架",
  "furniture.Whale Skeleton on Stand.description": "一具铰接式鲸鱼骨架站在一大块木制底板上。",
  "furniture.Wall Mounted Whale Skeleton.name": "壁挂式鲸鱼骨架",
  "furniture.Wall Mounted Whale Skeleton.description": "天花板上挂着一具铰接式鲸鱼骨架。",
  "furniture.Brine Shrimp Hatchery.name": "丰年虾繁殖缸",
  "furniture.Brine Shrimp Hatchery.description": "它能稳定供应营养丰富的鱼食。",
  "furniture.Fish Hatchery.name": "鱼类孵化场",
  "furniture.Fish Hatchery.description": "一个让小鱼苗安全发育的地方。",
  "furniture.Large Oak Tree.name": "大橡树",
  "furniture.Large Oak Tree.description": "一棵大而结实的橡树，树干上缠着一些灯。",
  "furniture.Palm Tree.name": "棕榈树",
  "furniture.Palm Tree.description": "一种喜欢干旱土壤的装饰用树木。",
  "furniture.Japanese Maple Tree.name": "日本枫树",
  "furniture.Japanese Maple Tree.description": "一种精美而色彩丰富的花园新选项。",
  "furniture.Dark Wood Windmill.name": "黑木风车",
  "furniture.Dark Wood Windmill.description": "它在风中旋转。",
 
}
  
