{
  "Name": "Dinosaur Egg Gold Display Case",
  "Description": "A solid gold display piece featuring a giant dinosaur egg sealed within a clear glass case.",
  "Category": "Crafting",
  "CategoryTextOverride": "Artifact",
  "CategoryColorOverride": "116,25,98,255",
  "Edibility": -300,
  "Price": 7458,
  "IsColored": false,
  "Recipe": null,
  "GiftTastes":
    {
	"Like": ["Penny","Dwarf"],
        "Dislike": ["Sam","Clint","Maru","Wizard","Abigail","Alex","Demetrius","Krobus","Willy","Caroline","Haley","Jodi","Emily","Pam","Sandy","Elliott","Evelyn","George","Harvey","Jas","Kent","Leo","Lewis","Linus","Pierre","Robin","Sebastian","Shane","Vincent","Leah","Gus","Marnie"],
	
   }, 

   "NameLocalization": 
   {
     "en":"Dinosaur Egg Display Case",
     "zh":"恐龙蛋展示盒"
   },

 "DescriptionLocalization": 
   {
     "zh":"一颗巨大的恐龙蛋躺在纯金打造的底座上，用透明的玻璃罩密封展示。"
   }
  
}