{
  "Name": "Legendary Malachite Brooch of Fire",
  "Description": "A transmuted and enchanted iridium malachite brooch filled with the magic trapped inside a cinder shard.",
  "Category": "Crafting",
  "CategoryTextOverride": "Enchanted Jewelry",
  "CategoryColorOverride": "142,82,196,255",
  "Edibility": -300,
  "Price": 3658,
  "IsColored": false,
  "Recipe": null,
  "GiftTastes":
    {
        "Like": ["Wizard"],
        "Neutral": ["Caroline","Haley","Jodi","Emily","Pam","Penny","Sandy"],
        "Dislike": ["Abigail","Alex","Clint","Demetrius","Dwarf","Elliott","Evelyn","George","Harvey","Jas","Kent","Krobus","Leo","Lewis","Linus","Pierre","Robin","Sam","Sebastian","Shane","Vincent","Willy","Gus","Marnie","Leah","Maru"],
    },
//i18n
  "NameLocalization": 
    {
      "zh":"传奇火属性孔雀石胸针"
    },
  "DescriptionLocalization": 
    {
      "zh":"一枚被锻造和附魔过的孔雀石铱胸针，蕴藏了来自火山晶石的魔力。"
    }
}