{
  "Name": "Fine Ghost Crystal Brooch of Shadow",
  "Description": "A transmuted and enchanted copper ghost crystal brooch filled with the magic trapped inside a void essence.",
  "Category": "Crafting",
  "CategoryTextOverride": "Enchanted Jewelry",
  "CategoryColorOverride": "142,82,196,255",
  "Edibility": -300,
  "Price": 543,
  "IsColored": false,
  "Recipe": null,
  "GiftTastes":
    {
        "Love": ["Wizard"],
        "Neutral": ["Caroline","Haley","Jodi","Emily","Pam","Penny","Sandy","Dwarf"],
        "Dislike": ["Abigail","Alex","Demetrius","Krobus","Elliott","Evelyn","George","Harvey","Jas","Kent","Leo","Lewis","Linus","Pierre","Robin","Sam","Sebastian","Shane","Vincent","Willy","Leah","Gus","Marnie","Clint","Maru"],
    },

//i18n
  "NameLocalization": {
    "zh":"普通虚空幽灵水晶项链"
  },

  "DescriptionLocalization": {
    "zh":"一条被锻造和附魔过的幽灵水晶铜项链，蕴藏了来自虚空精华的魔力。"
  }  
}