{
  "Name": "Mudstone Hardwood Display Case",
  "Description": "A hardwood display piece featuring a mudstone mineral sealed within a clear glass case.",
  "Category": "Crafting",
  "CategoryTextOverride": "Mineral",
  "CategoryColorOverride": "116,25,98,255",
  "Edibility": -300,
  "Price": 589,
  "IsColored": false,
  "Recipe": null,
  "GiftTastes":
    {
        "Like": ["Wizard"],
        "Dislike": ["Caroline","Haley","Jodi","Emily","Pam","Penny","Sandy","Abigail","Alex","Clint","Demetrius","Dwarf","Elliott","Evelyn","George","Harvey","Jas","Kent","Krobus","Leo","Lewis","Linus","Pierre","Robin","Sam","Sebastian","Shane","Vincent","Willy","Gus","Marnie","Leah","Maru"],
    },
//i18n
"NameLocalization": 
{
  "en":"Mudstone Display Case",
  "zh":"泥石展示盒"
},

"DescriptionLocalization": 
{
  "zh":"一小块泥石躺在硬木打造的底座上，用透明的玻璃罩密封展示。"
}
}