{
  "Name": "铜赤红猫眼石耳饰",
  "Description": "一对小巧的黄铜耳饰，镶嵌着切割粗糙的赤红猫眼石。",
  "Category": "Crafting",
  "CategoryTextOverride": "Jewelry",
  "CategoryColorOverride": "143,71,162,255",
  "Edibility": -300,
  "Price": 361,
  "IsColored": false,
  "Recipe": null,
  "GiftTastes":
    {
	"Like": ["Wizard"],
        "Neutral": ["Clint","Maru","Caroline","Haley","Jodi","Emily","Pam","Penny","Sandy"],
        "Dislike": ["Abigail","Alex","Demetrius","Dwarf","Elliott","Evelyn","George","Harvey","Jas","Kent","Krobus","Leo","Lewis","Linus","Pierre","Robin","Sebastian","Shane","Vincent","Willy","Leah","Gus","Marnie"],
	"Hate": ["Sam"],
    }, 
  
}