{
  "Name": "Gold Ruby Brooch",
  "Description": "A solid gold brooch inset with a large, finely cut ruby gem.",
  "Category": "Crafting",
  "CategoryTextOverride": "Jewelry",
  "CategoryColorOverride": "143,71,162,255",
  "Edibility": -300,
  "Price": 468,
  "IsColored": false,
  "Recipe": null,
  "GiftTastes":
    {
        "Love": ["Clint","Dwarf","Emily","Maru"],
	"Like": ["Abigail","Wizard","Alex","Demetrius","Elliott","Evelyn","George","Harvey","Jas","Kent","Krobus","Leo","Lewis","Robin","Sam","Sebastian","Shane","Vincent","Willy","Gus","Marnie","Caroline","Haley","Jodi","Pam","Penny","Sandy"],
        "Dislike": ["Linus","Pierre","Leah"],
    },
  //i18n
  "NameLocalization": 
    {
      "zh":"红宝石金胸针"
    },

  "DescriptionLocalization": 
    {
      "zh":"一枚纯金胸针，镶嵌着一大块切割精细的红宝石。"
    }
}