{
	"Flutter_0_name": "黄毛腿蛾",//
	"Flutter_1_name": "粉冠缎蛾",//
	"Flutter_2_name": "斯托尔玫瑰蛾",//
	"Flutter_3_name": "蛋白石斑蚊蛾",//
	"Flutter_4_name": "小红蛾",//
	"Flutter_5_name": "黑条红斑蛾",//
	"Flutter_6_name": "四时蛾",//
	"Flutter_7_name": "黑端红尺蠖蛾",//
	"Flutter_8_name": "粉点天蛾",//
	"Flutter_9_name": "咖啡透翅天蛾",//
	"Flutter_10_name": "象天蛾",//
	"Flutter_11_name": "钩翅毯飞蛾",//
	"Flutter_12_name": "北岛地衣蛾",//
	"Flutter_13_name": "绿渍蛾",//
	"Flutter_14_name": "南岛地衣蛾",//
	"Flutter_15_name": "金翅斑点蛾",
	"Flutter_16_name": "雌牡荆蝙蝠蛾",	
	"Flutter_17_name": "粉星飞蛾",//
	"Flutter_18_name": "橄榄新月蛾",//
	"Flutter_19_name": "西班牙月娥",//
	"Flutter_20_name": "玉米天蚕蛾",//
	"Flutter_21_name": "月神蛾",//
	"Flutter_22_name": "红宝石灯蛾",//
	"Flutter_23_name": "深红斑点步兵蛾",//
	"Flutter_24_name": "木豹蛾",//
	"Flutter_25_name": "小环纹天蚕蛾",//
	"Flutter_26_name": "花园虎蛾",//
	"Flutter_27_name": "费丽特虎蛾",
	"Flutter_28_name": "斑纹猴蛾",
	"Flutter_29_name": "粉色达尔西亚蛾",
	"Flutter_30_name": "皮耶伽黑斯狄诺亚蛾",
	"Flutter_31_name": "施陶丁格长尾蛾",
	"Flutter_32_name": "蓝尾异蛾",
	"Flutter_33_name": "锦纹拟蝶蛾",
	"Flutter_34_name": "象形蛾",
	"Flutter_35_name": "赫拉鹿纹天蚕蛾",
	"Flutter_36_name": "潘多拉斯芬克斯蛾",
	"Flutter_37_name": "独眼巨人蛾",
	"Flutter_38_name": "普罗米修斯天蚕蛾",
	"Flutter_39_name": "羊蛾",//
	"Flutter_40_name": "金星鬼蛾",//
	"Flutter_41_name": "白斑夜蛾",//
	"Flutter_42_name": "鬼蛾",//
	"Flutter_43_name": "栾点斯芬克斯蛾",//
	"Flutter_44_name": "室女星虎蛾",//
	"Flutter_45_name": "断翅飞蛾",//
	"Flutter_46_name": "彩翼叶蛾",//
	"Flutter_47_name": "喀戎斯芬克斯蛾",//
	"Flutter_48_name": "谜锈木蠹蛾",//
	"Flutter_49_name": "绿纹天王星蛾",//
	"Flutter_50_name": "绿翡木尺蛾",//
	"Flutter_51_name": "委内瑞拉贵宾犬蛾",//
	"Flutter_52_name": "玫瑰红枫蛾",//
	"Flutter_53_name": "红条犀额蛾",//
	"Flutter_54_name": "普通澳大利亚蝙蝠蛾",//
	"Flutter_55_name": "非凡银线飞蛾",
	"Flutter_56_name": "噪寄长尾蛾",
	"Flutter_57_name": "约瑟外套蛾",
	"Flutter_58_name": "萨拉明尼亚吸果夜蛾",
	"Flutter_59_name": "帝国吸果夜蛾",
	"Flutter_60_name": "红体黄蜂蛾",
	"Flutter_61_name": "镰形钩蛾",
	"Flutter_62_name": "伊莎贝拉蛾虎",
	"Flutter_63_name": "盲点斯芬克斯蛾",
	"Flutter_64_name": "大蚕蛾",
	"Flutter_65_name": "透翅毒蛾",
	"Flutter_66_name": "狗爪蛾",
	"Flutter_67_name": "毒蛾",
	"Flutter_68_name": "豹尺蛾",
	"Flutter_69_name": "雌豹天蚕蛾",
	"Flutter_70_name": "环豹蛾",
	"Flutter_71_name": "费沃兰斯长尾斑蛾",
	"Flutter_72_name": "橙点斑蛾",
	"Flutter_73_name": "瑰色皇蛾",
	"Flutter_74_name": "巨朱蕉皇蛾",
	"Flutter_75_name": "大理石皇蛾",
	"Flutter_76_name": "佩内拉斑蛾",
	"Flutter_77_name": "海金沙蛛蛾",
	"Flutter_78_name": "白色透翅毒蛾",
	"Flutter_79_name": "吸血鬼蛾",
	"Flutter_80_name": "鬼脸天蛾",	
	
	"Flutter_0_desc": "小小的，黄橙色的，毛茸茸的。我听说幼虫更加毛茸茸。",
	"Flutter_1_desc": "粉冠缎蛾",
	"Flutter_2_desc": "斯托尔玫瑰蛾",
	"Flutter_3_desc": "蛋白石斑蚊蛾",
	"Flutter_4_desc": "小红蛾",
	"Flutter_5_desc": "黑条红斑蛾",
	"Flutter_6_desc": "四时蛾",
	"Flutter_7_desc": "黑端红尺蠖蛾",
	"Flutter_8_desc": "粉点天蛾",
	"Flutter_9_desc": "咖啡透翅天蛾",
	"Flutter_10_desc": "象天蛾",
	"Flutter_11_desc": "钩翅毯飞蛾",
	"Flutter_12_desc": "它和南岛地衣蛾是近亲。在其生命的早期阶段，它们看起来像一只蜷曲在叶子上的鸟。",	//It is closely related to South Island Lichen Moth. In the early stages of their lives, they looked like a bird curled up on a leaf.
	"Flutter_13_desc": "它的前翅形状独特。",// Its front wing has a unique shape.
	"Flutter_14_desc": "南岛地衣蛾",
	"Flutter_15_desc": "金翅斑点蛾",
	"Flutter_16_desc": "雌牡荆蝙蝠蛾",	
	"Flutter_17_desc": "粉星飞蛾",
	"Flutter_18_desc": "橄榄新月蛾",
	"Flutter_19_desc": "西班牙月娥",
	"Flutter_20_desc": "玉米天蚕蛾",
	"Flutter_21_desc": "月神蛾",
	"Flutter_22_desc": "红宝石灯蛾",
	"Flutter_23_desc": "深红斑点步兵蛾",
	"Flutter_24_desc": "木豹蛾",
	"Flutter_25_desc": "小环纹天蚕蛾",
	"Flutter_26_desc": "花园虎蛾",
	"Flutter_27_desc": "费丽特虎蛾",
	"Flutter_28_desc": "斑纹猴蛾",
	"Flutter_29_desc": "它们叫粉色达尔西亚蛾，但不是粉色的？",
	"Flutter_30_desc": "皮耶伽黑斯狄诺亚蛾",
	"Flutter_31_desc": "施陶丁格长尾蛾",
	"Flutter_32_desc": "蓝尾异蛾",
	"Flutter_33_desc": "锦纹拟蝶蛾",
	"Flutter_34_desc": "象形蛾",
	"Flutter_35_desc": "赫拉鹿纹天蚕蛾",
	"Flutter_36_desc": "潘多拉斯芬克斯蛾",
	"Flutter_37_desc": "独眼巨人蛾",
	"Flutter_38_desc": "普罗米修斯天蚕蛾",
	"Flutter_39_desc": "这个物种的色型非常多。", // This species has many color types.
	"Flutter_40_desc": "它是红蝠蛾属中最大的一种。", // It is the largest one in the Genus Leto.
	"Flutter_41_desc": "它的黑色后翅上有明显的白色斑点。", //Its black hind wings have obvious white spots.
	"Flutter_42_desc": "它是蝙蝠蛾科中最具代表性的物种。具有明显的性二态。", // It is the most representative species in the family Hepialidae. It has obvious sexual dimorphism.
	"Flutter_43_desc": "它会抬起前翅以露出后翅的眼状斑点，这是许多云纹天蛾亚科物种恐吓天敌的惯用招数。", // It will raise its front wing to reveal the eye like spots on its rear wing, which is a common tactic used by many ambulicinaes to scare natural enemies.
	"Flutter_44_desc": "室女星虎蛾", 
	"Flutter_45_desc": "它可能是因为前后翅比例夸张才被取了这样的名字。", // It may have been named because of the exaggerated ratio of the front and back wings.
	"Flutter_46_desc": "它的颜色极为艳丽，且雌雄异型。", // Its color is extremely bright, and it is heteromorphic.
	"Flutter_47_desc": "它很漂亮，而且种名取自希腊神话人物。", // It is very beautiful, and its species name is taken from Greek mythological characters.
	"Flutter_48_desc": "顾名思义，这种飞蛾似乎是个谜！木蠹蛾科有七百来个种，要从中找出一种与它的花纹对应……", // As the name implies, this moth seems to be a mystery! There are more than 700 species in the family cossoidea . It is necessary to find one corresponding to its pattern.
	"Flutter_49_desc": "它的虹化个体很少见，在市场上要价惊人。", // Its iridescent individuals are rare, and the price is amazing in the market.
	"Flutter_50_desc": "绿翡木尺蛾",
	"Flutter_51_desc": "大名鼎鼎的都市传说！对于它的正式分类和学名都未有结论，我只好选取其中一种观点了。", // A famous urban legend! There is no conclusion about its formal classification and scientific name, so I have to choose one of them.
	"Flutter_52_desc": "它是最小的天蚕蛾之一。",
	"Flutter_53_desc": "红条犀额蛾",
	"Flutter_54_desc": "普通澳大利亚蝙蝠蛾",
	"Flutter_55_desc": "正如其名，这只飞蛾非常了不起！",
	"Flutter_56_desc": "噪寄长尾蛾",
	"Flutter_57_desc": "约瑟外套蛾",
	"Flutter_58_desc": "萨拉明尼亚吸果夜蛾",
	"Flutter_59_desc": "帝国吸果夜蛾",
	"Flutter_60_desc": "红体黄蜂蛾",
	"Flutter_61_desc": "镰形钩蛾",
	"Flutter_62_desc": "伊莎贝拉蛾虎",
	"Flutter_63_desc": "盲点斯芬克斯蛾",
	"Flutter_64_desc": "大蚕蛾",
	"Flutter_65_desc": "透翅毒蛾",
	"Flutter_66_desc": "狗爪蛾",
	"Flutter_67_desc": "毒蛾",
	"Flutter_68_desc": "豹尺蛾",
	"Flutter_69_desc": "雌豹天蚕蛾",
	"Flutter_70_desc": "环豹蛾",
	"Flutter_71_desc": "费沃兰斯长尾斑蛾",
	"Flutter_72_desc": "橙点斑蛾",
	"Flutter_73_desc": "瑰色皇蛾",
	"Flutter_74_desc": "巨朱蕉皇蛾",
	"Flutter_75_desc": "大理石皇蛾",
	"Flutter_76_desc": "这个物种的雌性作为母亲的最后一项任务是成为自己孩子的晚餐。",
	"Flutter_77_desc": "海金沙蛛蛾",
	"Flutter_78_desc": "白色透翅毒蛾",
	"Flutter_79_desc": "这种飞蛾居然会吸血！但这只是为了给伴侣补充盐分。别担心，你不会变成吸血鬼。",
	"Flutter_80_desc": "它的“鬼脸”看起来很吓人，但当它们害怕时，它们会发出可爱的尖叫声！",
	
	"Polilla": "柏丽拉",
	"Hoshi": "宏时飞蛾",
	"Hawkmoth": "天蛾",
	"Marama": "玛拉马",
	"Lunar": "月神蛾",
	"Silva": "丝丽法飞蛾",
	"Chausiku": "查梧思库飞蛾",
	"Estrella": "艾斯特拉飞蛾",
	"Mythic": "神话飞蛾",
	"Zodiac": "黄道带飞蛾",
	"Apoyo": "阿波尤飞蛾",
	"Yanada": "亚娜达飞蛾",
	"Hanwi": "汉荟飞蛾",
	"Bulan": "布兰飞蛾",
	"Boom": "普飞蛾",
	"Yokai": "妖怪飞蛾"
}