{
  "Name": "铜虎眼石耳饰",
  "Description": "一对黄铜耳饰，镶嵌了一小块切割粗糙的虎眼石。",
  "Category": "Crafting",
  "CategoryTextOverride": "Jewelry",
  "CategoryColorOverride": "143,71,162,255",
  "Edibility": -300,
  "Price": 292,
  "IsColored": false,
  "Recipe": null,
  "GiftTastes":
    {
	"Love": ["Sam"],
	"Like": ["Wizard"],
        "Neutral": ["Clint","Maru","Caroline","Haley","Jodi","Emily","Pam","Penny","Sandy"],
        "Dislike": ["Abigail","Alex","Demetrius","Dwarf","Elliott","Evelyn","George","Harvey","Jas","Kent","Krobus","Leo","Lewis","Linus","Pierre","Robin","Sebastian","Shane","Vincent","Willy","Leah","Gus","Marnie"],
    }, 
  
}