{
  "Name": "硬木天青石拐杖",
  "Description": "带上一根镶嵌着切割粗糙的天青石的硬木绅士拐杖，享受一次时尚的出行。",
  "Category": "ArtisanGoods",
  "Edibility": -300,
  "Price": 315,
  "IsColored": false,
  "Recipe": null,
  "GiftTastes":
    {
        "Like": ["Wizard"],
        "Neutral": ["Caroline","Haley","Jodi","Emily","Pam","Penny","Sandy"],
        "Dislike": ["Abigail","Alex","Clint","Demetrius","Dwarf","Elliott","Evelyn","George","Harvey","Jas","Kent","Krobus","Leo","Lewis","Linus","Pierre","Robin","Sam","Sebastian","Shane","Vincent","Willy","Gus","Marnie","Leah","Maru"],
    },
}