{
  "Name": "Iridium Dolomite Bracelet",
  "Description": "A beautiful iridium bracelet adorned with three flawlessly cut dolomite minerals.",
  "Category": "Crafting",
  "CategoryTextOverride": "Jewelry",
  "CategoryColorOverride": "143,71,162,255",
  "Edibility": -300,
  "Price": 700,
  "IsColored": false,
  "Recipe": null,
  "GiftTastes":
    {
	"Like": ["Clint","Maru","Wizard","Krobus","Willy"],
        "Neutral": ["Caroline","Haley","Jodi","Emily","Pam","Penny","Sandy"],
        "Dislike": ["Abigail","Alex","Demetrius","Dwarf","Elliott","Evelyn","George","Harvey","Jas","Kent","Leo","Lewis","Linus","Pierre","Robin","Sebastian","Shane","Vincent","Leah","Gus","Marnie"],
	"Hate": ["Sam"],  
   },
//i18n
  "NameLocalization": 
    {
      "zh":"白云石铱手镯"
    },

  "DescriptionLocalization": 
    {
      "zh":"一只美丽的铱手镯，镶嵌着三块完美无瑕的白云石。"
    }
  
}