{
  "Name": "Iridium Emerald Bracelet",
  "Description": "A beautiful iridium bracelet adorned with three flawlessly cut emerald gems.",
  "Category": "Crafting",
  "CategoryTextOverride": "Jewelry",
  "CategoryColorOverride": "143,71,162,255",
  "Edibility": -300,
  "Price": 610,
  "IsColored": false,
  "Recipe": null,
  "GiftTastes":
    {
        "Love": ["Clint","Dwarf","Emily","Penny","Krobus","Willy","Maru"],
	"Like": ["Abigail","Wizard","Alex","Demetrius","Elliott","Evelyn","George","Harvey","Jas","Kent","Leo","Lewis","Robin","Sam","Sebastian","Shane","Vincent","Gus","Marnie","Caroline","Haley","Jodi","Pam","Sandy"],
        "Dislike": ["Linus","Pierre","Leah"],
    },
//i18n
  "NameLocalization": 
    {
      "zh":"绿宝石铱手镯"
    },

  "DescriptionLocalization": 
    {
      "zh":"一只美丽的铱手镯，镶嵌着三块完美无瑕的绿宝石。"
    }  
  
}