{
  "Name": "Gold Frozen Tear Earrings",
  "Description": "A pair of solid gold earrings adorned with two small, finely cut frozen tear minerals.",
  "Category": "Crafting",
  "CategoryTextOverride": "Jewelry",
  "CategoryColorOverride": "143,71,162,255",
  "Edibility": -300,
  "Price": 195,
  "IsColored": false,
  "Recipe": null,
  "GiftTastes":
    {
        "Love": ["Clint","Sebastian","Maru"],
	"Like": ["Abigail","Wizard","Alex","Demetrius","Elliott","Evelyn","George","Harvey","Jas","Kent","Krobus","Leo","Lewis","Robin","Sam","Shane","Vincent","Willy","Gus","Marnie","Caroline","Haley","Jodi","Pam","Penny","Sandy"],
        "Dislike": ["Linus","Pierre","Leah"],
    }, 
  
//i18n
"NameLocalization": 
{
  "zh":"泪晶金耳饰"
},

"DescriptionLocalization": 
{
  "zh":"一对纯金耳饰，镶嵌着两小块切割精细的泪晶。"
}

}