{
  "Name": "Copper Emerald Bracelet",
  "Description": "A copper bracelet adorned with a roughly cut emerald gem.",
  "Category": "Crafting",
  "CategoryTextOverride": "Jewelry",
  "CategoryColorOverride": "143,71,162,255",
  "Edibility": -300,
  "Price": 205,
  "IsColored": false,
  "Recipe": null,
  "GiftTastes":
    {
        "Love": ["Clint","Dwarf","Emily","Penny"],
	"Like": ["Abigail","Wizard","Maru","Alex","Demetrius","Elliott","Evelyn","George","Harvey","Jas","Kent","Krobus","Leo","Lewis","Robin","Sam","Sebastian","Shane","Vincent","Willy","Gus","Marnie","Caroline","Haley","Jodi","Pam","Sandy"],
        "Dislike": ["Linus","Pierre","Leah"],
    }, 
    
//i18n
"NameLocalization": {
  "zh":"绿宝石铜手镯"
},

"DescriptionLocalization": {
  "zh":"一只黄铜手镯，镶嵌着一块切割粗糙的绿宝石。"
}

}