{
  "Name": "Fine Earrings of Fire",
  "Description": "A pair of transmuted and enchanted copper earrings filled with the magic trapped inside a cinder shard.",
  "Category": "Crafting",
  "CategoryTextOverride": "Enchanted Jewelry",
  "CategoryColorOverride": "142,82,196,255",
  "Edibility": -300,
  "Price": 340,
  "IsColored": false,
  "Recipe": null,
  "GiftTastes":
    {
        "Neutral": ["Caroline","Haley","Jodi","Emily","Pam","Penny","Sandy"],
        "Dislike": ["Wizard","Abigail","Alex","Clint","Demetrius","Dwarf","Elliott","Evelyn","George","Harvey","Jas","Kent","Krobus","Leo","Lewis","Linus","Pierre","Robin","Sam","Sebastian","Shane","Vincent","Willy","Gus","Marnie","Leah","Maru"],
    },

//i18n
  "NameLocalization": {
    "zh":"普通火属性耳饰"
  },

  "DescriptionLocalization": {
    "zh":"一对被锻造和附魔过的黄铜耳饰，蕴藏了来自火山晶石的魔力。"
  }  
}