{
  "Name": "Fine Fire Quartz Bracelet of Light",
  "Description": "A transmuted and enchanted copper fire quartz bracelet filled with the magic trapped inside a solar essence.",
  "Category": "Crafting",
  "CategoryTextOverride": "Enchanted Jewelry",
  "CategoryColorOverride": "142,82,196,255",
  "Edibility": -300,
  "Price": 287,
  "IsColored": false,
  "Recipe": null,
  "GiftTastes":
    {
        "Love": ["Wizard"],
	"Like": ["Sebastian","Clint","Dwarf","Emily","Abigail","Maru","Alex","Demetrius","Elliott","Evelyn","George","Harvey","Jas","Kent","Krobus","Leo","Lewis","Robin","Sam","Shane","Vincent","Willy","Gus","Marnie","Caroline","Haley","Jodi","Pam","Penny","Sandy"],
        "Dislike": ["Linus","Pierre","Leah"],
    },

//i18n
  "NameLocalization": {
    "zh":"普通光属性火水晶手镯"
  },

  "DescriptionLocalization": {
    "zh":"一只被锻造和附魔过的火水晶铜手镯，蕴藏了来自太阳精华的魔力。"
  }
}