{
  "Name": "Copper Diamond Ring",
  "Description": "A copper ring fitted with a very small diamond gem.",
  "Category": "Crafting",
  "CategoryTextOverride": "Jewelry",
  "CategoryColorOverride": "143,71,162,255",
  "Edibility": -300,
  "Price": 625,
  "IsColored": false,
  "Recipe": null,
  "GiftTastes":
    {
	"Love": ["Maru","Gus","Evelyn","Jodi","Krobus","Marnie","Penny","Willy"],
        "Like": ["Clint","Wizard","Caroline","Haley","Emily","Pam","Sandy","Abigail","Alex","Demetrius","Dwarf","Elliott","George","Harvey","Jas","Kent","Leo","Lewis","Linus","Pierre","Robin","Sam","Sebastian","Shane","Vincent","Leah"],
    }, 
  
//i18n
"NameLocalization": {
  "zh":"钻石铜戒指"
},

"DescriptionLocalization": {
  "zh":"一枚黄铜戒指，镶嵌着一小块钻石。"
}
}