{
  "Format": "1.24.0",
  "Quests": [



//KROBUS AND THE SPIRIT'S EVE
    {
      "Name": "Krobushalloween",
      "Type": "ItemDelivery",
      "Title": "科罗布斯与万灵节",
      "Description": "科罗布斯想要参加人类的万灵节，至少要给他准备一盏专属的杰克南瓜灯。",
      "Objective": "给科罗布斯一盏南瓜灯。",
      "Reward": 500, // 500g
      "Cancelable": false,
      "Trigger": "Krobus 746", 
      "ReactionText": "哇喔……所以杰克南瓜灯……在南瓜里面点亮一根蜡烛吗？#$b#它很漂亮！谢谢你，@。$h#$e#%科罗布斯的注意力完全被南瓜灯吸引了。",
	  "FriendshipGain": {
			"Krobus": 150 
      }
    },

//DWARF'S INSULT

{
      "Name": "Krobusinsult",
      "Type": "ItemDelivery",
      "Title": "矮人的侮辱",
      "Description": "矮人并不尊重科罗布斯，科罗布斯希望你能帮他解决问题。",
      "Objective": "给矮人一条鲤鱼",
      "Reward": 150, // 150g
      "Cancelable": true,
      "Trigger": "Dwarf 142", 
      "ReactionText": "……这是什么意思？#$b#哈！所以是那个住在阴沟里的暗影人让你干的？真恶心。#$b#你还有什么其他的要送来羞辱我吗？#$b#快滚！",
	  "FriendshipGain": {
			"Krobus": 150,
			"Dwarf": -50, 
      			 },
"ConversationTopic": {
        "AddWhenQuestCompleted": "DwarfInsultResponse 3 KrobusInsultRensponse 4",
    }
},


//CROWS
{
      "Name": "Krobuskrows",
      "Type": "ItemDelivery",
      "Title": "新朋友",
      "Description": "科罗布斯想要跟乌鸦做朋友，帮他带一些鸟类会喜欢的食物。",
      "Objective": "给科罗布斯一颗榛子。",
      "Reward": 300,
	"RewardType": "Money",
      "Cancelable": true,
      "Trigger": "Krobus 408",
      "ReactionText": "谢谢你，@！#$b#我好想快点知道乌鸦喜不喜欢它！$h",
"FriendshipGain": {
			"Krobus": 150, 
      			 },
"AddMailOnComplete": "Krobushzl",
    }


  ],

//---------
//OFFERS   
//---------

  "Offers": [
    {
      "QuestName": "Krobushalloween",
      "OfferedBy": "Mail",
      "OfferDetails": {
        "Topic": "科罗布斯与万灵节",
        "Text": "@：^    我无意间听见两个人类幼崽谈论一种叫“杰克南瓜灯”的东西，似乎是灵节最重要的一部分。但我不知道它是什么。^如果不麻烦的话，我也想要一个。^^   -科罗布斯",
      },
      "When": {
      "Date": "25 fall",
		"FriendshipLevel": "Krobus 3",
		"QuestNeverCompleted": "yes",
		"not:HasMod":"haywrites.mpno",
      }
	},
	  //hawrites compatibility ver
	  {
      "QuestName": "Krobushalloween",
      "OfferedBy": "Mail",
      "OfferDetails": {
        "Topic": "科罗布斯与万灵节",
        "Text": "@：^    我无意间听见两个人类幼崽谈论一种叫“杰克南瓜灯”的东西，似乎是灵节最重要的一部分。但我不知道它是什么。^如果不麻烦的话，我也想要一个。^^   -科罗布斯",
      },
      "When": {
      "Date": "25 fall",
		"FriendshipLevel": "Krobus 7",
		"QuestNeverCompleted": "yes",
		"HasMod":"haywrites.mpno",
      }
	  },

	{
		"QuestName": "Krobusinsult",
		"OfferedBy": "Mail",
		"OfferDetails": {
			"Topic": "矮人的侮辱",
			"Text": "@：^    我有时能从下水道里听到矮人们说话，他们在你镇上阴暗的角落里嘀嘀咕咕。昨晚我听见井矿口的那个矮人在和别人说暗影人的坏话！我不能放任他这样，但我已向玛格努斯起誓，永不因生存之外的事杀生。^    所以我想到了另一个办法，众所周知矮人最讨厌鲤鱼了，你可以帮我带一条给他吗？我相信这会让他学会礼貌。^^   -科罗布斯",
		},
		"When": {
		"QuestNeverCompleted": "yes",
		"EventSeen": "691039",
		"not:EventSeen": "177533",
		"FriendshipLevel": "Krobus 4 Dwarf 4",
		"not:HasMod":"haywrites.mpno",
		},
	},
		  //hawrites compatibility ver
{
		"QuestName": "Krobusinsult",
		"OfferedBy": "Mail",
		"OfferDetails": {
			"Topic": "矮人的侮辱",
			"Text": "@：^    我有时能从下水道里听到矮人们说话，他们在你镇上阴暗的角落里嘀嘀咕咕。昨晚我听见井矿口的那个矮人在和别人说暗影人的坏话！我不能放任他这样，但我已向玛格努斯起誓，永不因生存之外的事杀生。^    所以我想到了另一个办法，众所周知矮人最讨厌鲤鱼了，你可以帮我带一条给他吗？我相信这会让他学会礼貌。^^   -科罗布斯",
		},
		"When": {
		"QuestNeverCompleted": "yes",
		"EventSeen": "691039",
		"not:EventSeen": "177533",
		"FriendshipLevel": "Krobus 8 Dwarf 6",
		"HasMod":"haywrites.mpno",
		},
	},

{
      "QuestName": "Krobuskrows",
      "OfferedBy": "Mail",
      "OfferDetails": {
		"Topic": "新朋友",
			"Text": "@：^    我已经尽量克制自己不去想念闪烁了，但还是很想她……我希望她能够旅途顺利。^    与此同时，我想要再次尝试和乌鸦做朋友！也许他们更加喜欢榛子而不是种子。你可以帮我带点来吗？^^   -科罗布斯", 
},
"When": {
		"QuestNeverCompleted": "yes",
		"EventSeen": "177532", 
		},
	},

  ]
}