{
  "Name": "Earth Crystal Hardwood Display Case",
  "Description": "A hardwood display piece featuring an earth crystal mineral sealed within a clear glass case.",
  "Category": "Crafting",
  "CategoryTextOverride": "Mineral",
  "CategoryColorOverride": "116,25,98,255",
  "Edibility": -300,
  "Price": 607,
  "IsColored": false,
  "Recipe": null,
  "GiftTastes":
    {
	"Like": ["Leah","Abigail","Dwarf","Emily","Clint","Krobus","Willy","Maru","Wizard","Alex","Demetrius","Elliott","Evelyn","George","Harvey","Jas","Kent","Leo","Lewis","Robin","Sam","Sebastian","Shane","Vincent","Gus","Marnie","Caroline","Haley","Jodi","Pam","Penny","Sandy"],
        "Dislike": ["Linus","Pierre"],
    },
//i18n
"NameLocalization": 
{
  "en":"Earth Crystal Display Case",
  "zh":"地晶展示盒"
},

"DescriptionLocalization": 
{
  "zh":"一小块地晶躺在硬木打造的底座上，用透明的玻璃罩密封展示。"
}
}