{
    "Name": "Hardwood Crafting Station",
    "Description": "Crafts a hardwood display case for any artifact or rocky mineral placed inside.",
    "Price": 250,
    "ProvidesLight": false,
    "ReserveExtraIndexCount": 10,
    "Recipe":
    {
        "ResultCount": 1,
        "Ingredients": [
        {
            "Object": 709,
            "Count": 50,
        },
	{
            "Object": 336,
            "Count": 5,
        },
	{
            "Object": 338,
            "Count": 2,
        },
	],
        "CanPurchase": true,
        "IsDefault": false,
	"PurchaseFrom": "Robin",
	"PurchasePrice": 40000,
	"PurchaseRequirements": ["n RobinsOffer"]
    },
    "CanPurchase": true,
    "PurchaseFrom": "Robin",
    "PurchasePrice": 8000,
    "PurchaseRequirements": ["n RobinsUpdate"],

//i18n
    "NameLocalization":
    {
        "zh":"硬木工艺台"
    },

    "DescriptionLocalization":
    {
        "zh":"用硬木为古物或矿物制作展示柜，使其成为收藏品。"
    }
}