{
  "Name": "Iridium Star Shards Necklace",
  "Description": "A beautiful iridium necklace adorned with three flawlessly cut star shards minerals.",
  "Category": "Crafting",
  "CategoryTextOverride": "Jewelry",
  "CategoryColorOverride": "143,71,162,255",
  "Edibility": -300,
  "Price": 2254,
  "IsColored": false,
  "Recipe": null,
  "GiftTastes":
    {
	"Like": ["Clint","Maru","Wizard","Krobus","Willy"],
        "Neutral": ["Caroline","Haley","Jodi","Emily","Pam","Penny","Sandy"],
        "Dislike": ["Abigail","Alex","Demetrius","Dwarf","Elliott","Evelyn","George","Harvey","Jas","Kent","Leo","Lewis","Linus","Pierre","Robin","Sebastian","Shane","Vincent","Leah","Gus","Marnie"],
	"Hate": ["Sam"],  
    },
//i18n
  "NameLocalization": 
    {
      "zh":"陶瓷碎片铱项链"
    },

  "DescriptionLocalization": 
    {
      "zh":"一条美丽的铱项链，镶嵌着三块完美无瑕的陶瓷碎片。"
    }
  
}