{
  "Name": "Iridium Lemon Stone Pin",
  "Description": "A beautiful iridium pin inset with a large, flawlessly cut lemon stone mineral.",
  "Category": "Crafting",
  "CategoryTextOverride": "Jewelry",
  "CategoryColorOverride": "143,71,162,255",
  "Edibility": -300,
  "Price": 1072,
  "IsColored": false,
  "Recipe": null,
  "GiftTastes":
    {
        "Love": ["Dwarf"],
	"Like": ["Wizard","Clint","Maru","Krobus","Willy"],
        "Neutral": ["Caroline","Haley","Jodi","Emily","Pam","Penny","Sandy"],
        "Dislike": ["Abigail","Alex","Demetrius","Elliott","Evelyn","George","Harvey","Jas","Kent","Leo","Lewis","Linus","Pierre","Robin","Sam","Sebastian","Shane","Vincent","Leah","Gus","Marnie"],
    },
//i18n
  "NameLocalization": 
    {
      "zh":"柠檬石铱徽章"
    },

  "DescriptionLocalization": 
    {
      "zh":"一枚美丽的铱徽章，镶嵌着一大块完美无瑕的柠檬石。"
    } 
  
}