{
  "Name": "Copper Fluorapatite Brooch",
  "Description": "A copper brooch inset with a small, roughly cut fluorapatite mineral.",
  "Category": "Crafting",
  "CategoryTextOverride": "Jewelry",
  "CategoryColorOverride": "143,71,162,255",
  "Edibility": -300,
  "Price": 196,
  "IsColored": false,
  "Recipe": null,
  "GiftTastes":
    {
	"Like": ["Wizard"],
        "Neutral": ["Clint","Maru","Caroline","Haley","Jodi","Emily","Pam","Penny","Sandy"],
        "Dislike": ["Abigail","Alex","Demetrius","Dwarf","Elliott","Evelyn","George","Harvey","Jas","Kent","Krobus","Leo","Lewis","Linus","Pierre","Robin","Sebastian","Shane","Vincent","Willy","Leah","Gus","Marnie"],
	"Hate": ["Sam"],
    },

//i18n
  "NameLocalization": {
    "zh":"氟磷灰石铜胸针"
  },

  "DescriptionLocalization": {
    "zh":"一枚黄铜胸针，镶嵌着一块切割粗糙的氟磷灰石。"
  }
  
}