{
  "Name": "Iridium Topaz Necklace",
  "Description": "A beautiful iridium necklace adorned with three flawlessly cut topaz gems.",
  "Category": "Crafting",
  "CategoryTextOverride": "Jewelry",
  "CategoryColorOverride": "143,71,162,255",
  "Edibility": -300,
  "Price": 610,
  "IsColored": false,
  "Recipe": null,
  "GiftTastes":
    {
        "Love": ["Clint","Dwarf","Emily","Krobus","Willy","Maru"],
	"Like": ["Abigail","Wizard","Alex","Demetrius","Elliott","Evelyn","George","Harvey","Jas","Kent","Leo","Lewis","Robin","Sam","Sebastian","Shane","Vincent","Gus","Marnie","Caroline","Haley","Jodi","Pam","Penny","Sandy"],
        "Dislike": ["Linus","Pierre","Leah"],
    },
//i18n
  "NameLocalization": 
    {
      "zh":"黄水晶铱项链"
    },

  "DescriptionLocalization": 
    {
      "zh":"一条美丽的铱项链，镶嵌着三块切割得完美无瑕的黄水晶。"
    }
  
}