{
  "Name": "Legendary Lunarite Brooch of Shadow",
  "Description": "A transmuted and enchanted iridium lunarite brooch filled with the magic trapped inside a void essence.",
  "Category": "Crafting",
  "CategoryTextOverride": "Enchanted Jewelry",
  "CategoryColorOverride": "142,82,196,255",
  "Edibility": -300,
  "Price": 3055,
  "IsColored": false,
  "Recipe": null,
  "GiftTastes":
    {
        "Love": ["Wizard"],
        "Neutral": ["Caroline","Haley","Jodi","Emily","Pam","Penny","Sandy","Dwarf"],
        "Dislike": ["Abigail","Alex","Demetrius","Krobus","Elliott","Evelyn","George","Harvey","Jas","Kent","Leo","Lewis","Linus","Pierre","Robin","Sam","Sebastian","Shane","Vincent","Willy","Leah","Gus","Marnie","Clint","Maru"],
    },
//i18n
  "NameLocalization": 
    {
      "zh":"传奇虚空酸性月岩胸针"
    },
  "DescriptionLocalization": 
    {
      "zh":"一枚被锻造和附魔过的酸性月岩铱胸针，蕴藏了来自虚空精华的魔力。"
    }  
}