{
"Format": "1.24.0",
"ConfigSchema": { 
  
        "PermaBlinky": {
			"AllowValues": "True, False",
			"Description": "Blinky accompanies Krobus",
			"Default": "True"},
},

"Changes": [
//---------------
//D I A L O G U E
//---------------

{            
            "Action": "EditData",
            "Target": "Characters/Dialogue/Krobus",
            "Entries":{
"winter_24": "明天人类都会聚集在一起开办宴会和交换礼物，对吗？#$b#这样的话，请收下这个。[308 203 456 457]#$b#这是我自己做的，希望你会喜欢。$h",
                        "KrobusInsultResponse": "不用担心鲤鱼的问题，@。#$b#矮人会原谅你的，毕竟只是稍微挫伤了他的自尊心。#$b#我不会让你做任何对他人造成实际伤害的坏事，你明白的对吧！#$e#你不知道矮人为什么讨厌鲤鱼？#$b#原因很有趣的，当中还涉及了矮人的假日、山洞萝卜炖汤以及一堆泥巴……#$b#当然，还有一些暗影人制造的恶作剧！$7#$b#但是等下次吧，下次我再告诉你。$7",
                        "kr_night1": "没错！#$b#这样的夜晚，感觉就像森林在唱歌。#$b#太美了。#$b#……我希望和你分享美丽的东西。$h",
                        "kr_night2": "嗯……#$b#很抱歉这么晚还把你带到这里来。#$b#但我认为这是非常特别的瞬间。$s",
            "kr_ten": "看到你没事我就安心了，@。#$b#我还是第一次见到人类这样……#$b#以后请不要再这样吓我了……#$q 1778/1779 null#好吗？#$r 1778 50 kr_ten1#我也会更加小心。#$r 1779 -50 kr_ten2#但这完全是你的问题。",
"kr_ten1": "谢谢你,我会更加注意人类的需求。$h#$b#给你.我观察到人类喝这种饮料的时候看起来就像...你之前那样。大概它会让你感觉好一些.[253]",
"kr_ten2": "我知道了……不要生我的气好吗？$s#$b#我保证将来会更加注意人类的需求。",
            "Krow": "@！前几天晚上我遇到了一位乌鸦王子！#$b#他一定是王子，头上有王冠，什么都有！#$b#而且他的体型很庞大，你绝对没见过这么大的乌鸦。#$b#他很喜欢你为我带来的榛子，所以再次感谢你！#$b#我觉得他也挺喜欢我的，我们还聊了一会儿。$h#$b#总有一天你也会见到他的，@。",
            }
},


{            
            "Action": "EditData",
            "Target": "Characters/Dialogue/MarriageDialogueKrobus",
	    "When": { "HasSeenEvent": "177556" },
            "Entries":{
"Good_2": "我已经学会了克服对人类的偏见，但是……矮人还是令我恶心。$a#$b#除了矿洞的那个矮人……我想应该是吧。#$b#……主要是矮人做的一些事情太让人恶心了！他们都说矮人是在发酵的臭虫肉泥里洗澡，你觉得这是真的吗？！"
}
},


{
            "Action":"EditData",
            "Target":"Characters/Dialogue/Dwarf",
            "Entries":{
                        "DwarfInsultResponse": "啊？#$q 17785 null#怎么又是你！@！#$r 17785 100 insultresponse#你又来……",
                        "insultresponse": "……昂……我思考了一下你之前说的话。#$b#你和那个暗影人说的是对的。#$b#我不应该说那些侮辱他的话。#$b#我向玛格努斯和我的族人发誓，我不会再做这样愚蠢的事了，我会信守承诺。#$b#毕竟，战争已经结束了，我应该要做一个比祖先更加优秀的人。", 
                    }
},


//-------
//M A I L
//-------
{
            "Action": "EditData",
            "Target": "Data/mail",
            "Entries": {
                "Krobusinvite": "@：^    我希望你的农场一切顺利。^    下次下雨的时候，你能在晚上到森林里吗？我会在森林里等你。^^   -科罗布斯[#]科罗布斯的邀请",
                "Krobusnext": "@：^    昨晚你突然倒在地上，完全没有反应，我好担心。我才反应过来人类好像是需要“睡觉”的，对吗？让你这么晚不能睡是我的错……^    我希望我没有僭越，因为最后我决定自己把你送回家(我不敢告诉拉斯莫迪斯)。^    真的非常，非常，非常对不起。^^  -科罗布斯^^P.S.我给你留了一份道歉的小礼物。虽然不贵重，但这是少数我能够依据暗影文化制作出来的东西，我想把它送给你。%item bigobject 83 %%[#]科罗布斯的道歉",
        "Krobussummer": "@：^    我听说人们会在每年的这个时候吃“冰淇淋”来降低体温，对吗？^    希望我买的冰淇淋是对的。请一定要留意好自己的体温。^^   -科罗布斯%item object 233 %%[#]夏日的降温礼物",
        "Krobushzl": "@：^    再次感谢你的帮助。我在等一个合适的漆黑的夜晚去喂乌鸦……我真的非常期待！^    我给闪烁准备的汤，在她离开之后就只能干晾着。所以我给你送来一些，你可以尝尝，说不定会喜欢。^    希望不会洒在你的信箱里。^^   -科罗布斯%item object 457 %%[#]新朋友 2",
            }
        },


//-----------
//E V E N T S
//-----------

{
"Action": "EditData",
"Target": "Data/Events/Farm",
"Entries": {

//6 HEARTS
            "177529/f Krobus 1500/t 2200 2500/d Fri": "nightTime/64 15/farmer 64 15 2 Krobus 64 17 0/skippable/makeInvisible 66 17 3 15/playSound doorClose/pause 300/playSound owl/pause 400/emote Krobus 16/jump Krobus 10/pause 200/speak Krobus \"啊!$3\"/pause 800/speak Krobus \"啊啊啊啊啊！——#$b#……对不起，我突然大喊大叫……#$b#因为我已经很久没出门了，可能有点神经质……$0#$b#出门真可怕……\"/pause 500/faceDirection Krobus 3/pause 100/faceDirection Krobus 0/pause 100/faceDirection Krobus 1/pause 100/faceDirection Krobus 0/pause 500/speak Krobus \"但也有一点点兴奋……因为我终于可以来看你了。$h#$b#@，你是我第一个真正意义上的人类朋友。$0#$b#事实上，你也是我除了族人以外的唯一的朋友。#$b#我们……是朋友，是吗？$3\"/pause 600/emote farmer 32/pause 1300/speak Krobus \"……人类会和朋友交换礼物来表达对彼此的感情，是这样吧？#$b#所以我想把这个送给你。[94]\"/playSound getNewSpecialItem/message \"你收到了科罗布斯送来的象征友谊的信物。\"/pause 1500/speak Krobus \"对我们这个种族来说，这是很重要的东西。#$b#暗影的火焰永远不会熄灭。#$b#我们在很久以前就会把它放在洞穴门口，珍爱之人就能找到回家的路。\"/pause 1500/playSound cricketsAmbient/pause 1500/speak Krobus \"好啦，我必须得走了，来这里算是很危险的了。#$b#晚安，@。#$b#我期待着下一次见面。\"/pause 1000/move Krobus 0 1 2/speed Krobus 8/move Krobus 20 0 1/pause 1500/emote farmer 8/pause 1000/end dialogue Krobus \"我很高兴那天晚上能出去找你。#$b#长时间的待在下水道里，偶尔出去一次就像是在冒险。#$b#而且目的地是你的农场。你的农场看起来真的很漂亮。$h\"",
            

//LETTERS
"177530/f Krobus 2500/e 177532/x Krobusinvite": "null"
}
},
			
{
"Action": "EditData",
"Target": "Data/Events/Farm",
"When": { "HasMod |contains=haywrites.mpno, haywrites.KrobusNarrative": true },
"Entries": {			
	    "177534/f Krobus 1750/z spring/z fall/z winter/w sunny/x Krobussummer": "null",
}
},
{
"Action": "EditData",
"Target": "Data/Events/Farm",
"When": { "HasMod |contains=haywrites.mpno, haywrites.KrobusNarrative": false },
"Entries": {			
	    "177534/f Krobus 1250/z spring/z fall/z winter/w sunny/x Krobussummer": "null",
}
},

//8 HEARTS
{
            "Action": "Load",
            "Target": "Characters/weirdcat",
            "FromFile": "assets/weirdcat.png"
        },

{
			"Action": "EditData",
			"Target": "Data/Events/Sewer",
"When": { "Weather": "Rain, Snow, Storm" },
			"Entries": {
						"177532/f Krobus 2000/d Fri/t 1700 2100/e 177529": "none/16 13/farmer 16 8 0 Krobus 6 22 1/skippable/addTemporaryActor weirdcat 32 32 8 22 1 false/addObject 7 22 457/showFrame weirdcat 18/animate farmer false true 500 13 14/positionOffset farmer 0 16/playSound stoneStep/pause 450/positionOffset farmer 0 16/playSound stoneStep/pause 450/positionOffset farmer 0 16/playSound stoneStep/pause 450/positionOffset farmer 0 16/playSound stoneStep/pause 450/positionOffset farmer 0 16/playSound stoneStep/pause 450/positionOffset farmer 0 16/playSound stoneStep/pause 450/positionOffset farmer 0 16/playSound stoneStep/pause 450/positionOffset farmer 0 16/playSound stoneStep/pause 450/positionOffset farmer 0 16/playSound stoneStep/pause 450/warp farmer 16 11/faceDirection farmer 2/pause 500/playSound cat/playSound ghost/pause 800/playSound slimedead/pause 400/playSound eat/pause 300/emote farmer 16/pause 500/speed farmer 4/move farmer 0 3 2/move farmer -1 0 3/viewport move 0 2 3500/showFrame weirdcat 18/animate weirdcat false true 500 18 19/move farmer 0 8 2/speed farmer 3/faceDirection farmer 3/pause 100/viewport move -1 0 3500/pause 1000/speak Krobus \"...你真的很饿，是吗？#$b#可怜的小猫。\"/pause 1500/playSound cat/playSound ghost/pause 800/speak Krobus \"你好，@。你看！\"/stopAnimation weirdcat/pause 100/move weirdcat 5 0 1/pause 500/animate weirdcat false false 500 4 20/pause 250/playSound cat/playSound ghost/pause 300/stopAnimation weirdcat/pause 100/animate weirdcat false false 500 16 17 18/pause 300/animate weirdcat false true 500 18 19/speak Krobus \"这只小猫今早不知从哪里跑来，她看上去又累又饿，所以我喂了点儿汤给她。#$b#然后她就整天都黏着我了。#$b#难道她不是你见过最乖巧的小猫咪吗？\"/pause 300/playSound cat/playSound ghost/emote weirdcat 20/pause 900/speak Krobus \"我很少在下水道里看见活的生物，更不用说这样友好礼貌的生物了。毕竟所有的动物都会避开这里……\"/pause 3000/speak Krobus \"只有乌鸦偶尔会路过，你看到过吗？#$b#所以我很渴望能拥有一位乌鸦朋友。#$b#我知道人类能够驯化他们，我也尝试过。#$b#我撒了一些野生种子在下水道入口附近，但乌鸦并没有来。#$b#他们可能不喜欢那些种子吧……#$b#还是说，不喜欢暗影人？……\"/pause 2000/stopAnimation weirdcat/pause 100/move weirdcat -3 0 3/move weirdcat -2 0 3 true/move farmer -4 0 3 false/pause 100/animate weirdcat false true 500 12 24/pause 400/speak Krobus \"我想她去过某些地方，这只小猫。#$b#她的眼神看上去很坚毅，对吧？\"/pause 1500/playSound cat/playSound ghost/pause 2000/speak Krobus \"你在流浪吗，小猫咪？\"/pause 800/playSound cat/playSound ghost/pause 1000/speak Krobus \"……我懂了。#$b#我很高兴你想要留下来，我们会成为好朋友的。#$b#今天感觉真好，不用一个人待在这里。但你在这里是不会开心的吧，你总要去其他地方的。\"/pause 2500/speak Krobus \"或许我可以，给你取一个名字？这样你就能记得我了。你觉得呢，@？\"/pause 800/emote farmer 32/pause 500/playSound cat/playSound ghost/pause 800/faceDirection Krobus 1/pause 100/animate weirdcat false false 500 16 17 18/pause 100/animate weirdcat false true 500 19 18/pause 1800/speak Krobus \"嗯……我想叫你闪烁！$h\"/pause 500/playSound cat/playSound ghost/emote weirdcat 20/pause 2000/stopAnimation weirdcat/move weirdcat -6 0 3/pause 500/showFrame weirdcat 16/animate weirdcat false false 400 16 17 18/pause 500/animate weirdcat false true 400 18 19/pause 100/playSound cat/playSound ghost/pause 1000/faceDirection Krobus 3/pause 800/speak Krobus \"你好着急呀。#$b#哎，也没办法了……但是出发前没有人为你送行的话，会很孤单的。#$b#这也是为什么@和我要陪着你。$h\"/pause 1500/stopAnimation weirdcat/globalFade/viewport -1000 -1000/changeLocation Forest/addLantern 735 95 52 1/warp Krobus 96 53 1/warp farmer 96 52 1/faceDirection farmer 1/faceDirection Krobus 1/warp weirdcat 98 53 3/pause 500/speak Krobus \"再见，闪烁。一路顺风。不要忘了我们，好吗？$h\"/pause 500/playSound cat/playSound ghost/globalFade/viewport 97 54 true/pause 2000/move weirdcat 3 0 1/pause 200/move weirdcat 0 -2 0/pause 100/move weirdcat 5 0 1/pause 100/playSound cat/playSound ghost/pause 100/move weirdcat 3 0 1/pause 2000/speak Krobus \"@，你觉得闪烁还会记得我们吗？\"/pause 200/faceDirection farmer 2/pause 300/question fork0 \"#猫咪即使在多年后也能通过气味记住一个人。#……但是闪烁看起来不太像是能记得的样子。\"/fork scent/pause 100/friendship Krobus -100/speak Krobus \"……嗯，你是对的。$s\"/pause 2000/speak Krobus \"但我已经开始想念她了，@……$s\"/pause 2000/globalFade/viewport -1000 -1000/pause 1000/changeLocation Sewer/warp farmer 33 22/warp Krobus 34 23/playMusic Cavern/showFrame farmer 54/showFrame Krobus 17/viewport 27 19 true/animate Krobus false true 500 17 18 17 19/pause 2000/speak Krobus \"我觉得很遗憾，因为闪烁这么快就走了。#$b#而且我也觉得有点不公平，我们才刚刚成为朋友……但我还是相信，她是要去一个很重要的地方。我希望她一路平安。#$b#感谢尤巴让我们相遇，尽管只是一面之缘。#$b#她应该也很高兴能有这个机会遇见你。\"/pause 2000/speak Krobus \"告别是件很痛苦的事情，但我仍然有一个很棒的朋友陪在我身边。$h#$b#我已经很幸运了。$h\"/pause 2000/end warpOut",
}
},

{
			"Action": "EditData",
			"Target": "Data/Events/Forest",
			"Entries": {
"scent": "pause 100/friendship Krobus 100/speak Krobus \"你的意思是，我是人？……#$b#不是，等一下，@——我身上会有气味吗？！$3#$b#暗影人是没有嗅觉的，我感觉不出来！$3#$b#如果闪烁再也认不出我了怎么办？……\"/pause 1500/emote farmer 40/pause 1000/positionOffset farmer 0 8/playSound dwop/pause 500/positionOffset farmer 0 8/playSound dwop/faceDirection Krobus 0/pause 100/emote Krobus 8/pause 500/positionOffset farmer 0 8/playSound dwop/pause 250/pause 250/positionOffset farmer 0 8/playSound dwop/pause 250/positionOffset farmer 0 8/playSound dwop/pause 500/positionOffset farmer 0 8/playSound dwop/pause 500/positionOffset farmer 0 8/playSound dwop/pause 500/pause 800/message \"*嗅*\"/pause 1000/message \"臭氧、硫磺、潮湿的泥土，还有一股铁锈味充斥着你的鼻腔。#这是非常很奇怪的味道，但并不是特别难闻。#有点像雨后农场里的味道……\"/pause 3000/globalFade/viewport -1000 -1000/pause 1000/changeLocation Sewer/playMusic Cavern/warp farmer 33 22/warp Krobus 34 23/showFrame farmer 54/showFrame Krobus 17/animate Krobus false true 500 17 18 17 19/viewport 27 19 true/pause 2000/speak Krobus \"很遗憾布林奇这么快就走了。#$b#一开始我觉得挺不公平的，毕竟我们早上才成为朋友...但我相信，无论她要去哪里，都是一个很重要的地方。我希望她一路平安。#$b#感谢尤巴让我们相遇，尽管只是一面之缘。#$b#我相信她也会很高兴有这个机会遇见你。\"/pause 2000/speak Krobus \"...告别是件很痛苦的事情，但我仍然有一个很棒的朋友陪在我的身边。$h#$b#我已经很幸运了。$h\"/pause 3500/end warpOut",
                        }
						},

//10 HEARTS
{
"Action": "EditData",
"Target": "Data/Events/Forest",
"Entries": {

              "177533/f Krobus 2500/t 2200 2600/d Fri/n Krobusinvite/w rainy/e 177532": "continue/97 93/Krobus 99 95 0 farmer 84 89 2/mail Krobusnext/skippable/addLantern 735 96 94 1/addLantern 735 95 94 1/addLantern 735 96 93 1/addLantern 735 92 93 1/addLantern 735 92 94 2/addLantern 735 91 94 2/move farmer 6 0 2/jump Krobus/emote Krobus 16/pause 100/speak Krobus \"@，你在这里啊！\"/pause 200/move Krobus 0 -3 0/move Krobus -3 0 0 true/move farmer 3 0 1/move farmer 0 2 2/emote farmer 32/pause 200/speak Krobus \"见到你我好高兴啊！$h#$b#很抱歉，我知道现在很晚了……但现在是我离开下水道最安全的时候。\"/pause 500/move Krobus -3 0 3/move Krobus 0 2 2/pause 200/viewport move 0 1 2700/move farmer -2 0 2/move farmer 0 3 2/pause 1000/faceDirection farmer 1/pause 100/faceDirection farmer 2/pause 100/faceDirection farmer 3/pause 100/faceDirection farmer 2/pause 100/faceDirection farmer 3/pause 300/emote farmer 8/pause 150/faceDirection Krobus 3/pause 100/faceDirection Krobus 2/pause 100/faceDirection Krobus 1/pause 100/faceDirection Krobus 2/pause 800/speak Krobus \"我知道人类的夜视能力比较差，但我不清除你究竟需要多少光，所以我把所有的灯笼都带来了。\"/pause 800/speak Krobus \"或者说是矮人的灯笼。#$b#是我跟他借的，反正他应该也是偷来的。#$b#希望对你来说足够了。\"/pause 200/faceDirection farmer 2/pause 300/animate farmer false true 100 102 103/pause 250/emote Krobus 8/pause 800/stopAnimation farmer/pause 1500/faceDirection Krobus 1/pause 100/faceDirection farmer 3/pause 100/faceDirection Krobus 2/pause 100/speak Krobus \"……嗯……\"/pause 800/speak Krobus \"我觉得，你总是很努力，@。#$b#我是想说……\"/pause 1500/faceDirection Krobus 1/pause 200/speak Krobus \"我知道有的时候，溜进下水道来是不太方便的，而且你是日行生物……但即便如此，你还是经常来找我。#$b#我很感谢你，而且非常开心。#$b#你经常带礼物给我，所以我也想给你礼物。#$b#我为你做了这个。就像你说的，不管对方喜不喜欢，心意要先到位。\"/pause 800/emote Krobus 40/pause 150/speak Krobus \"啊——$s#$b#它被压碎了……一点点……#$b#我不管了，你不能介意啦。[203]\"/playSound getNewSpecialItem/message \"看上去是科罗布斯特意为你做的！\"/pause 1500/speak Krobus \"我不太了解人类的饮食，但是矮人说人类喜欢这个。#$b#……如果你不想的话不用马上就吃的！\"/pause 800/emote farmer 20/pause 800/faceDirection Krobus 2/pause 200/faceDirection farmer 2/pause 1000/speak Krobus \"谢谢你今晚来见我，我独自待在外面还是会紧张。#$b#其实对于很多种族来说，人类的世界充满了危险……#$b#客观上说，我永远都无法适应人类群体的规则，我只是喜欢你一个人类。#$b#光是站到外面就容易在某种程度上伤害我，这也是没法改变的。\"/pause 300/faceDirection farmer 2/pause 2000/speak Krobus \"但是，外出这是值得的。#$b#因为地上有很多迷人的东西等待我去发现。\"/pause 2000/speak Krobus \"我非常喜欢这片森林……它意外的平静，丝毫不会伤害我。#$b#最近我总在天黑之后偷偷来这里，只是想看看风景。但我更喜欢下雨的时候。$h#$q 17753 null#@，你呢？#$r 17753 50 kr_night1#雨夜很奇特，让人感到宁静。#$r 17753 -50 kr_night2#下雨天会让人类又累又湿，我不是很喜欢。\"/pause 2500/globalFade 0.007/viewport -1000 -1000/warp Krobus 77 96/warp farmer 76 96/showFrame farmer 54/faceDirection Krobus 2/addLantern 735 75 96 2/fade/viewport 74 94/pause 500/playSound owl/pause 4000/shake Krobus 300/pause 100/speak Krobus \"*叹气*\"/pause 250/emote farmer 8/pause 1000/speak Krobus \"我希望太阳永远不会升起。\"/pause 800/speak Krobus \"这是一个愚蠢的愿望。#$b#我知道人类需要阳光才能活下去，但是……\"/pause 2000/speak Krobus \"如果太阳永远不升起，我们就可以永远坐在这里，淋着雨一直一直聊下去。$h#$b#你会给我讲述有关于人类的一切，还有你的本身。#$b#我想知道的事情太多了。#$b#如果你愿意，我也可以告诉你有关暗影人的事。我们真的没有人类想象得那么坏。\"/pause 1500/emote farmer 40/pause 1500/speak Krobus \"我们是非常古老的种族。在我们的时代，祖先创造了“奇迹”。我很想展示给你看，但是没办法。#$b#因为大部分“奇迹”都在战争中湮灭了，有些被藏起来，现在也找不到了。现在剩下来的“奇迹”被幸存的暗影人严加保护起来。#$b#如果是以前还好，但现在的我已经见不到它们了。\"/pause 2800/speak Krobus \"你……你知道吗，@，为什么我会在下水道……#$b#有很多事……我可能，无法再回到我的族群中了……#$b#但我仍然是一个暗影人，无论他们是否认同我。#$b#我知道这样的要求对你来说很过分，但是……#$b#不只是我，请不要恨我们。\"/pause 3200/speak Krobus \"从长远的历史来看，暗影人树敌很多。#$b#包括跟人类的关系，也不是很……和平。#$b#但我们仍然可以从彼此身上学到很多。#$b#你仍然让我见识到，不同种族之间的友谊始终是有可能的。#$b#我们只需要比其他人更努力一些。$h\"/pause 1000/speak Krobus \"我真的很庆幸自己能够和你成为朋友，@。$4\"/pause 100/emote Krobus 32/pause 200/emote farmer 32/pause 2000/positionOffset farmer 4 0/pause 200/playSound dwop/pause 250/positionOffset farmer 4 0/pause 200/playSound dwop/pause 250/positionOffset farmer 4 0/pause 200/playSound dwop/pause 250/positionOffset farmer 4 0/pause 200/playSound dwop/pause 250/positionOffset farmer 4 0/pause 200/playSound dwop/pause 250/positionOffset farmer 4 0/pause 200/playSound dwop/pause 1000/playSound thunder_small/pause 3000/emote farmer 24/pause 3000/fade/viewport -1000 -1000/pause 800/speak Krobus \"@……？\"/fade/viewport 74 94/pause 1000/fade/viewport -1000 -1000/speak Krobus \"？？——@！！！\"/pause 1000/addConversationTopic kr_ten 2/end newDay",
        }
},

//CROW PRINCE
{
            "Action": "Load",
            "Target": "Characters/Krow",
            "FromFile": "assets/krows3.png"
        },

{
			"Action": "EditData",
			"Target": "Data/Events/Forest",
			"Entries": {
						"177555/d Fri/n Krobushzl/e 177532/t 2000 2500": "echos/101 93/farmer 90 89 1 Krobus 107 91 2/addObject 110 94 408/addLantern 735 110 89 4/skippable/viewport move 1 0 3500/move farmer 3 0 1/pause 3500/shake Krobus 400/pause 200/textAboveHead Krobus \"*叹气*\"/pause 2000/faceDirection Krobus 0/pause 1000/emote Krobus 28/speed Krobus 1/move Krobus 0 -2 0/playSound leafrustle/pause 200/jump Krobus/addTemporaryActor Krow 32 32 103 94 1 false/faceDirection Krobus 2/pause 800/move Krow 5 0 1/pause 1000/showFrame Krow 0/pause 200/showFrame Krow 1/playSound axe/pause 200/showFrame Krow 0/pause 200/showFrame Krow 1/playSound axe/pause 200/showFrame Krow 0/pause 200/showFrame Krow 1/playSound axe/removeObject 110 94/pause 200/showFrame Krow 0/pause 800/speak Krobus \"……我的天……#$b#你一定是整个森林里最大的乌鸦了。\"/pause 500/showFrame Krow 3/playSound crow/pause 800/speed Krow 5/move Krow -6 0 3/speak Krobus \"等等！——#$b#我不是有意要冒犯你的……\"/pause 2000/speak Krobus \"我知道你还躲在灌木丛里，请你出来好吗？\"/pause 2000/playSound leafrustle/speed Krow 1/move Krow 5 0 1/showFrame Krow 3/playSound crow/pause 1500/speed Krobus 2/move Krobus 0 4 2/pause 500/speak Krobus \"你好，我叫科罗布斯。#$b#我住在附近的下水道里。#$b#很高兴见到你。\"/pause 1000/speak Krobus \"嗯？你头上的戴的是皇冠吗？\"/pause 150/playSound crow/pause 200/animate Krow false false 500 0 1/pause 1000/showFrame Krow 3/emote Krow 8/pause 800/speak Krobus \"……你还饿吗？#$b#那是最后一颗榛子了……抱歉……#$b#我还有……嗯，这些……\"/pause 500/playSound coin/addObject 106 93 770/pause 800/emote Krow 12/pause 1000/speak Krobus \"对不起，我知道这些不是很够。#$b#或者你改天再过来一次吧？我会准备更多食物的。#$b#@也很想认识你吧。\"/pause 1500/playSound crow/emote Krow 8/pause 1500/speak Krobus \"@是我的一位……人类朋友。#$b#她和我的感情可能有些难以置信……#$b#不管是她的族人还是我的族人知道了这件事，肯定都不会同意的。#$b#但是@真的很特别！她不是普通的人类！#$b#我一定要介绍给你认识。#$b#别担心，每一个人都喜欢@。我相信你也会的。$h\"/pause 1500/playSound crow/pause 2000/speak Krobus \"我该走了……#$b#你一定要再来这里喔，下次我会带很多榛子给你。#$b#我不会告诉任何人你来过这里的。#$b#我和你一样，暴露在人类群体中等同于自杀。#$b#不过……我还是想告诉@，她是我最信任的人。#$b#她和别的人类不一样。^完全可以说，没有任何一个人类像她那样不得了！#$b#我等不及要介绍你们认识了！$h\"/pause 3000/addConversationTopic Krow 7/end warpOut",
						}
},

//BLINKY RETURNS FT. DWARF

{
	"LogName" :"Load SP1 portraits",
	"Action": "Load",
	"Target": "Portraits/ShadowPerson1",
	"FromFile": "assets/shadowpr.png"
},

{
	"LogName" :"Load SP1 sprites",
	"Action": "Load",
	"Target": "Characters/ShadowPerson1",
	"FromFile": "assets/shadowpr_sprite0.png"
},

{
	"LogName" :"Load SP2 portraits",
	"Action": "Load",
	"Target": "Portraits/ShadowPerson2",
	"FromFile": "assets/shadowpr3.png"
},

{
	"LogName" :"Load SP2 sprites",
	"Action": "Load",
	"Target": "Characters/ShadowPerson2",
	"FromFile": "assets/shadowpr_sprite2.png"
},

{
	
	"Action": "Load",
	"Target": "Characters/Blinky",
	"FromFile": "assets/weirdcat.png"
},

{
			"Action": "EditData",
			"Target": "Data/Events/Mine",
"Entries": {
						"177556/d Fri/e 177532/f Krobus 2250 Dwarf 1500/t 2100 2330":"Upper_Ambient/18 18/farmer 2000 2000 1 Krobus 18 13 0 Dwarf 22 9 2/skippable/addTemporaryActor ShadowPerson1 16 32 -801 -800 2 false/addTemporaryActor ShadowPerson2 16 32 -801 -801 2 false/addTemporaryActor Blinky 32 32 -600 -600 1 false/viewport 18 18/viewport move 0 -2 4000/pause 500/move Krobus 0 -4 0/pause 500/faceDirection Krobus 1/pause 100/faceDirection Dwarf 3/speak Dwarf \"信上说‘午夜来’。你不识字吗？\"/speak Krobus \"好吧，你的阅读能力需要提高了。#$b#而且下水道里也没有时钟。\"/pause 2500/speak Krobus \"所以，你信里不是说有很重要的事吗？我可不想整晚都站在这里。\"/pause 200/speak Dwarf \"啧。还是这么没有礼貌。所以你们这些野蛮暗影人永远都学不会礼仪是吧？#$b#跟我来。\"/move Dwarf 0 -1 0/move Dwarf 6 0 1 true/move Krobus 0 -1 0 true/textAboveHead Dwarf \"*抱怨*\"/move Krobus 2 0 1/speak Dwarf \"……一个暗影人到我的巢穴里来……要是被父母看到的话……难以置信，会被骂的……\"/pause 100/speak Krobus \"不好意思！好像是你把我叫来的吧？小虾米——\"/pause 200/playSound cat/playSound ghost/pause 500/emote Krobus 16/pause 500/faceDirection Dwarf 3/speak Dwarf \"我在矿井里发现了这个——长得像猫一样的生物。它身上有你的气味。#$b#这是不是你用来监视我的？#$b#我知道肯定有什么阴谋，你最好现在就给我解释清楚。\"/pause 100/speak Krobus \"这不是——\"/playSound shadowpeep/pause 500/playSound shadowpeep/pause 200/emote Dwarf 16/pause 600/speak ShadowPerson1 \"科罗布斯？真的是你吗？\"/pause 200/speak Krobus \"……喔不。\"/warp ShadowPerson1 17 3 2/warp ShadowPerson2 16 4 2/faceDirection Krobus 3/viewport move 0 -1 4000/pause 4000/move ShadowPerson1 0 3 2 true/move ShadowPerson2 0 3 1 true/move ShadowPerson1 1 0 1/pause 100/move Krobus 1 0 3/pause 200/pause 500/speak ShadowPerson2 \"真的是你！#$b#我们就知道你会恢复正常的！\"/pause 700/viewport move 0 1 3000/pause 800/speak Krobus \"嗯？你说的是指什么？\"/speak ShadowPerson2 \"就是你走之前说的那些话，那些什么和平主义、赔罪之类的废话。#$b#我们知道你总有一天会明白这种话有多愚蠢。$1\"/speak Krobus \"但是我——\"/speak ShadowPerson1 \"我们真的很担心你，已经有几十年没听到有关你的消息了……#$b#几十年！！$1#$b#但与此同时，我们听到了关于你的谣言……\"/speak ShadowPerson2 \"完全就是胡编乱造！居然说你住在肮脏的下水道里？#$b#而且是在一个人类城镇的下面？#$b#还有人谣传你和人类成为了朋友，我的天——谣言真的什么都敢讲！\"/shake ShadowPerson2 800/speak Krobus \"好吧，我必须要说——\"/speak ShadowPerson1 \"但是你回来了！#$b#我们终于可以反驳那些谣言了！……老实说，我也是松了口气。#$b#走吧，我们带你回家。\"/speak ShadowPerson2 \"大家见到你都会很高兴的！#$b#别担心，我们原谅你之前说的一切，谁没有犯错的时候呢。$1\"/emote Krobus 12/speak ShadowPerson1 \"说的对，别看他们现在说些这样那样的，像你一样大的时候不也是不听劝。#$b#我们都经历过年轻气盛的时候。\"/speak Krobus \"不对啊！等一下！$5#$b#你们搞错了……我没有要回去，你们都不明白！实际上……#$b#我以后都不会回去了，永远都不回去了。#$b#我记得我在离开的时候已经说得很清楚了。#$b#我不想再过你们过的那种生活。#$b#这次我只是来拜访一位朋友，仅此而已。\"/pause 1500/speak Krobus \"能再见到你们，看到你们身体健康，这很好……但是我不会跟你们回去。#$b#现在，请不要再打扰我和我的朋友相聚。\"/pause 300/speak ShadowPerson1 \"喔别！——别做傻子好吗？$1\"/speak ShadowPerson2 \"你真的疯了啊？快回家吧！\"/pause 200/viewport move 1 0 2000/move Krobus 2 0 3/shake Krobus 800/faceDirection Dwarf 1/pause 400/faceDirection Dwarf 3/pause 200/emote Dwarf 12/speed Dwarf 4/move Dwarf -3 0 3/speak Dwarf \"你们耳聋了吗？他说了他不想回去！\"/emote ShadowPerson1 16/speak ShadowPerson1 \"……矮人？$1\"/pause 200/speak ShadowPerson2 \"谣言是真的……#$b#我的天，一个矮人？！你居然和这种东西——\"/speak Krobus \"你快闭嘴！\"/pause 200/playSound ghost/playSound cat/warp Blinky 33 8 3/speed Blinky 4/move Blinky -9 0 0/move Blinky 0 -2 0/move Blinky -1 0 3 true/emote Blinky 12/pause 400/animate Blinky false true 600 12 24/pause 800/speak ShadowPerson2 \"天啊！——这是什么东西！\"/speak ShadowPerson1 \"你都不觉得羞耻吗！你会成为全族的耻辱……$1\"/stopMusic/screenFlash 3/playSound explosion/pause 400/speak Dwarf \"喂！钉子头！再多说一个字，我就朝你扔炸弹！\"/addObject 24 7 288/playSound coin/pause 100/addObject 24 8 288/playSound coin/pause 100/addObject 24 9 288/playSound coin/pause 3000/speak ShadowPerson1 \"……行吧，事已至此。$1#$b#永别，科罗布斯，你不要再回来了。$1\"/pause 800/move ShadowPerson1 0 -2 0/move ShadowPerson1 -2 0 0/pause 200/warp ShadowPerson1 -500 -500 1/playSound crystal/pause 800/move ShadowPerson2 0 -1 1/pause 500/faceDirection ShadowPerson2 1/pause 1500/speak ShadowPerson2 \"所以，也许，或许，呃……我是想说……#$b#呃……不好意思，别太介意……\"/move ShadowPerson2 1 0 0/move ShadowPerson2 0 -2 0/pause 100/warp ShadowPerson2 -500 -500 1/playSound crystal/pause 500/playSound ghost/playSound cat/showFrame Blinky 16/animate Blinky false false 400 16 17 18/pause 400/animate Blinky false true 800 18 19/pause 2500/speak Dwarf \"哈，白痴。\"/removeObject 24 7 288/playSound coin/pause 200/removeObject 24 8 288/playSound coin/pause 200/removeObject 24 9 288/playSound coin/pause 500/faceDirection Dwarf 1/speak Dwarf \"不论他们是不是你的族人，都不能让他们这样欺负你。#$b#你比他们任何一个都好！\"/pause 3000/speak Dwarf \"……喂，你要一直站在那里吗？过来吧。#$b#你现在只需要一杯热气腾腾的矮人啤酒，喝完你就能高兴起来了。\"/pause 600/speak Dwarf \"把你的这个生物朋友也带上，我还有一些吃剩下的炖菜。#$b#任何一个体面的矮人都不会让他的朋友在自己家里挨饿的。\"/pause 2500/emote Krobus 32/pause 500/end warpOut/",

}
}, 


//-----------
//B L I N K Y
//-----------


//SEWER
{
      "LogName": "Adds Blinky to Sewer",
      "Action": "EditMap",
      "Target": "Maps/Sewer",
	  "When": { 
				"HasSeenEvent":"177556",
				"PermaBlinky": "True",
				"Roommate |contains=Krobus": "false",
				"Spouse |contains=Krobus": "false",
				},
      "MapTiles": [
        {
          "Position": { "X": 31, "Y": 22 },
          "Layer": "Back",
          "SetProperties": {
            "CustomCompanions": "Spawn 1 Yuhvy.WeirdKittyBlinky.CC.WeirdKitty"
          }
        }
      ]
    },

//FARM
{
      "LogName": "Adds Blinky to Farm",
      "Action": "EditMap",
      "Target": "Maps/Farm",
	  "When": { 
				"HasSeenEvent":"177556",
				"PermaBlinky": "True",
				"Merge: {{Roommate}}, {{Spouse}}": "Krobus",
				"Weather": "Rain, Storm",
				},
      "MapTiles": [
        {
          "Position": { "X": 64, "Y": 17 },
          "Layer": "Back",
          "SetProperties": {
            "CustomCompanions": "Spawn 1 Yuhvy.WeirdKittyBlinky.CC.WeirdKitty"
          }
        }
      ]
    },

{
      "LogName": "Adds Blinky to Farm on Krobus bday",
      "Action": "EditMap",
      "Target": "Maps/Farm",
	  "When": { 
				"HasSeenEvent":"177556",
				"PermaBlinky": "True",
				"Merge: {{Roommate}}, {{Spouse}}": "Krobus",
				"Day |contains=1": true,
				"Season": "Winter",
"HasMod |contains= PeacefulEnd.CustomCompanions": true,
				},
      "MapTiles": [
        {
          "Position": { "X": 64, "Y": 17 },
          "Layer": "Back",
          "SetProperties": {
            "CustomCompanions": "Spawn 1 Yuhvy.WeirdKittyBlinky.CC.WeirdKitty"
          }
        }
      ]
    },
//CC Blinky inspection dialogue
	
	{
      "Action": "EditData",
      "Target": "{{PeacefulEnd.CustomCompanions/Companions:Yuhvy.WeirdKittyBlinky.CC.WeirdKitty}}",
	  "When": { "Merge: {{Roommate}}, {{Spouse}}": "Krobus",
"HasMod |contains= PeacefulEnd.CustomCompanions": true, "Weather": "Rain, Storm" },
      "Entries": {
        "Companion": {
		"InspectionDialogue": "{{Random:闪烁好像在自己家一样，观察着{{FarmName}}农场的每一个角落。#你知道科罗布斯只会鼓励她的冒险精神。@@有那么一个瞬间，闪烁的眼睛好像迸发出明亮的光。#接着，她就突然消失了。@@当你凝视闪烁的眼睛，奇怪的景象突然充斥你的脑海……|inputSeparator=@@}}"
},
	  },
	},

{
      "Action": "EditData",
      "Target": "{{PeacefulEnd.CustomCompanions/Companions:Yuhvy.WeirdKittyBlinky.CC.WeirdKitty}}",
	  "When": { "Roommate |contains=Krobus": "false", "Spouse |contains=Krobus": "false",
"HasMod |contains= PeacefulEnd.CustomCompanions": true,
"Weather": "Snow", },
      "Entries": {
        "Companion": {
		"InspectionDialogue": "{{Random:闪烁的毛上沾着白雪，她刚才应该去探险了。#科罗布斯周围的地面印着湿乎乎的爪印，但他似乎并不介意。}}"}
	  }
},

{
      "Action": "EditData",
      "Target": "{{PeacefulEnd.CustomCompanions/Companions:Yuhvy.WeirdKittyBlinky.CC.WeirdKitty}}",
	  "When": { 
"Day |contains=1": true,
"Season": "Winter",
"HasMod |contains= PeacefulEnd.CustomCompanions": true, },
      "Entries": {
        "Companion": {
		"InspectionDialogue": "{{Random:凝视着闪烁的眼睛，你似乎听到了生日歌的微弱音调……#一些物品闪现在你的眼前：钻石和铱棒、南瓜和野山葵，最后变成虚空蛋黄酱。#闪烁冲着你喵喵叫。@@你在日出前看到闪烁拖着一个黑色干草制的大袋子，看起来很高兴。#大概这就是科罗布斯今天如此高兴的原因。|inputSeparator=@@}}"
	  }
}
}



    ]
}
