{
  "Name": "Fine Wizard's Sceptre of Shadow",
  "Description": "A transmuted and enchanted copper prismatic shard sceptre filled with the magic trapped inside a void essence and humming with magical power.",
  "Category": "Crafting",
  "CategoryTextOverride": "Enchanted Jewelry",
  "CategoryColorOverride": "142,82,196,255",
  "Edibility": -300,
  "Price": 3871,
  "IsColored": false,
  "Recipe": null,
  "GiftTastes":
     {
	"Like": ["Wizard"],
	"Neutral": ["Pierre","Leah","Clint","Abigail","Dwarf","Emily","Maru","Alex","Demetrius","Elliott","Evelyn","George","Harvey","Jas","Kent","Krobus","Leo","Lewis","Linus","Robin","Sam","Sebastian","Shane","Vincent","Willy","Gus","Marnie","Caroline","Jodi","Pam","Penny","Sandy"],
        "Hate": ["Haley"],    	
    }, 

//i18n
  "NameLocalization": {
    "zh":"普通虚空魔杖"
  },

  "DescriptionLocalization": {
    "zh":"一把被锻造和附魔过的黄铜魔杖，蕴藏着来自虚空精华的魔力。"
  }  
}