{
  "Name": "Fine Frozen Tear Earrings of Fire",
  "Description": "A pair of transmuted and enchanted copper frozen tear earrings filled with the magic trapped inside a cinder shard.",
  "Category": "Crafting",
  "CategoryTextOverride": "Enchanted Jewelry",
  "CategoryColorOverride": "142,82,196,255",
  "Edibility": -300,
  "Price": 493,
  "IsColored": false,
  "Recipe": null,
  "GiftTastes":
    {
        "Love": ["Sebastian"],
	"Like": ["Clint","Dwarf","Emily","Abigail","Wizard","Maru","Alex","Demetrius","Elliott","Evelyn","George","Harvey","Jas","Kent","Krobus","Leo","Lewis","Robin","Sam","Shane","Vincent","Willy","Gus","Marnie","Caroline","Haley","Jodi","Pam","Penny","Sandy"],
        "Dislike": ["Linus","Pierre","Leah"],
    },

//i18n
  "NameLocalization": {
    "zh":"普通火属性泪晶耳饰"
  },

  "DescriptionLocalization": {
    "zh":"一对被锻造和附魔过的泪晶铜耳饰，蕴藏了来自火山晶石的魔力。"
  } 
}