{
  "Name": "Earth Crystal Gold Display Case",
  "Description": "一个纯金的展示柜，透明的玻璃中密封着一块地晶。",
  "Category": "Crafting",
  "CategoryTextOverride": "Mineral",
  "CategoryColorOverride": "116,25,98,255",
  "Edibility": -300,
  "Price": 1634,
  "IsColored": false,
  "Recipe": null,
  "GiftTastes":
    {
	"Like": ["Leah","Abigail","Dwarf","Emily","Clint","Krobus","Willy","Maru","Wizard","Alex","Demetrius","Elliott","Evelyn","George","Harvey","Jas","Kent","Leo","Lewis","Robin","Sam","Sebastian","Shane","Vincent","Gus","Marnie","Caroline","Haley","Jodi","Pam","Penny","Sandy"],
        "Dislike": ["Linus","Pierre"],
    },  
  "NameLocalization":
    {
	"en": "Earth Crystal Display Case",
  "zh":"金制地晶展示柜"
    }
  
}