{
  "Name": "Gold Aquamarine Bracelet",
  "Description": "A solid gold bracelet adorned with three finely cut aquamarine gems.",
  "Category": "Crafting",
  "CategoryTextOverride": "Jewelry",
  "CategoryColorOverride": "143,71,162,255",
  "Edibility": -300,
  "Price": 245,
  "IsColored": false,
  "Recipe": null,
  "GiftTastes":
    {
        "Love": ["Clint","Dwarf","Emily","Maru"],
	"Like": ["Abigail","Wizard","Alex","Demetrius","Elliott","Evelyn","George","Harvey","Jas","Kent","Krobus","Leo","Lewis","Robin","Sam","Sebastian","Shane","Vincent","Willy","Gus","Marnie","Caroline","Haley","Jodi","Pam","Penny","Sandy"],
        "Dislike": ["Linus","Pierre","Leah"],
    },

//i18n
  "NameLocalization": {
    "zh":"海蓝宝石金手镯"
  },

  "DescriptionLocalization": {
    "zh":"一只纯金手镯，镶嵌着三块切割精细的海蓝宝石。"
  } 
  
}