{
  "Name": "Iridium Brooch",
  "Description": "A beautiful iridium brooch. It looks like a butterfly!",
  "Category": "Crafting",
  "CategoryTextOverride": "Jewelry",
  "CategoryColorOverride": "143,71,162,255",
  "Edibility": -300,
  "Price": 440,
  "IsColored": false,
  "Recipe": null,
  "GiftTastes":
    {
        "Love": ["Clint","Maru","Krobus","Willy"],
        "Neutral": ["Caroline","Haley","Jodi","Emily","Pam","Penny","Sandy"],
        "Dislike": ["Wizard","Abigail","Alex","Demetrius","Dwarf","Elliott","Evelyn","George","Harvey","Jas","Kent","Leo","Lewis","Linus","Pierre","Robin","Sam","Sebastian","Shane","Vincent","Leah","Gus","Marnie"],
    },
//i18n
  "NameLocalization": 
    {
      "zh":"铱胸针"
    },

  "DescriptionLocalization": 
    {
      "zh":"一枚美丽的铱胸针。它看起来像一只蝴蝶！"
    }
  
}