{
  "Name": "Legendary Helvite Necklace of Shadow",
  "Description": "A transmuted and enchanted iridium helvite necklace filled with the magic trapped inside a void essence.",
  "Category": "Crafting",
  "CategoryTextOverride": "Enchanted Jewelry",
  "CategoryColorOverride": "142,82,196,255",
  "Edibility": -300,
  "Price": 5520,
  "IsColored": false,
  "Recipe": null,
  "GiftTastes":
    {
        "Love": ["Wizard"],
        "Neutral": ["Caroline","Haley","Jodi","Emily","Pam","Penny","Sandy","Dwarf"],
        "Dislike": ["Abigail","Alex","Demetrius","Krobus","Elliott","Evelyn","George","Harvey","Jas","Kent","Leo","Lewis","Linus","Pierre","Robin","Sam","Sebastian","Shane","Vincent","Willy","Leah","Gus","Marnie","Clint","Maru"],
    },
//i18n
  "NameLocalization": 
    {
      "zh":"传奇虚空日光榴石项链"
    },
  "DescriptionLocalization": 
    {
      "zh":"一条被锻造和附魔过的日光榴石铱项链，蕴藏了来自虚空精华的魔力。"
    } 
}