{
  "Name": "Prehistoric Tool Hardwood Display Case",
  "Description": "一个硬木展示柜，透明的玻璃中密封着一件史前工具。",
  "Category": "Crafting",
  "CategoryTextOverride": "Artifact",
  "CategoryColorOverride": "116,25,98,255",
  "Edibility": -300,
  "Price": 781,
  "IsColored": false,
  "Recipe": null,
  "GiftTastes":
    {
	"Like": ["Penny","Dwarf"],
        "Dislike": ["Sam","Clint","Maru","Wizard","Abigail","Alex","Demetrius","Krobus","Willy","Caroline","Haley","Jodi","Emily","Pam","Sandy","Elliott","Evelyn","George","Harvey","Jas","Kent","Leo","Lewis","Linus","Pierre","Robin","Sebastian","Shane","Vincent","Leah","Gus","Marnie"],
	
   },  
  "NameLocalization":
    {
	"en": "Prehistoric Tool Display Case",
  "zh":"硬木制史前工具展示柜"
    } 
  
}