{
	"Format": "1.23.0",
	"Changes": [
		{
	"LogName": "Krobus Marriage Dialogue",
        "Action": "EditData",
        "Target": "Characters/Dialogue/MarriageDialogueKrobus",
        "Entries":
        {

        "Rainy_Day_0": "啊，雨天——对暗影人来说完美的天气！$b我给你准备了东西。[203 305 308 795]",
        "Rainy_Day_1": "下水道现在应该灌满水了。",
        "Rainy_Day_2": "你田里的植物一定喜欢下雨的时候，这是由巴送给它们的礼物。感谢它们装点了这个世界。",
        "Rainy_Day_3": "我突然想回下水道里，听听有没有水管在滴水……",
        "Rainy_Day_4": "今天是钓鱼的好天气……$e来，给你这个。[142]#$b#这种东西下水道里有很多。",
        "Rainy_Day_Krobus": "啊，今天下雨了。好潮湿啊，太妙了……",
        
        "Rainy_Night_0": "就是在这样的夜晚，向窗外眺望的倒霉人类会看见行走的黑影……不！我不会那样做的！",
        "Rainy_Night_1": "如果我的族人知道我和你同居了的话，他们会……“惩罚”我。$b不得不说，现存暗影人中的大多数都讨厌人类。$s",
        "Rainy_Night_2": "你浑身湿透了，人类会感觉很糟吧……快去壁炉边烤火吧，我陪你一起。",
        "Rainy_Night_3": "我已经吃过晚饭了，是草丛里找到的野山葵！太美味了……",
        "Rainy_Night_4": "你会想做点淘气的事吗？有时候我会难以控制自己……$6",
        "Rainy_Night_5": "有一种说法，我们的“实体”在很久以前就来到了这里。某天一场难得的雷暴雨打开了虚空，我们就诞生了。",        
        "Rainy_Night_Krobus": "雨声使我想起下水道……那里真的很舒适。$b我很喜欢你的家，但我也很想念待在下水道的夜晚。",
        
        "Indoor_Day_0": "早上好，@，愿由巴祝福你。$h",
        "Indoor_Day_1": "我尝试给你做了些食物……[194 211 236 240 651]$b希望它能充实你的一天……",
        "Indoor_Day_2": "我喜欢待在家里，哪也不去。#$b#如果你想出去，我完全理解，人类是需要阳光和出行的。",
        "Indoor_Day_3": "我在考虑出门看看，或者回一趟下水道……$b别担心，我不会出去很久的。",
        "Indoor_Day_4": "出于对由巴的尊重，我在周五会保持缄默。希望星期五的时候，你不要介意我不说话。",        
        "Indoor_Day_Krobus": "如果我能帮你打理农场就好了，但我不能晒太阳……会死掉的。",
        
        "Indoor_Night_0": "我今天吧家里打扫干净了！还有什么是我能做的？",
        "Indoor_Night_1": "我知道和暗影人生活在一起，感觉会很怪。但我会尽力成为一个好室友。$h",
        "Indoor_Night_2": "有时我想知道人类和暗影人是否真的能共存……这显然是美好的愿景，但真的能如愿以偿吗？$s#$b#但愿如此吧……",
        "Indoor_Night_3": "有时候我会停下来思考我在你身上观察到的人类的一切。#$b#我希望所有的暗影人都能这样做。",
        "Indoor_Night_4": "我想成为你的好伴侣，但我不知道我表现得怎么样……*sigh*$s#$b#有时我很难理解人类的表情。#$e#！真的吗！你很高兴吗！#$b#那就太好了！$h",        
        "Indoor_Night_Krobus": "欢迎回来，@。希望你今天过的和昨天一样开心！$h",
        
        "Outdoor_0": "我只是想出去走走！别担心，如果我感觉到有人来，会立刻回屋里。",
        "Outdoor_1": "今天真是美好的一天！$h",
        "Outdoor_2": "我喜欢看你忙碌，即使是在下雨的时候你也能找到好多事情做。",
        "Outdoor_3": "你可要好好享受今天！我就待在家里把房子收拾好。",
		"Outdoor_4": "即使是暗影人也需要新鲜空气。",
        "Outdoor_Krobus": "我想在这里待一会儿，我喜欢看着你。",
        
        "OneKid_0": "我不确定有个孩子在身边是好主意……$b但至少它现在还不会说话……",
        
        "TwoKids_0": "我已经给孩子们做了早餐，所以不用担心他们饿肚子。",
        "TwoKids_2": "我有点害怕，等他们长大了，还会接受我吗？",
        "TwoKids_3": "现在我们是一个真正的家庭了！愿由巴保佑我们。$h",
		
		"Good_0": "我在这里的生活正不断向前，我希望能变得更好。$h",
        "Good_1": "我的身体突然有一种感觉……这是……难道就是“爱”？$b……啊……等等……现在又没了。$s",
        "Good_2": "我已经能够相信人类了……但我还是不想相信矮人。$a",
        "Good_3": "你从晚上开始就喃喃自语，但我听不懂你在说什么。$b你不记得了？我好像懂了……$3",
        "Good_4": "我只是在欣赏我们可爱的家。你让它成为一个美妙的地方。",
        
        "Neutral_0": "我永远不会变老，只会“寂灭”，有时候这会让我很难过。但是没关系的。$s",
        "Neutral_1": "你觉得你的家人会愿意让一只怪物当你的伴侣吗？",
        "Neutral_2": "你认为别人会接受我们住在一起吗？$s",
        "Neutral_3": "这里太亮了……我得闭上眼睛休息一会儿。",
        "Neutral_4": "我不希望我的存在会打扰你，@。如果因为我而发生了什么事，这不是我想发生的。$s",
        "Neutral_5": "如果你不介意的话，拉斯莫迪乌斯可能会来找我。",
        "Neutral_6": "我不用睡觉，只是闭上眼睛停止行动来保存精力。",
        "Neutral_7": "你确实是个奇怪的人类，不是冒犯的意思。",
        "Neutral_8": "我今天要打扫房子！能帮你的忙是件开心的事。",
        "Neutral_9": "我想知道我们能不能一辈子住在这里？搬家对我来说太危险了……",
		
		"Bad_0": "你是爱我的吗？$s",
        "Bad_1": "*sigh*……我今天感觉糟透了。……$s",
        "Bad_2": "你和我待在一起，还觉得开心吗？$s",
        "Bad_3": "或许和一个人类同居，你会更高兴……$s",
        "Bad_4": "我发现你的行为有些变了……你怎么了？*sigh*$s",
        "Bad_5": "对我来说，你这人类的生命真的短暂而一去不回……你真的想和我生活在一起吗？直到你的生命结束？$s",
        "Bad_6": "也许这样的关系注定要失败……$s",
        "Bad_7": "你最近看起来很沮丧……我做错什么了吗？$s",
        "Bad_8": "……我只是你的宠物吗？……$s",
    
        "spring_5": "……",
		"spring_12": "……",
		"spring_19": "……",
		"spring_26": "……",

		"summer_5": "……",
		"summer_12": "……",
		"summer_19": "……",
		"summer_26": "……",

		"fall_5": "……",
		"fall_12": "……",
		"fall_19": "……",
		"fall_26": "……",

		"winter_5": "……",
		"winter_12": "……",
		"winter_19": "……",
		"winter_26": "……",

	    "spring_1": "@，你今年的计划是什么？",
	    "spring_3": "@，听我严肃地问你。到目前为止，你见过山葵吗？",
	    "spring_12": "让我直说吧。你今天要去找蛋，找到了就能得奖？人类有些习俗真怪！",
	    "spring_15": "今天早上散步时，我发现了一丛红色的浆果。[296]",
        "spring_23": "我听说明天有个舞会！真希望我也能去和你跳舞……$h",

        "summer_1": "啊，夏天，最温暖的季节。我只希望我对光线不那么敏感……",
		"summer_8": "你身上有可爱的味道……一定是来自努力干活。你觉得这种味道不可爱？",
        "summer_10": "我听说有一场美食盛宴……$b但愿我能去享受这个节日。$h你要偷偷带一点回来啊！",
		"summer_15": "这个季节的好处就是屋子藏满苍蝇。别担心，我会处理的。",
        "summer_27": "我听说这里的海域会有水母迁徙。$b我也好想去海滩啊，今天应该是个好日子!$h",
		
		"fall_1": "秋天是多姿多彩的季节，我可能会出去欣赏树叶的颜色。",
        "fall_8": "你的农场怎么样了？现在是最忙的时候吧？",
        "fall_15": "我听说有秋季展览会，你能帮我带点东西回来吗？",
        "fall_24": "我很想去参加万灵节，但是听说怪物猎人也会到场……可能防的就是我吧。$s",
        
        "winter_1": "这算是生日到了吗！",
	    "winter_7": "明天有钓鱼比赛？我也好想去看啊。你很擅长钓鱼吧？$h",
	    "winter_15": "每年的今天，暗影人都会为即将到来的春天做准备。希望镇上的人能给你点好东西。$h",
	    "winter_21": "外面越来越冷了，我想去温暖的地方。#$b#你能带我去那个热带岛屿度假吗？$u#$b#好耶！！肯定很好玩！$h",
		"winter_25": "暗影人每年都期待着在这个时候为春天做准备。我也准备了东西给你。 [72 221 348 797]",
		"winter_28": "啊，一年中的最后一天。如果你明天看到野山葵，一个都不要放过。",
        
        "spouseRoom_Krobus": "我希望这个房间的湿度不会让你觉得难受。#$b#想要生活在一起，两个人都必须付出一点妥协。",
        
        "spring_Krobus": "啊，春天……我已经闻到野山葵的香味了！",
        
        "summer_Krobus": "啊，夏天……温暖和潮湿都很好，但实在是太亮了。",
        
        "fall_Krobus": "啊，秋天……五彩斑斓，或者说花里胡哨的季节。希望你的农场能大丰收。",
        
        "winter_Krobus": "啊，冬天……暗影人的季节！但就是雪不要下得那么大！",

	"divorced": "……"
	

    }
},
{
		"LogName": "Extra Dialogue",
		"Action": "EditData",
		"Target": "Data/ExtraDialogue",
		"Entries": {


		"Mines_PlayerKilled_Spouse_PlayerMale": "拉斯莫迪乌斯跟我说你在矿场受伤了……我真希望能帮你做点什么。$s",
        "Mines_PlayerKilled_Spouse_PlayerFemale": "拉斯莫迪乌斯跟我说你在矿场受伤了……我真希望能帮你做点什么。$s",

},
},
{
		"LogName": "StringsFromCSFiles - Krobus",
		"Action": "EditData",
		"Target": "Strings/StringsFromCSFiles",
		"Entries": {


"Krobus_Engaged": "你就是这么想？！你是从哪里知道……？$3#$b#好!好的！！！$h……我的意思是我接受，我愿意和你同居。但是我们必须对每个人保密，你知道的，以后再想办法解释。#$b#再过几天我就搬去你家，好吗？我需要先安排好我的店。# #$b 天呐，伟大的由巴，我太激动了！$h",
        "Krobus_AfterWedding": "早上好，@……你不介意的话，我要在晚上才能溜进来。#$b#这里河下水道不一样，我需要时间来适应，好吗？$1",
        "Krobus_Stardrop": "我想给你这个作为回礼。谢谢你邀请我和你同居，我真的很高兴！$h",
        
        "KrobusShopGone": "我不在。请把你的付款留在盒子里，第二天我会收的。撒谎的话我会知道。 ——科罗布斯"
}
},
		{
		"LogName": "Post Krobus Marriage Dialogue - Dwarf",
        "Action": "EditData",
        "Target": "Characters/Dialogue/Dwarf",
		"When": {
			"Relationship:Krobus": "Married"
			},

        "Entries":
        {
"Dwarf": "我听说住在下水道里的暗影人和你同居了，你还敢来找我买炸弹？$b你买炸弹是打算炸死他吗。$1",

},


},
{
	"LogName": "Post Krobus Marriage Dialogue - Wizard",
	"Action": "EditData",
        "Target": "Characters/Dialogue/Wizard",
	"When": {
			"Relationship:Krobus": "Married"
			},

        "Entries":
        {

"Wizard": "我偶尔会去见科罗布斯，否则那个矮人和他的暗影族人会认为他是地下世界的叛徒。虽然很可悲，但只有这样才能保证他和你的安全。#$b#你可真会干这种出格的事。$1",
},

},


]
}
