{
  "Name": "黄金项链",
  "Description": "一条纯金的项链。",
  "Category": "Crafting",
  "CategoryTextOverride": "Jewelry",
  "CategoryColorOverride": "143,71,162,255",
  "Edibility": -300,
  "Price": 100,
  "IsColored": false,
  "Recipe": null,
  "GiftTastes":
    {
        "Love": ["Clint","Maru"],
	"Like": ["Krobus","Willy"],
        "Neutral": ["Caroline","Haley","Emily","Jodi","Pam","Penny","Sandy"],
        "Dislike": ["Wizard","Abigail","Alex","Demetrius","Dwarf","Elliott","Evelyn","Gus","George","Harvey","Jas","Kent","Leo","Lewis","Linus","Marnie","Pierre","Robin","Sebastian","Shane","Vincent","Leah"],
        "Hate": ["Sam"],
    },
  
}