{
  "Name": "The Eternal Flame of Yoba",
  "Description": "Found in the ruins of an ancient Gotoro city, this book is humming with magical energy and appears to be full of arcane knowledge. The text is legible, but makes little sense to you.",
  "Category": "Crafting",
  "CategoryTextOverride": "Artifact",
  "CategoryColorOverride": "116,25,98,255",
  "Edibility": -300,
  "Price": 50,
  "CanSell": false,

  //i18n
    "NameLocalization": {
      "zh":"《由巴的永恒火焰》"
    },
    
    "DescriptionLocalization": {
      "zh":"这本书是在一座古代戈特洛城市的废墟中发现的，它蕴含了魔力，似乎记录着神秘的知识。它的文本清晰未损，但你看不懂这种文字。"
    }
}