{
    "Name": "Orange fruit Lamp-post",
    "Description": "Emits a lovely orange light (Needs a sap to power it up)",
    "Price": 25,
    "ProvidesLight": false,
    "Recipe": {
        "ResultCount": 1,
        "Ingredients": [
            {
                "Object": 388,//Wood
                "Count": 10
            },
            {
                "Object": 635, //Orange
                "Count": 1
            }
        ],
		"IsDefault": true,
    },
	"ReserveExtraIndexCount": 11,
	"CanPurchase": false,
    "NameLocalization": {
         "es": "Lámpara frutal naranja",
        //"ko": "",
        // "de": "",
        // "fr": "",
        // "hu": "",
        // "it": "",
        // "ja": "",
        //"pt": "",
        // "ru": "",
        // "tr": "",
        "zh": "橙子灯柱"
    },
    "DescriptionLocalization": {
         "es": "Emite una luz naranja adorable (Necesita savia para activarse)",
        //"ko": "",
        // "de": "",
        // "fr": "",
        // "hu": "",
        // "it": "",
        // "ja": "",
        //"pt": "",
        // "ru": "",
        // "tr": "",
        "zh": "发出可爱的橙色光芒，需要树液作燃料。"
    }
}