{
  "Name": "Legendary Emerald Bracelet of Light",
  "Description": "A transmuted and enchanted iridium emerald bracelet filled with the magic trapped inside a solar essence.",
  "Category": "Crafting",
  "CategoryTextOverride": "Enchanted Jewelry",
  "CategoryColorOverride": "142,82,196,255",
  "Edibility": -300,
  "Price": 1620,
  "IsColored": false,
  "Recipe": null,
  "GiftTastes":
    {
        "Love": ["Clint","Dwarf","Emily","Penny","Wizard"],
	"Like": ["Abigail","Maru","Alex","Demetrius","Elliott","Evelyn","George","Harvey","Jas","Kent","Krobus","Leo","Lewis","Robin","Sam","Sebastian","Shane","Vincent","Willy","Gus","Marnie","Caroline","Haley","Jodi","Pam","Sandy"],
        "Dislike": ["Linus","Pierre","Leah"],
        }, 
//i18n
  "NameLocalization": 
  {
    "zh":"传奇光属性绿宝石手镯"
  },
  "DescriptionLocalization": 
  {
    "zh":"一只被锻造和附魔过的绿宝石铱手镯，蕴藏了来自太阳精华的魔力。"
  }  
}