{
  "Name": "Iridium Pyrite Earrings",
  "Description": "A beautiful pair of iridium earrings adorned with two small, flawlessly cut pyrite minerals.",
  "Category": "Crafting",
  "CategoryTextOverride": "Jewelry",
  "CategoryColorOverride": "143,71,162,255",
  "Edibility": -300,
  "Price": 748,
  "IsColored": false,
  "Recipe": null,
  "GiftTastes":
    {
	"Like": ["Clint","Maru","Wizard","Krobus","Willy"],
        "Neutral": ["Caroline","Haley","Jodi","Emily","Pam","Penny","Sandy"],
        "Dislike": ["Abigail","Alex","Demetrius","Dwarf","Elliott","Evelyn","George","Harvey","Jas","Kent","Leo","Lewis","Linus","Pierre","Robin","Sebastian","Shane","Vincent","Leah","Gus","Marnie"],
	"Hate": ["Sam"],  
    },
//i18n
  "NameLocalization": 
    {
      "zh":"黄铁矿铱耳饰"
    },

  "DescriptionLocalization": 
    {
      "zh":"一对美丽的铱耳饰，镶嵌着两小块完美无瑕的黄铁矿。"
    } 
  
}