{
  "Name": "铱紫水晶徽章",
  "Description": "一枚美丽的铱徽章，镶嵌着一大块完美无瑕的紫水晶。",
  "Category": "Crafting",
  "CategoryTextOverride": "Jewelry",
  "CategoryColorOverride": "143,71,162,255",
  "Edibility": -300,
  "Price": 450,
  "IsColored": false,
  "Recipe": null,
  "GiftTastes":
    {
        "Love": ["Clint","Abigail","Dwarf","Emily","Krobus","Willy","Maru"],
	"Like": ["Wizard","Alex","Demetrius","Elliott","Evelyn","George","Harvey","Jas","Kent","Leo","Lewis","Robin","Sam","Sebastian","Shane","Vincent","Gus","Marnie","Caroline","Haley","Jodi","Pam","Penny","Sandy"],
        "Dislike": ["Linus","Pierre","Leah"],
    }, 
  
}