{
  "Name": "Prehistoric Tibia Gold Display Case",
  "Description": "A solid gold display piece featuring a prehistoric tibia sealed within a clear glass case.",
  "Category": "Crafting",
  "CategoryTextOverride": "Artifact",
  "CategoryColorOverride": "116,25,98,255",
  "Edibility": -300,
  "Price": 2698,
  "IsColored": false,
  "Recipe": null,
  "GiftTastes":
    {
	"Like": ["Penny","Dwarf"],
        "Dislike": ["Sam","Clint","Maru","Wizard","Abigail","Alex","Demetrius","Krobus","Willy","Caroline","Haley","Jodi","Emily","Pam","Sandy","Elliott","Evelyn","George","Harvey","Jas","Kent","Leo","Lewis","Linus","Pierre","Robin","Sebastian","Shane","Vincent","Leah","Gus","Marnie"],
	
   },  
  "NameLocalization":
    {
	"en": "Prehistoric Tibia Display Case",
  "zh":"史前胫骨展示盒"
    },
  "DescriptionLocalization": 
    {
      "zh":"某种原始动物的胫骨躺在纯金打造的底座上，用透明的玻璃罩密封展示。"
    }
  
}