{
    "Name": "Sunflower Lamp-post",
    "Description": "Emits a floral yellowish light (Needs a sap to power it up)",
    "Price": 25,
    "ProvidesLight": false,
    "Recipe": {
        "ResultCount": 1,
        "Ingredients": [
            {
                "Object": 388,//Wood
                "Count": 10
            },
            {
                "Object": 421, //Sunflower
                "Count": 1
            }
        ],
		"IsDefault": true,
    },
	"ReserveExtraIndexCount": 11,
	"CanPurchase": false,
    "NameLocalization": {
         "es": "Lámpara de girasol",
        //"ko": "",
        // "de": "",
        // "fr": "",
        // "hu": "",
        // "it": "",
        // "ja": "",
        //"pt": "",
        // "ru": "",
        // "tr": "",
        "zh": "向日葵灯柱"
    },
    "DescriptionLocalization": {
         "es": "Emite una luz floarl amarilla (Necesita savia para activarse)",
        //"ko": "",
        // "de": "",
        // "fr": "",
        // "hu": "",
        // "it": "",
        // "ja": "",
        //"pt": "",
        // "ru": "",
        // "tr": "",
        "zh": "发出带花香的淡黄色光芒，需要树液作燃料。"
    }
}