{
  "Name": "Legendary Ocean Stone Pin of Light",
  "Description": "A transmuted and enchanted iridium ocean stone pin filled with the magic trapped inside a solar essence.",
  "Category": "Crafting",
  "CategoryTextOverride": "Enchanted Jewelry",
  "CategoryColorOverride": "142,82,196,255",
  "Edibility": -300,
  "Price": 3059,
  "IsColored": false,
  "Recipe": null,
  "GiftTastes":
    {
        "Love": ["Wizard"],
        "Neutral": ["Caroline","Haley","Jodi","Emily","Pam","Penny","Sandy"],
        "Dislike": ["Abigail","Alex","Clint","Demetrius","Dwarf","Elliott","Evelyn","George","Harvey","Jas","Kent","Krobus","Leo","Lewis","Linus","Pierre","Robin","Sam","Sebastian","Shane","Vincent","Willy","Gus","Marnie","Leah","Maru"],
    },
//i18n
  "NameLocalization": 
    {
      "zh":"传奇光属性海洋石徽章"
    },
  "DescriptionLocalization": 
    {
      "zh":"一枚被锻造和附魔过的海洋石铱徽章，蕴藏了来自太阳精华的魔力。"
    }
}