{
  "Name": "黄金制黄铁矿耳饰",
  "Description": "一对纯金耳饰，镶嵌着两小块切割精细的黄铁矿。",
  "Category": "Crafting",
  "CategoryTextOverride": "Jewelry",
  "CategoryColorOverride": "143,71,162,255",
  "Edibility": -300,
  "Price": 279,
  "IsColored": false,
  "Recipe": null,
  "GiftTastes":
    {
	"Like": ["Clint","Maru","Wizard"],
        "Neutral": ["Krobus","Willy","Caroline","Haley","Jodi","Emily","Pam","Penny","Sandy"],
        "Dislike": ["Abigail","Alex","Demetrius","Dwarf","Elliott","Evelyn","George","Harvey","Jas","Kent","Leo","Lewis","Linus","Pierre","Robin","Sebastian","Shane","Vincent","Leah","Gus","Marnie"],
	"Hate": ["Sam"], 
   }, 
  
}