{
  "Name": "Legendary Wizard's Sceptre of Light",
  "Description": "A transmuted and enchanted iridium prismatic shard sceptre filled with the magic trapped inside a solar essence and humming with magical power.",
  "Category": "Crafting",
  "CategoryTextOverride": "Enchanted Jewelry",
  "CategoryColorOverride": "142,82,196,255",
  "Edibility": -300,
  "Price": 17056,
  "IsColored": false,
  "Recipe": null,
  "GiftTastes":
    {
	"Love": ["Pierre","Leah","Clint","Abigail","Dwarf","Emily","Wizard","Maru","Alex","Demetrius","Elliott","Evelyn","George","Harvey","Jas","Kent","Krobus","Leo","Lewis","Linus","Robin","Sam","Sebastian","Shane","Vincent","Willy","Gus","Marnie","Caroline","Jodi","Pam","Penny","Sandy"],
        "Hate": ["Haley"],    	
    },
//i18n
  "NameLocalization": 
    {
      "zh":"传奇光属性魔杖"
    },
  "DescriptionLocalization": 
    {
      "zh":"一把被锻造和附魔过的铱魔杖，蕴藏了来自太阳精华的魔力。"
    }  
}