{
  "Name": "Copper Baryte Earrings",
  "Description": "A pair of copper earrings adorned with two small, roughly cut baryte minerals.",
  "Category": "Crafting",
  "CategoryTextOverride": "Jewelry",
  "CategoryColorOverride": "143,71,162,255",
  "Edibility": -300,
  "Price": 130,
  "IsColored": false,
  "Recipe": null,
  "GiftTastes":
    {
	"Like": ["Wizard"],
        "Neutral": ["Clint","Maru","Caroline","Haley","Jodi","Emily","Pam","Penny","Sandy"],
        "Dislike": ["Abigail","Alex","Demetrius","Dwarf","Elliott","Evelyn","George","Harvey","Jas","Kent","Krobus","Leo","Lewis","Linus","Pierre","Robin","Sebastian","Shane","Vincent","Willy","Leah","Gus","Marnie"],
	"Hate": ["Sam"],
    },

    //i18n
    "NameLocalization": {
      "zh":"重晶石铜耳饰"
    },

    "DescriptionLocalization": {
      "zh":"一对耳饰，镶嵌着一小块切割粗糙的重晶石。"
    } 
  
}