{
  "Name": "Copper Jasper Ring",
  "Description": "A copper ring fitted with a very small jasper mineral.",
  "Category": "Crafting",
  "CategoryTextOverride": "Jewelry",
  "CategoryColorOverride": "143,71,162,255",
  "Edibility": -300,
  "Price": 160,
  "IsColored": false,
  "Recipe": null,
  "GiftTastes":
    {
	"Like": ["Wizard"],
        "Neutral": ["Clint","Maru","Caroline","Haley","Jodi","Emily","Pam","Penny","Sandy"],
        "Dislike": ["Abigail","Alex","Demetrius","Dwarf","Elliott","Evelyn","George","Harvey","Jas","Kent","Krobus","Leo","Lewis","Linus","Pierre","Robin","Sebastian","Shane","Vincent","Willy","Leah","Gus","Marnie"],
	"Hate": ["Sam"],
    }, 
  
//i18n  
"NameLocalization": {
  "zh":"碧玉铜戒指"
},

"DescriptionLocalization": {
  "zh":"一枚黄铜戒指，镶嵌了一小块碧玉。"
}

}