{
  "Name": "Bone Flute Gold Display Case",
  "Description": "A solid gold display piece featuring a prehistoric bone flute sealed within a clear glass case.",
  "Category": "Crafting",
  "CategoryTextOverride": "Artifact",
  "CategoryColorOverride": "116,25,98,255",
  "Edibility": -300,
  "Price": 2796,
  "IsColored": false,
  "Recipe": null,
  "GiftTastes":
    {
	"Like": ["Penny","Dwarf"],
        "Dislike": ["Sam","Clint","Maru","Wizard","Abigail","Alex","Demetrius","Krobus","Willy","Caroline","Haley","Jodi","Emily","Pam","Sandy","Elliott","Evelyn","George","Harvey","Jas","Kent","Leo","Lewis","Linus","Pierre","Robin","Sebastian","Shane","Vincent","Leah","Gus","Marnie"],
	
   }, 

   "NameLocalization": 
   {
     "en":"Bone Flute Display Case",
     "zh":"骨笛展示盒"
   },

 "DescriptionLocalization": 
   {
     "zh":"一只史前骨笛躺在纯金打造的底座上，用透明的玻璃罩密封展示。"
   }
  
}