{
  "Name": "Iridium Obsidian Pin",
  "Description": "A beautiful iridium pin inset with a large, flawlessly cut obsidian mineral.",
  "Category": "Crafting",
  "CategoryTextOverride": "Jewelry",
  "CategoryColorOverride": "143,71,162,255",
  "Edibility": -300,
  "Price": 1090,
  "IsColored": false,
  "Recipe": null,
  "GiftTastes":
    {
        "Love": ["Sebastian"],
	"Like": ["Clint","Maru","Krobus","Willy","Wizard"],
        "Neutral": ["Caroline","Haley","Jodi","Emily","Pam","Penny","Sandy"],
        "Dislike": ["Abigail","Alex","Demetrius","Elliott","Evelyn","George","Harvey","Jas","Kent","Leo","Lewis","Linus","Pierre","Robin","Sam","Dwarf","Shane","Vincent","Leah","Gus","Marnie"],
    },
//i18n
  "NameLocalization": 
    {
      "zh":"黑曜石铱徽章"
    },

  "DescriptionLocalization": 
    {
      "zh":"一枚美丽的铱徽章，镶嵌着一大块完美无瑕的黑曜石。"
    } 
  
}