{
  "Name": "Dwarvish Translation Guide Hardwood Display Case",
  "Description": "一个硬木展示柜，透明的玻璃中密封着一部矮人语教程。",
  "Category": "Crafting",
  "CategoryTextOverride": "Artifact",
  "CategoryColorOverride": "116,25,98,255",
  "Edibility": -300,
  "Price": 185,
  "IsColored": false,
  "Recipe": null,
  "GiftTastes":
    {
	"Like": ["Penny","Dwarf"],
        "Dislike": ["Sam","Clint","Maru","Wizard","Abigail","Alex","Demetrius","Krobus","Willy","Caroline","Haley","Jodi","Emily","Pam","Sandy","Elliott","Evelyn","George","Harvey","Jas","Kent","Leo","Lewis","Linus","Pierre","Robin","Sebastian","Shane","Vincent","Leah","Gus","Marnie"],
	
   }, 
  "NameLocalization":
    {
	"en": "Dwarvish Translation Guide Display Case",
  "zh":"硬木制矮人语教程展示柜"
    }  
  
}