{
  "Name": "Fine Diamond Ring of Fire",
  "Description": "A transmuted and enchanted copper diamond ring filled with the magic trapped inside a cinder shard.",
  "Category": "Crafting",
  "CategoryTextOverride": "Enchanted Jewelry",
  "CategoryColorOverride": "142,82,196,255",
  "Edibility": -300,
  "Price": 1690,
  "IsColored": false,
  "Recipe": null,
  "GiftTastes":
    {
	"Love": ["Maru","Gus","Evelyn","Jodi","Krobus","Marnie","Penny","Willy"],
        "Like": ["Clint","Wizard","Caroline","Haley","Emily","Pam","Sandy","Abigail","Alex","Demetrius","Dwarf","Elliott","George","Harvey","Jas","Kent","Leo","Lewis","Linus","Pierre","Robin","Sam","Sebastian","Shane","Vincent","Leah"],
    },

//i18n
  "NameLocalization": {
    "zh":"普通火属性钻石戒指"
  },

  "DescriptionLocalization": {
    "zh":"一枚被锻造和附魔过的钻石铜戒指，蕴藏了来自火山晶石的魔力。"
  }  
}