{
  "Abigail": "生日快乐，@！我们今年也要一起挑战更多的冒险！$h",
  "Alex": "哟，@， 生日快乐！这是迄今为止最好的一年！$h",
  "Caroline": "生日快乐，@，感谢你为我们镇所做的一切。你的父母一定会为你感到骄傲的。$h",
  "Clint": "嘿，@，生日快乐。你今年一定会很开心。",
  "Demetrius": "生日快乐，@！今天一定要空出时间好好享受一下。$h",
  "Dwarf": "生日快乐，@。等等，人类是会庆祝这天的，对吧？",
  "Elliott": "多么美好的一天，不是吗？但对你来说，今天肯定更加与众不同吧？因为今天是你的生日！生日快乐，@！$h#$b#其实，我原本想为你写首诗，最后还是觉得，惟有一句“生日快乐”是最好的。",
  "Emily": "生日快乐，@。我能预见你的未来充满了光明。$h",
  "Evelyn": "生日快乐，@。你已经长大成一个如此优秀的人，若你的祖父看见了一定会非常自豪。",
  "George": "当你到了我这个年纪，就不会那么在意生日了。但无论怎样，你正年轻着。生日快乐，@。",
  "Gus": "嗨！@，生日快乐！希望你能享受接下来的时间，让酒馆里的每一个人都为你祝贺！",
  "Haley": "生日快乐，@。希望今年你能得到自己喜欢的礼物！$h",
  "Harvey": "生日快乐，@。有空来做个体检好吗？我想多关注你的健康。",
  "Jas": "生日快乐，@。我很庆幸当初认识了你。",
  "Jodi": "你好，@。据说今天是你的生日？祝你生日快乐！$h",
  "Kent": "@，乔迪说今天是你的生日。祝你生日快乐，希望你能珍惜每一天。",
  "Krobus": "生日快乐，@。我还是不太理解人类，但我很高兴认识了你。",
  "Leah": "嘿，@，生日快乐！你把农场打理得真好，希望你开心！$h",
  "Leo": "鹦鹉告诉我，今天是你的生日。@，生日快乐！",
  "Lewis": "生日快乐，@！我真的很感激你为小镇做的贡献。希望你再接再厉。",
  "Linus": "生日快乐，@。谢谢你在生日这天过来看我。我好开心！$h",
  "Marnie": "嗨，@！今天每个人都在谈论你的生日，所以我也来啦！生日快乐！$h",
  "Maru": "生日快乐，@。我尝试为你做一支永不熄灭的蜡烛，可惜没能成功。再等明年吧？$h",
  "Pam": "生日快乐，孩子。我们应该喝一杯，庆祝你人生中新的一岁！$h",
  "Penny": "生日快乐，@。愿你拥有今年所有的祝福。 $h",
  "Pierre": "嗨，@，生日快乐！希望新的一岁对你来说精彩而美好!",
  "Robin": "嘿，@，生日快乐！你能搬来星露谷真是太好了。",
  "Sam": "@，生日快乐！我们得为你举办一次生日聚会！$h",
  "Sandy": "甜心，你大老远跑来只是为了在生日时见到我？$h#$b#那我至少应该祝你幸福。$h",
  "Sebastian": "生日快乐，@。希望你的农场事业蒸蒸日上。",
  "Shane": "生日快乐，@。希望你再接再厉，在新的一岁里幸福快乐。",
  "Vincent": "嗨，@，你是来……哇喔，今天是你的生日？祝你生日快乐！",
  "Willy": "@，生日快乐。看见你仿佛就看见了我小时候。$b要好好享受人生啊，年轻人。$h",
  "Wizard": "生日快乐，@。永远不要忘记，你的未来只掌握在你自己手中。#$e#我怎么知道是今天？因为我无意中听见当地人在商量送你什么礼物。我想你会喜欢这个的。"
}
