{
  "DatingAbigailBirthday_Abigail:0": "嘿，@，你来啦！$h",
  "DatingAbigailBirthday_Abigail:1": "哇喔，这个蛋糕看起来很好吃……你等会能给我分多一点吗？$h",
  "DatingAbigailBirthday_Abigail:2": "去许个愿吧，@。",
  "DatingAbigailBirthday_Abigail:3": "所以，你许了什么愿望？如果是我，我想学会更多有用的技能！",
  "DatingAbigailBirthday_Abigail:4": "不管怎样，祝你生日快乐！希望我们能一起经历更多冒险。 $l",
  "DatingAbigailBirthday_Caroline:0": "拜托，你的客户肯定不会介意你离开几分钟的。好啦蛋糕完成啦，可以吃了。",
  "DatingAbigailBirthday_Caroline:1": "*叹气*这倒是真的。",
  "DatingAbigailBirthday_Caroline:2": "@，你想吃多少都可以。$h",
  "DatingAbigailBirthday_Finish:0": "和阿比盖尔一家一起过生日，真开心。",
  "DatingAbigailBirthday_Finish:1": "蛋糕还有剩！快抢——",
  "DatingAbigailBirthday_Mine_Abigail:0": "你来啦，@！开始庆祝吧，虽然这更像是一次冒险！$h",
  "DatingAbigailBirthday_Mine_Abigail:1": "我就是想，如果你生日的时候能在矿井里庆祝……一定会很有趣的！没有比一次大冒险更令人激动的礼物了，对吧？$h",
  "DatingAbigailBirthday_Mine_Abigail:2": "别担心，我们不是去和怪物打架。我就是觉得换个地点会很刺激。而且我家今天不开门，因为我爸周三休息。",
  "DatingAbigailBirthday_Mine_Abigail:3": "我很高兴我们能像这样在一起。我还带了蛋糕来庆祝。来吧，许个愿吧!",
  "DatingAbigailBirthday_Mine_Abigail:4": "祝你生日快乐，@！希望我们能一起经历更多冒险。$l",
  "DatingAbigailBirthday_Mine_Finish:0": "和阿比盖尔一起过生日的感觉真好。",
  "DatingAbigailBirthday_Mine_Finish:1": "蛋糕还有剩！快抢——",
  "DatingAbigailBirthday_Pierre:0": " 请自便，@。我不能留太久，还要去看店呢。$h",
  "DatingAbigailBirthday_Pierre:1": "那当然，它是用店里最好的原材料做的！$h",
  "DatingAlexBirthday_Alex:0": "嗨，@，你来啦。$h",
  "DatingAlexBirthday_Alex:1": "今天不是你的生日吗？所以我想为你小小的庆祝一下。辛苦锻炼之后也要好好放松的，对吧？$h",
  "DatingAlexBirthday_Alex:2": "我买了披萨和Joja可乐。希望你喜欢。$h",
  "DatingAlexBirthday_Alex:3": "生日快乐，@。能和你在一起真是太好了！$l",
  "DatingAlexBirthday_Finish:0": "和亚历克斯一起过生日的感觉真好。",
  "DatingAlexBirthday_Finish:1": "食物还有剩！快抢——",
  "DatingElliottBirthday_Elliott:0": "啊——你来啦！@！$h",
  "DatingElliottBirthday_Elliott:1": "我就是想，要是我们能一起为你庆祝生日就太好了。$h",
  "DatingElliottBirthday_Elliott:2": "我明白过生日也是一件麻烦事，因为寿星会忙的团团转。即便如此你也大老远赶来见我了，谢谢你。祝你生日快乐。$l",
  "DatingElliottBirthday_Elliott:3": "唉，我本想写点什么来表达我对你的喜爱，却难以用文字来描绘我心中的祝福和赞美。$l",
  "DatingElliottBirthday_Elliott:4": "来吧，现在该来切蛋糕！@，许个愿吧!",
  "DatingElliottBirthday_Elliott:5": "生日快乐，@。愿你的人生像一出精彩绝伦的喜剧。$l",
  "DatingElliottBirthday_Finish:0": "和艾利欧特一起过生日的感觉真好。",
  "DatingElliottBirthday_Finish:1": "蛋糕还有剩！快抢——",
  "DatingEmilyBirthday_Emily:0": "嗨，@，来的正好。$h",
  "DatingEmilyBirthday_Emily:1": "我想为你举办一个小小的生日派对，只有我们两个人。",
  "DatingEmilyBirthday_Emily:2": "不知道为什么，我觉得生日是一次重要的提醒，提醒我们要活在当下，生活在大自然的和谐中。",
  "DatingEmilyBirthday_Emily:3": "我还为你做了巧克力蛋糕！它是用纯天然材料做的，还用仙人掌糖浆来增加甜味！ $h",
  "DatingEmilyBirthday_Emily:4": "许愿吧， @！$h",
  "DatingEmilyBirthday_Emily:5": "生日快乐，@！今年我从你的精神中感受到一股强大的幸运能量。$l",
  "DatingEmilyBirthday_Finish:0": "和艾米丽一起过生日的感觉真好。",
  "DatingEmilyBirthday_Finish:1": "蛋糕还有剩！快抢——",
  "DatingHaleyBirthday_Finish:0": "和海莉一起过生日的感觉真好。",
  "DatingHaleyBirthday_Finish:1": "蛋糕还有剩！快抢——!",
  "DatingHaleyBirthday_Haley:0": "嘿，@，快过来参加派对！$h",
  "DatingHaleyBirthday_Haley:1": "我是说，邀请很多人的，但又觉得只有我们两个人参加的派对会更好。$l",
  "DatingHaleyBirthday_Haley:2": "大家一定都为你庆祝了，但我想让我的庆祝更特别一点……因为你很特别……你明白吗？$l",
  "DatingHaleyBirthday_Haley:3": "我还买了生日蛋糕！你一定要许愿！$h",
  "DatingHaleyBirthday_Haley:4": "生日快乐，@。我很高兴能与你在一起。我们来拍照记录一下！$l",
  "DatingHarveyBirthday_Finish:0": "和哈维一起庆祝生日的感觉真好。",
  "DatingHarveyBirthday_Finish:1": "食物还有剩！快抢——!",
  "DatingHarveyBirthday_Harvey:0": "你好，@。你来的刚好，不过先让我整理一下。$h",
  "DatingHarveyBirthday_Harvey:1": "我觉得应该给你办个小小的生日派对，所以我准备了这些特别的东西。$l",
  "DatingHarveyBirthday_Harvey:2": "不用担心酒的问题。适度是必要的，但今天是一个特别的日子! $h",
  "DatingHarveyBirthday_Harvey:3": "祝你生日快乐，为你的健康和美好的未来干杯！$l",
  "DatingLeahBirthday_Finish:0": "和莉亚一起过生日的感觉真好。",
  "DatingLeahBirthday_Finish:1": "蛋糕还有剩！快抢——",
  "DatingLeahBirthday_Leah:0": "欢迎，@。进来吧，别客气。$h",
  "DatingLeahBirthday_Leah:1": "我知道今天是你的生日，想为你庆祝一下。我还准备了生日蛋糕。$h",
  "DatingLeahBirthday_Leah:2": "你知道我已经好几年没有为谁庆祝过生日了，但我非常想为你庆祝一次，非常想和你一起度过这一天。$l",
  "DatingLeahBirthday_Leah:3": "我从来没有想过，我会改变对生日的看法。这样的体验，像是让我重新打开了心扉。$l",
  "DatingLeahBirthday_Leah:4": "这些肉麻的话就继续说了。祝你生日快乐，@。我们来吃蛋糕吧？$h",
  "DatingMaruBirthday_Demetrius:0": "欢迎，@，进来吧，别客气。$h",
  "DatingMaruBirthday_Demetrius:1": "我同意。这个派对太棒了。而且研究表明，适当的放松能提高效率。$h",
  "DatingMaruBirthday_Finish:0": "和玛鲁一家一起过生日的感觉真好。",
  "DatingMaruBirthday_Finish:1": "蛋糕还有剩！快抢——",
  "DatingMaruBirthday_Maru:0": "@，你来啦！$h",
  "DatingMaruBirthday_Maru:1": "我尝试做一个机器人给你，帮你在农场韩货，可是来不及了……希望明年能送你。",
  "DatingMaruBirthday_Maru:2": "来吧，@，许愿!",
  "DatingMaruBirthday_Maru:3": "生日快乐，@。希望这是我们美好未来的开始。$l",
  "DatingMaruBirthday_Robin:0": "你知道我会同意的。重要的是心意而不是礼物。$h",
  "DatingMaruBirthday_Robin:1": "哦！——蛋糕好像做好了!",
  "DatingMaruBirthday_Sebastian:0": "我觉得两个人一起庆祝就够了。没必要太热闹。",
  "DatingMaruBirthday_Sebastian:1": "甜心，该吃蛋糕了。",
  "DatingPennyBirthday_Finish:0": "与潘姆和潘妮一起庆祝生日的感觉真好。",
  "DatingPennyBirthday_Finish:1": "蛋糕和啤酒还有剩！快抢——",
  "DatingPennyBirthday_Pam:0": "来吧，孩子。聚会可以开始了！ $h",
  "DatingPennyBirthday_Pam:1": "快过来坐下，先喝一杯！",
  "DatingPennyBirthday_Pam:2": "来干杯吧！祝你生日快乐，又是美好的一年！$h",
  "DatingPennyBirthday_Penny:0": "你来了，@，真准时！$h",
  "DatingPennyBirthday_Penny:1": "我们为你准备了生日派对。虽然不隆重，但希望你喜欢。$l",
  "DatingPennyBirthday_Penny:2": "妈妈! $a",
  "DatingPennyBirthday_Penny:3": "*叹气* 好吧，没关系。我去把蛋糕拿来。",
  "DatingPennyBirthday_Penny:4": "生日快乐，@。希望我们一起度过以后的生日。 $l",
  "DatingSamBirthday_Finish:0": "和山姆一起过生日的感觉真好。",
  "DatingSamBirthday_Finish:1": "食物还有剩！快抢——",
  "DatingSamBirthday_Sam:0": "嗨，@，你来啦。$h",
  "DatingSamBirthday_Sam:1": "我想为你庆祝这次的生日，举办两个人的小派对。别担心，我的家人都在忙，我们可以放松一下。$h",
  "DatingSamBirthday_Sam:2": "我买了披萨和Joja可乐，希望你喜欢。本来想给你做蛋糕的，但我学不会。$h",
  "DatingSamBirthday_Sam:3": "祝你生日快乐，@。能和你在一起，我很开心！$l",
  "DatingSebastianBirthday_Demetrius:0": "我同意。这个派对太棒了。而且研究表明，适当的放松能提高效率。$h",
  "DatingSebastianBirthday_Demetrius:1": "来许个愿吧！$h",
  "DatingSebastianBirthday_Finish:0": "和塞巴斯蒂安一家一起庆祝生日的感觉真好。",
  "DatingSebastianBirthday_Finish:1": "蛋糕还有剩！快抢——!",
  "DatingSebastianBirthday_Maru:0": "生日快乐，@。说实话，塞巴斯蒂安说想举办派对的时候，我都有点惊讶。他一般对庆祝活动没兴趣。",
  "DatingSebastianBirthday_Maru:1": "可以吃蛋糕了!第一份给你，@！$h",
  "DatingSebastianBirthday_Robin:0": "欢迎，@，进来吧，别客气。$h",
  "DatingSebastianBirthday_Robin:1": "塞巴斯蒂安说他想为你举办派对的时候，我很高兴。谢谢你，@。$h",
  "DatingSebastianBirthday_Robin:2": "哦——蛋糕准备好了！",
  "DatingSebastianBirthday_Sebastian:0": "@，快来，妈妈刚做好蛋糕。$h",
  "DatingSebastianBirthday_Sebastian:1": "其实……他们想知道为什么我通常不喜欢参加这些事。",
  "DatingSebastianBirthday_Sebastian:2": "生日快乐，@。我很高兴我们能一起庆祝你的生日。 $h",
  "DatingShaneBirthday_Finish:0": "和谢恩一起过生日的感觉真好。",
  "DatingShaneBirthday_Finish:1": "食物还有剩！快抢——",
  "DatingShaneBirthday_Shane:0": "嘿，@，来的正好。$h",
  "DatingShaneBirthday_Shane:1": "我想为你庆祝生日，所以买了披萨和可乐。。$h",
  "DatingShaneBirthday_Shane:2": "我还用鸡棚里鸡蛋给你做了蛋糕，虽然我不太确定做得对不对。$h",
  "DatingShaneBirthday_Shane:3": "无论如何，生日快乐，@。和你在一起，我很开心。 $l",
  "JojaParty_0": "欢迎来到Joja超市，尊敬的会员——@！",
  "JojaParty_1": "我们的记录显示今天是您的生日。我们会让您知道——我们对待所有的会员就像对待家人一样热情！",
  "JojaParty_2": "请您今后继续关照Joja超市，而这个免费的款待是您的Joja大家庭给您的礼物。",
  "JojaPartyOver": "很好！回到工作岗位！",
  "JunimoBirthdayParty_0": "看起来，祝尼魔想为你举办生日派对！",
  "JunimoBirthdayParty_1": "蛋糕还有剩！抢得过祝尼魔？——",
  "Lewis_AskPlayerForBirthday_Confirmation": "好的，{0}，{1}，我会记住的。那么再见，@。$h",
  "Lewis_AskPlayerForBirthday_Intro": "早上好，@。你刚搬来的时候，我忘记问你的生日了，这需要记录在小镇日历中。这样大家才有机会为你准备礼物。所以，填一下这张表格吧。$h",
  "Lewis_AskPlayerForBirthday_TodayIsBirthday": "哇喔，今天就是？祝你生日快乐！我一定会记住的！$h",
  "PartyOver": "聚会真开心。该回去干活了！",
  "SpousePartyOver": "特殊的日子要与所爱之人相伴。",
  
  "SpouseBirthdayEvent_0": "嘿，{AffectionateSpouseWord}，{TimeOfDay}！$h",
  "SpouseBirthdayEvent_1": "为了表达平日里对你的感谢，我给你买了礼物。$h",
  "SpouseBirthdayEvent_2": "谢谢你走进了我的生活。对我来说，和你度过的每一天都很特别。$l",
  "SpouseBirthdayEvent_3": "@，祝你生日快乐，希望今后我们也能相陪伴。$l",
  
  "SpouseBirthdayEvent_Abigail_0": "嘿，{AffectionateSpouseWord}，{TimeOfDay}！$h",
  "SpouseBirthdayEvent_Abigail_1": "你知道吗，今天是某人的特殊日子！我知道不多，但我给你弄了一些东西！$h",
  "SpouseBirthdayEvent_Abigail_2": "谢谢你走进了我的生活。和你在一起，我才发现生活是一次伟大的冒险。我很想知道未来会把我们带到哪里。$l",
  "SpouseBirthdayEvent_Abigail_3": "@，祝你生日快乐，愿我们能共度余生。$l",
  "SpouseBirthdayEvent_Alex_0": "嘿，{AffectionateSpouseWord}，{TimeOfDay}！$h",
  "SpouseBirthdayEvent_Alex_1": "你知道吗，今天是某人的特殊日子！我知道不多，但我给你弄了一些东西！$h",
  "SpouseBirthdayEvent_Alex_2": "你是一个了不起的伴侣，谢谢你。我很高兴能嫁给你，感觉我已经是人生赢家了！没有东西能取代这一刻。$l",
  "SpouseBirthdayEvent_Alex_3": "@，祝你生日快乐，愿我们能共度余生。$l",
  "SpouseBirthdayEvent_Elliott_0": "嘿，{AffectionateSpouseWord}，{TimeOfDay}！$h",
  "SpouseBirthdayEvent_Elliott_1": "你知道吗，今天是某人的特殊日子！我知道不多，但我给你弄了一些东西！$h",
  "SpouseBirthdayEvent_Elliott_2": "和你在一起的每时每刻，都能给我带来新的灵感，我希望我也能为你做同样的事。 $l",
  "SpouseBirthdayEvent_Elliott_3": "@，祝你生日快乐，希望我们能共同书写人生的诗行。$l",
  "SpouseBirthdayEvent_Emily_0": "嘿，{AffectionateSpouseWord}，{TimeOfDay}！$h",
  "SpouseBirthdayEvent_Emily_1": "你知道吗，今天是某人的特殊日子！我知道不多，但我给你弄了一些东西！$h",
  "SpouseBirthdayEvent_Emily_2": "和你在一起之后，他们都说我们的命运已经交织不可分离，我也是这样的感觉。我不想要任何另外的结局，你就是我的灵魂伴侣。$l",
  "SpouseBirthdayEvent_Emily_3": "@，祝你生日快乐，愿我们能共度余生。$l",
  "SpouseBirthdayEvent_Haley_0": "嘿，{AffectionateSpouseWord}，{TimeOfDay}！$h",
  "SpouseBirthdayEvent_Haley_1": "我给你买了东西！你肯定会喜欢的！不过为了找到合适的礼物，我不得不多买了其他这些……$h",
  "SpouseBirthdayEvent_Haley_2": "你知道的，{AffectionateSpouseWord}，从初次见面以来，我们已经走过了很长的路。我很高兴能与你踏上这旅程。和你在一起的每一天都很完美。$l",
  "SpouseBirthdayEvent_Haley_3": "@，祝你生日快乐，愿我们能共度余生。$l",
  "SpouseBirthdayEvent_Harvey_0": "嘿，{AffectionateSpouseWord}，{TimeOfDay}！$h",
  "SpouseBirthdayEvent_Harvey_1": "我想为这特别的一天准备一些特别的东西。$h",
  "SpouseBirthdayEvent_Harvey_2": "和你在一起之后，我更加珍惜生活的点点滴滴。有你在身边，我感觉自己从来没有这样的精神焕发。你让我的心充满喜悦。$l",
  "SpouseBirthdayEvent_Harvey_3": "@，祝你生日快乐，愿我们能共度余生。$l",
  "SpouseBirthdayEvent_Leah_0": "嘿，{AffectionateSpouseWord}，{TimeOfDay}！$h",
  "SpouseBirthdayEvent_Leah_1": "我给你买了东西！你肯定会喜欢的！不过为了找到合适的礼物，我不得不多买了其他这些……$h",
  "SpouseBirthdayEvent_Leah_2": "谢谢你成为我生命中的一部分。希望你一直陪在我身边，这样我才能向你证明，你对我有多重要。$l",
  "SpouseBirthdayEvent_Leah_3": "@，祝你生日快乐，愿我们能共度余生。$l",
  "SpouseBirthdayEvent_Maru_0": "嘿，{AffectionateSpouseWord}，{TimeOfDay}！$h",
  "SpouseBirthdayEvent_Maru_1": "你知道的，今天是某人的特殊日子！所以我给你弄了一些东西！$h",
  "SpouseBirthdayEvent_Maru_2": "能和你走到今天，我很开心。遇到了你，才让我觉得生活的星星已经排列好了。银河系那么大，你才是我的世界。$l",
  "SpouseBirthdayEvent_Maru_3": "@，祝你生日快乐，愿我们能共度余生。$l",
  "SpouseBirthdayEvent_Penny_0": "嘿，{AffectionateSpouseWord}，{TimeOfDay}！$h",
  "SpouseBirthdayEvent_Penny_1": "你知道的，今天是某人的特殊日子！所以我给你弄了一些东西！$h",
  "SpouseBirthdayEvent_Penny_2": "看见你的笑容，我就感到开心。我喜欢，而且很享受我们在一起的时光，就像梦想成真了一样。。$l",
  "SpouseBirthdayEvent_Penny_3": "@，祝你生日快乐，愿我们能共度余生。$l",
  "SpouseBirthdayEvent_Sam_0": "嘿，{AffectionateSpouseWord}，{TimeOfDay}！$h",
  "SpouseBirthdayEvent_Sam_1": "我给你准备了一些东西，你肯定会喜欢！",
  "SpouseBirthdayEvent_Sam_2": "每当我想到与你的美好生活，我都忍不住感激，感激你能来到星露谷，这样我们才有机会彼此依偎。你一直激励着我，我希望我也能激励你。$l",
  "SpouseBirthdayEvent_Sam_3": "@，祝你生日快乐，愿我们能共度余生。$l",
  "SpouseBirthdayEvent_Sebastian_0": "嘿，{AffectionateSpouseWord}，{TimeOfDay}！$h",
  "SpouseBirthdayEvent_Sebastian_1": "给，这是我为你准备的礼物，以及一颗感激爱慕的心。$h",
  "SpouseBirthdayEvent_Sebastian_2": "谢谢你和我在一起，让我意识到生活以及这个地方都是多吗美好。如果再让我选一次，我还会选你。 ",
  "SpouseBirthdayEvent_Sebastian_3": "@，祝你生日快乐，愿我们能共度余生。$l",
  "SpouseBirthdayEvent_Shane_0": "嘿，{AffectionateSpouseWord}，{TimeOfDay}！$h",
  "SpouseBirthdayEvent_Shane_1": "给，这是我为你准备的礼物，以及一颗感激爱慕的心。$h",
  "SpouseBirthdayEvent_Shane_2": "谢谢你成为我生命中的一部分。你给了我很多支持，我也想为你成为最好的自己。$l",
  "SpouseBirthdayEvent_Shane_3": "@，祝你生日快乐，愿我们能共度余生。$l",
  
  
  "SpouseAskPlayerForFavoriteGift_Abigail_0": "嘿，@，我想问你件事。你最喜欢什么？我突然发现自己不知道你喜欢什么，如果我要在某个特殊场合送你礼物的话，还是想送些让你惊喜的东西。",
  "SpouseAskPlayerForFavoriteGift_Abigail_1": "好的，我记住了！当 {AffectionateSpouseWord}的日子到来时，我会尽我所能让你满意的。$h",
  "SpouseAskPlayerForFavoriteGift_Alex_0": "嘿，@，我想问你件事。你最喜欢什么？我突然发现自己不知道你喜欢什么，如果我要在某个特殊场合送你礼物的话，还是想送些让你惊喜的东西。",
  "SpouseAskPlayerForFavoriteGift_Alex_1": "好的，我记住了！当 {AffectionateSpouseWord}的日子到来时，我会尽我所能让你满意的。$h",
  "SpouseAskPlayerForFavoriteGift_Elliott_0": "嘿，@，我想问你件事。你最喜欢什么？我突然发现自己不知道你喜欢什么，如果我要在某个特殊场合送你礼物的话，还是想送些让你惊喜的东西。",
  "SpouseAskPlayerForFavoriteGift_Elliott_1": "好的，我记住了！当 {AffectionateSpouseWord}的日子到来时，我会尽我所能让你满意的。$h",
  "SpouseAskPlayerForFavoriteGift_Emily_0": "嘿，@，我想问你件事。你最喜欢什么？我突然发现自己不知道你喜欢什么，如果我要在某个特殊场合送你礼物的话，还是想送些让你惊喜的东西。",
  "SpouseAskPlayerForFavoriteGift_Emily_1": "好的，我记住了！当 {AffectionateSpouseWord}的日子到来时，我会尽我所能让你满意的。$h",
  "SpouseAskPlayerForFavoriteGift_Haley_0": "嘿，@，我想问你件事。你最喜欢什么？我突然发现自己不知道你喜欢什么，如果我要在某个特殊场合送你礼物的话，还是想送些让你惊喜的东西。",
  "SpouseAskPlayerForFavoriteGift_Haley_1": "好的，我记住了！当 {AffectionateSpouseWord}的日子到来时，我会尽我所能让你满意的。$h",
  "SpouseAskPlayerForFavoriteGift_Harvey_0": "嘿，@，我想问你件事。你最喜欢什么？我突然发现自己不知道你喜欢什么，如果我要在某个特殊场合送你礼物的话，还是想送些让你惊喜的东西。",
  "SpouseAskPlayerForFavoriteGift_Harvey_1": "好的，我记住了！当 {AffectionateSpouseWord}的日子到来时，我会尽我所能让你满意的。$h",
  "SpouseAskPlayerForFavoriteGift_Leah_0": "嘿，@，我想问你件事。你最喜欢什么？我突然发现自己不知道你喜欢什么，如果我要在某个特殊场合送你礼物的话，还是想送些让你惊喜的东西。",
  "SpouseAskPlayerForFavoriteGift_Leah_1": "好的，我记住了！当 {AffectionateSpouseWord}的日子到来时，我会尽我所能让你满意的。$h",
  "SpouseAskPlayerForFavoriteGift_Maru_0": "嘿，@，我想问你件事。你最喜欢什么？我突然发现自己不知道你喜欢什么，如果我要在某个特殊场合送你礼物的话，还是想送些让你惊喜的东西。",
  "SpouseAskPlayerForFavoriteGift_Maru_1": "好的，我记住了！当 {AffectionateSpouseWord}的日子到来时，我会尽我所能让你满意的。$h",
  "SpouseAskPlayerForFavoriteGift_Penny_0": "嘿，@，我想问你件事。你最喜欢什么？我突然发现自己不知道你喜欢什么，如果我要在某个特殊场合送你礼物的话，还是想送些让你惊喜的东西。",
  "SpouseAskPlayerForFavoriteGift_Penny_1": "好的，我记住了！当 {AffectionateSpouseWord}的日子到来时，我会尽我所能让你满意的。$h",
  "SpouseAskPlayerForFavoriteGift_Sam_0": "嘿，@，我想问你件事。你最喜欢什么？我突然发现自己不知道你喜欢什么，如果我要在某个特殊场合送你礼物的话，还是想送些让你惊喜的东西。",
  "SpouseAskPlayerForFavoriteGift_Sam_1": "好的，我记住了！当 {AffectionateSpouseWord}的日子到来时，我会尽我所能让你满意的。$h",
  "SpouseAskPlayerForFavoriteGift_Sebastian_0": "嘿，@，我想问你件事。你最喜欢什么？我突然发现自己不知道你喜欢什么，如果我要在某个特殊场合送你礼物的话，还是想送些让你惊喜的东西。",
  "SpouseAskPlayerForFavoriteGift_Sebastian_1": "好的，我记住了！当 {AffectionateSpouseWord}的日子到来时，我会尽我所能让你满意的。$h",
  "SpouseAskPlayerForFavoriteGift_Shane_0": "嘿，@，我想问你件事。你最喜欢什么？我突然发现自己不知道你喜欢什么，如果我要在某个特殊场合送你礼物的话，还是想送些让你惊喜的东西。",
  "SpouseAskPlayerForFavoriteGift_Shane_1": "好的，我记住了！当 {AffectionateSpouseWord}的日子到来时，我会尽我所能让你满意的。$h",
  
  "SpouseAskPlayerForFavoriteGift_0": "嘿，@，我想问你件事。你最喜欢什么？我突然发现自己不知道你喜欢什么，如果我要在某个特殊场合送你礼物的话，还是想送些让你惊喜的东西。",
  "SpouseAskPlayerForFavoriteGift_1": "好的，我记住了！当 {AffectionateSpouseWord}的日子到来时，我会尽我所能让你满意的。$h",

  "CommunityBirthdayParty_0": "嘘……我想他们在这里。",
  "CommunityBirthdayParty_1": "有人打开了灯。",
  "CommunityBirthdayParty_2": "生日快乐，@！",
  "CommunityBirthdayParty_3": "生日快乐，@！你已经成为我们小镇的最受欢迎的人了，我和格斯在讨论举办派对的时候，大家都表示赞成。每个人都想为你庆祝，说实话，我也没想到。你已经走进我们所有人的生活了。$h",
  "CommunityBirthdayParty_4": "来吧，这个派对是为你准备的，来庆祝一下吧！ $h",
  "CommunityBirthdayParty_5": "生日派对真开心，每一个人都在，太好了。接下来该继续工作了！"
}
