{
  "Omegasis.HappyBirthday_BelatedBirthdayWish_Abigail": "亲爱的@，^  迟到的生日快乐！^  我们今年也要一起挑战更多的冒险！^^ - 阿比盖尔 {0}",
  "Omegasis.HappyBirthday_BelatedBirthdayWish_Alex": "亲爱的@，^  迟到的生日快乐！^  希望这是你这是迄今为止最好的一年！^^ - 亚历克斯 {0}",
  "Omegasis.HappyBirthday_BelatedBirthdayWish_Caroline": "亲爱的@，^  迟到的生日快乐！^  感谢你为鹈鹕镇所做的一切。你的父母一定会为你感到骄傲的。 ^^ - 卡洛琳 {0}",
  "Omegasis.HappyBirthday_BelatedBirthdayWish_Clint": "亲爱的@，^  迟到的生日快乐！^  你今年一定会很开心。 ^^ - 克林特 {0}",
  "Omegasis.HappyBirthday_BelatedBirthdayWish_Demetrius": "亲爱的@，^  迟到的生日快乐！^  今天一定要空出时间好好享受一下。 ^^ - 德米厄里斯 {0}",
  "Omegasis.HappyBirthday_BelatedBirthdayWish_Dwarf": "亲爱的@，^  迟到的生日快乐！^  等等，人类是会庆祝这天的，对吧？ ^^ - 矮人 {0}",
  "Omegasis.HappyBirthday_BelatedBirthdayWish_Elliott": "亲爱的@，^  迟到的生日快乐！^  我原本想为你写首诗，但最后还是觉得，惟有一句“生日快乐”是最好的。 ^^ 艾利欧特 {0}",
  "Omegasis.HappyBirthday_BelatedBirthdayWish_Emily": "亲爱的@，^  迟到的生日快乐！^  我能预见你的未来充满了光明。 ^^ - 艾米丽 {0}",
  "Omegasis.HappyBirthday_BelatedBirthdayWish_Evelyn": "亲爱的@，^  迟到的生日快乐！^  你已经长大成一个如此优秀的人，若你的祖父看见了一定会非常自豪。 ^^ - 艾芙琳 {0}",
  "Omegasis.HappyBirthday_BelatedBirthdayWish_George": "亲爱的@，^  当你到了我这个年纪，就不会那么在意生日了。但无论怎样，你正年轻着。^  虽然有些晚了，但祝你生日快乐！ ^^ - 乔治 {0}",
  "Omegasis.HappyBirthday_BelatedBirthdayWish_Gus": "亲爱的@，^  迟到的生日快乐！^  希望你能来酒馆好好享受，让酒馆里的每一个人都为你祝贺——再一次祝贺！ ^^ - 格斯 {0}",
  "Omegasis.HappyBirthday_BelatedBirthdayWish_Haley": "亲爱的@，^  迟到的生日快乐！^  希望你今年收到了自己喜欢的礼物！ ^^ - 海莉 {0}",
  "Omegasis.HappyBirthday_BelatedBirthdayWish_Harvey": "亲爱的@，^  迟到的生日快乐！^  有空来做个体检好吗？我想多关注你的健康。 ^^ - 哈维 {0}",
  "Omegasis.HappyBirthday_BelatedBirthdayWish_Jas": "亲爱的@，^  迟到的生日快乐！^  当初能认识你，我好开心！ ^^ - 贾斯 {0}",
  "Omegasis.HappyBirthday_BelatedBirthdayWish_Jodi": "亲爱的@，^  我听说昨天是你的生日，虽然有些晚了，但还是要祝你生日快乐！ ^^ - 乔迪 {0}",
  "Omegasis.HappyBirthday_BelatedBirthdayWish_Kent": "亲爱的@，^  乔迪告诉我，昨天是你的生日。虽然晚了，但还是要祝你生日快乐。希望你能珍惜人生的每一天。^^ - 肯特 {0}",
  "Omegasis.HappyBirthday_BelatedBirthdayWish_Krobus": "亲爱的@，^  迟到的生日快乐！^  我还是不太理解人类，但我很高兴认识了你。 ^^ - 科罗布斯 {0}",
  "Omegasis.HappyBirthday_BelatedBirthdayWish_Leah": "亲爱的@，^  迟到的生日快乐！^  你把农场打理得真好，希望你在这个过程中也很开心！ ^^ - 莉亚 {0} ",
  "Omegasis.HappyBirthday_BelatedBirthdayWish_Leo": "亲爱的@，^  鹦鹉告诉我，昨天是你的生日。虽然有点迟，但还是要祝你生日快乐！ ^^ -雷欧 {0} ",
  "Omegasis.HappyBirthday_BelatedBirthdayWish_Lewis": "亲爱的@，^  迟到的生日快乐！^  我真的很感激你为小镇做的贡献。希望你再接再厉。 ^^ - 刘易斯 {0}",
  "Omegasis.HappyBirthday_BelatedBirthdayWish_Linus": "亲爱的@，^  迟到的生日快乐！^  谢谢你时常来看我，能有这么好的朋友陪伴，我真的很高兴。^^ - 莱纳斯 {0}",
  "Omegasis.HappyBirthday_BelatedBirthdayWish_Marnie": "亲爱的@，^  迟到的生日快乐！^  昨天每个人都在谈论你的生日，所以我也来啦！ ^^ - 玛妮 {0} ",
  "Omegasis.HappyBirthday_BelatedBirthdayWish_Maru": "亲爱的@，^  迟到的生日快乐！^  我尝试为你做一支永不熄灭的蜡烛，可惜没能成功。再等明年吧？ ^^ - 玛鲁 {0}",
  "Omegasis.HappyBirthday_BelatedBirthdayWish_Pam": "亲爱的@，^  迟到的生日快乐！^  我们应该去喝一杯，庆祝你又长大了一岁！ ^^ - 潘姆 {0}",
  "Omegasis.HappyBirthday_BelatedBirthdayWish_Penny": "亲爱的@，^  迟到的生日快乐！^  愿你拥有今年所有的祝福。 ^^ - 潘妮 {0}",
  "Omegasis.HappyBirthday_BelatedBirthdayWish_Pierre": "亲爱的@，^  迟到的生日快乐！^  希望新的一岁对你来说精彩而美好! ^^ - 皮埃尔 {0} ",
  "Omegasis.HappyBirthday_BelatedBirthdayWish_Robin": "亲爱的@，^  迟到的生日快乐！^  你能搬来星露谷真是太好了。 ^^ - 罗宾 {0} ",
  "Omegasis.HappyBirthday_BelatedBirthdayWish_Sam": "亲爱的@，^  迟到的生日快乐！^  我们要找个机会为你补办生日派对！ ^^ - 山姆 {0} ",
  "Omegasis.HappyBirthday_BelatedBirthdayWish_Sandy": "嘿，甜心， ^ 我多希望自己能赶到镇上为你庆生。无论如何，我为你送来了迟到的生日快乐~^  这是给你的。^^ - 桑迪 {0}",
  "Omegasis.HappyBirthday_BelatedBirthdayWish_Sebastian": "亲爱的@，^  迟到的生日快乐！^  希望你的农场事业蒸蒸日上。 ^^ - 塞巴斯蒂安 {0}",
  "Omegasis.HappyBirthday_BelatedBirthdayWish_Shane": "亲爱的@，^  迟到的生日快乐！^  希望你再接再厉，在新的一岁里幸福快乐。 ^^ - 谢恩 {0}",
  "Omegasis.HappyBirthday_BelatedBirthdayWish_Vincent": "亲爱的@，^  妈妈告诉我昨天是你的生日，所以我为你送上迟到的生日快乐！有空过来找我玩吧！^^ - 文森特 {0} ",
  "Omegasis.HappyBirthday_BelatedBirthdayWish_Willy": "亲爱的@，^  迟到的生日快乐！^  我时常觉得，看见你仿佛就看见了我小时候。年轻人一定要好好享受人生！^^ - Willy {0}",
  "Omegasis.HappyBirthday_BelatedBirthdayWish_Wizard": "吾友@，^  迟到的生日快乐。^  永远不要忘记，你的未来只掌握在你自己手中。我无意中听见当地人在商量送你什么礼物，我想这个你会喜欢。 ^^ - M. 拉斯莫德 {0}",
  "Omegasis.HappyBirthday_Dad": "亲爱的@，^  祝你生日快乐！你不在，家里有些冷清。但你妈妈和我，以及你爷爷（我相信他会）都为你感到骄傲。我知道一个人生活会很艰难，但只要你坚持追逐你心中所想，我们会百分百相信你能做到。^  爱你的爸爸 ^ P.S.这是你的零用钱，是的不在家也会有零用钱的！ {0}",
  "Omegasis.HappyBirthday_DatingAbigail_BirthdayPartyInvitation": "亲爱的@，^  我和我的家人决定为你举办一场生日聚会。你今天能来我们家吗？^无比期待的，^      -阿比盖尔",
  "Omegasis.HappyBirthday_DatingAbigail_BirthdayPartyInvitation_Wednesday": "嘿，@！^  我想为你庆祝生日。晚点你能来矿井吗？^  无比期待的，^      -阿比盖尔",
  "Omegasis.HappyBirthday_DatingAlex_BirthdayPartyInvitation": "嘿，@！^  我想为你庆祝生日。 你今天找个时间来我家好吗？^^      -亚历克斯",
  "Omegasis.HappyBirthday_DatingElliott_BirthdayPartyInvitation": "嘿，@！^  我想为你庆祝生日。你今天晚一点的时候能来我家吗？^  无比期待的，^      -艾利欧特",
  "Omegasis.HappyBirthday_DatingEmily_BirthdayPartyInvitation": "嘿，@！^  我想为你庆祝生日。 你今天找个时间来我家好吗？^  无比期待的，^      -艾米丽",
  "Omegasis.HappyBirthday_DatingHaley_BirthdayPartyInvitation": "嘿，@！^  我想为你庆祝生日。 你今天找个时间来我家好吗？^  无比期待的，^      -海莉",
  "Omegasis.HappyBirthday_DatingHarvey_BirthdayPartyInvitation": "嘿，@！^  我想为你庆祝生日。你今天能找个时间到诊所二楼吗？^  无比期待的，^      -哈维",
  "Omegasis.HappyBirthday_DatingLeah_BirthdayPartyInvitation": "嘿，@！^  你今天晚一点的时候能来我家吗？我想为你庆祝生日。 ^  无比期待的，^      -莉亚",
  "Omegasis.HappyBirthday_DatingMaru_BirthdayPartyInvitation": "嘿，@！^  我们全家想为你庆祝生日，你今天找个时间来我们家好吗？^  无比期待的，^      -玛鲁",
  "Omegasis.HappyBirthday_DatingPenny_BirthdayPartyInvitation": "嘿，@！^  我和我妈妈决定为你举办一个小小的庆生会。你今天找个时间来我家好吗？^  无比期待的，^      -潘妮",
  "Omegasis.HappyBirthday_DatingSam_BirthdayPartyInvitation": "嘿，@！^  我想为你庆祝生日。 你今天找个时间来我家好吗？^^      -山姆",
  "Omegasis.HappyBirthday_DatingSebastian_BirthdayPartyInvitation": "嘿，@！^  你今天晚一点的时候能来我家吗？?我们全家想为你庆祝生日。^^      -塞巴斯蒂安",
  "Omegasis.HappyBirthday_DatingShane_BirthdayPartyInvitation": "嘿，@！^  你今天找个时间来我家好吗？我想为你办个小小的庆生会。^^      -谢恩",
  "Omegasis.HappyBirthday_Junimos": "请到社区中心来。 ^   无比期待的，^      -祝尼魔",
  "Omegasis.HappyBirthday_Mom": "亲爱的@，^  生日快乐，甜心。看着你成长为我所希望的样子——一个勤奋的人，真是太棒了。我希望你和你爱的人能继续创造美好的回忆。^  爱你的妈妈 ^ P.S.这是我为你做的小礼物。 {0}",
  "Omegasis.HappyBirthday_BelatedBirthdayWish_Generic_Fallback_Npc_Message": "亲爱的@，^  迟来的生日快乐！^  希望你昨天过得很愉快。^^ - {1} {0}"
}
