{
  "Alex": "嘿，{AffectionateSpouseWord}。我很高兴能和你在一起。你让我的每一天都像是赢得了一场体育比赛。生日快乐！$l",
  "Elliott": "{TimeOfDay}好，{AffectionateSpouseWord}。其实，你是我工作的灵感源泉。和你在一起的每一天，你都激励着我。祝你生日快乐！$l",
  "Harvey": "{TimeOfDay}好，{AffectionateSpouseWord}。其实，自从和你结婚后，我一直都很开心。每当我看着你，就觉得浑身充满了喜悦。祝你生日快乐！$l",
  "Sam": "{TimeOfDay}好，{AffectionateSpouseWord}。你知道吗，在遇到你之前，我从没想过自己会安定下来。但现在，我不仅已经安定下来，而且再也不想回头了。祝你生日快乐！$l",
  "Sebastian": "我从来不庆祝生日，但这是你的特殊日子。所以，祝你生日快乐，{AffectionateSpouseWord}。$l",
  "Shane": "我从没想过在生日时除了喝酒我还能享受什么，但你教会了我如何过上美好的生活。生日快乐, {AffectionateSpouseWord}. $l",
  "Abigail": "嘿，{AffectionateSpouseWord}。和你在一起的每一天都像是一次大冒险！祝你生日快乐！$l",
  "Emily": "你知道吗，以前我试过占卜，那是我完全想不到和你在一起会那么幸福！祝你生日快乐，{AffectionateSpouseWord}！$l",
  "Haley": "你知道的，{AffectionateSpouseWord}，自从我们第一次见面以来，我们已经走过了很长的路，但我很高兴我们一起踏上了这段旅程。和你在一起的每一天都很完美。祝你生日快乐！$l",
  "Leah": "嗨，{TimeOfDay}好，{AffectionateSpouseWord}。和你在一起之后，我受到了很多启发。我原本只是在雕木头，现在却和你一起雕刻我们的生活。祝你生日快乐！$l",
  "Maru": "生日快乐，{AffectionateSpouseWord}。我一直以为我必须到太空中才能找到流星，但我遇到你了。我意识到我已经拥有属于自己的流星了。$l",
  "Penny": "生日快乐，{AffectionateSpouseWord}。我总是从书上读到那种幸福的结局，和你在一起让我意识到幸福结束的，会一直延续到未来。希望我们的未来也充满幸福。$l",
  "Krobus": "{TimeOfDay}好呀，@。我很高兴能有机会和你同居，这让我了解到了很多关于你和你们人类的事——包括如何庆祝生日。我以后还想和你同居，祝你生日快乐！$h"
}
