{
  "BirthdayError_FestivalDay": "你不能在节日的日子庆祝你的生日。对不起！",
  "Date": "日期",
  "Default Birthday Wish": "祝你生日快乐，@！",
  "FavoriteGift": "最喜欢的礼物",
  "Happy Birthday: Farmhand Birthday Message": "今天是@的生日！祝她生日快乐！",
  "Happy Birthday: Star Message": "今天是你的生日！祝你生日快乐！",
  "Season": "季节",
  "TimeOfDay_Morning": "早上",
  "TimeOfDay_Afternoon": "中午",
  "TimeOfDay_Night":"晚上" 
}
