{
  "Name": "Legendary Kyanite Bracelet of Light",
  "Description": "A transmuted and enchanted iridium kyanite bracelet filled with the magic trapped inside a solar essence.",
  "Category": "Crafting",
  "CategoryTextOverride": "Enchanted Jewelry",
  "CategoryColorOverride": "142,82,196,255",
  "Edibility": -300,
  "Price": 3261,
  "IsColored": false,
  "Recipe": null,
  "GiftTastes":
    {
        "Love": ["Wizard"],
        "Neutral": ["Caroline","Haley","Jodi","Emily","Pam","Penny","Sandy","Dwarf"],
        "Dislike": ["Abigail","Alex","Demetrius","Krobus","Elliott","Evelyn","George","Harvey","Jas","Kent","Leo","Lewis","Linus","Pierre","Robin","Sam","Sebastian","Shane","Vincent","Willy","Leah","Gus","Marnie","Clint","Maru"],
    },
//i18n
  "NameLocalization": 
    {
      "zh":"传奇光属性蓝晶石手镯"
    },
  "DescriptionLocalization": 
    {
      "zh":"一只被锻造和附魔过的蓝晶石铱手镯，蕴藏了来自太阳精华的魔力。"
    }  
}