{
  "Name": "Copper Fire Opal Earrings",
  "Description": "A pair of copper earrings adorned with two small, roughly cut fire opal minerals.",
  "Category": "Crafting",
  "CategoryTextOverride": "Jewelry",
  "CategoryColorOverride": "143,71,162,255",
  "Edibility": -300,
  "Price": 361,
  "IsColored": false,
  "Recipe": null,
  "GiftTastes":
    {
	"Like": ["Wizard"],
        "Neutral": ["Clint","Maru","Caroline","Haley","Jodi","Emily","Pam","Penny","Sandy"],
        "Dislike": ["Abigail","Alex","Demetrius","Dwarf","Elliott","Evelyn","George","Harvey","Jas","Kent","Krobus","Leo","Lewis","Linus","Pierre","Robin","Sebastian","Shane","Vincent","Willy","Leah","Gus","Marnie"],
	"Hate": ["Sam"],
    },

    //i18n
    "NameLocalization": {
      "zh":"赤红猫眼石铜耳饰"
    },

    "DescriptionLocalization": {
      "zh":"一对小巧的黄铜耳饰，镶嵌着切割粗糙的赤红猫眼石。"
    }
  
}