{
  "Name": "Rare Disc Gold Display Case",
  "Description": "A solid gold display piece featuring a rare disc sealed within a clear glass case.",
  "Category": "Crafting",
  "CategoryTextOverride": "Artifact",
  "CategoryColorOverride": "116,25,98,255",
  "Edibility": -300,
  "Price": 5708,
  "IsColored": false,
  "Recipe": null,
  "GiftTastes":
    {
	"Like": ["Penny","Dwarf"],
        "Dislike": ["Sam","Clint","Maru","Wizard","Abigail","Alex","Demetrius","Krobus","Willy","Caroline","Haley","Jodi","Emily","Pam","Sandy","Elliott","Evelyn","George","Harvey","Jas","Kent","Leo","Lewis","Linus","Pierre","Robin","Sebastian","Shane","Vincent","Leah","Gus","Marnie"],
	
   },  
//i18n
"NameLocalization": 
{
  "en":"Rare Disc Display Case",
  "zh":"稀有圆盘展示盒"
},

"DescriptionLocalization": 
{
  "zh":"一块稀有圆盘躺在纯金打造的底座上，用透明的玻璃罩密封展示。"
}
  
}