{
  "Name": "Gold Ocean Stone Pin",
  "Description": "A solid gold pin inset with a large, finely cut ocean stone mineral.",
  "Category": "Crafting",
  "CategoryTextOverride": "Jewelry",
  "CategoryColorOverride": "143,71,162,255",
  "Edibility": -300,
  "Price": 459,
  "IsColored": false,
  "Recipe": null,
  "GiftTastes":
    {
	"Like": ["Clint","Maru","Wizard"],
        "Neutral": ["Krobus","Willy","Caroline","Haley","Jodi","Emily","Pam","Penny","Sandy"],
        "Dislike": ["Abigail","Alex","Demetrius","Dwarf","Elliott","Evelyn","George","Harvey","Jas","Kent","Leo","Lewis","Linus","Pierre","Robin","Sebastian","Shane","Vincent","Leah","Gus","Marnie"],
	"Hate": ["Sam"], 
   }, 

   //i18n
  "NameLocalization": 
  {
    "zh":"海洋石金徽章"
  },

"DescriptionLocalization": 
  {
    "zh":"一枚纯金徽章，镶嵌着一大块切割精细的海洋石。"
  }
  
}