{
  "Name": "Iridium Ruby Brooch",
  "Description": "A beautiful iridium brooch inset with a very large, flawlessly cut ruby gem.",
  "Category": "Crafting",
  "CategoryTextOverride": "Jewelry",
  "CategoryColorOverride": "143,71,162,255",
  "Edibility": -300,
  "Price": 1126,
  "IsColored": false,
  "Recipe": null,
  "GiftTastes":
    {
        "Love": ["Clint","Dwarf","Emily","Krobus","Willy","Maru"],
	"Like": ["Abigail","Wizard","Alex","Demetrius","Elliott","Evelyn","George","Harvey","Jas","Kent","Leo","Lewis","Robin","Sam","Sebastian","Shane","Vincent","Gus","Marnie","Caroline","Haley","Jodi","Pam","Penny","Sandy"],
        "Dislike": ["Linus","Pierre","Leah"],
    },
//i18n
  "NameLocalization": 
    {
      "zh":"红宝石铱胸针"
    },

  "DescriptionLocalization": 
    {
      "zh":"一枚美丽的铱胸针，镶嵌着一块很大的完美无瑕的红宝石。"
    }
  
}