{
  "Name": "Copper Wizard's Sceptre",
  "Description": "A copper sceptre fitted with a large, roughly cut prismatic shard gem. It hums with magical power.",
  "Category": "Crafting",
  "CategoryTextOverride": "Jewelry",
  "CategoryColorOverride": "143,71,162,255",
  "Edibility": -300,
  "Price": 1825,
  "IsColored": false,
  "Recipe": null,
  "GiftTastes":
    {
	"Love": ["Pierre","Leah","Clint","Abigail","Dwarf","Emily","Wizard","Maru","Alex","Demetrius","Elliott","Evelyn","George","Harvey","Jas","Kent","Krobus","Leo","Lewis","Linus","Robin","Sam","Sebastian","Shane","Vincent","Willy","Gus","Marnie","Caroline","Jodi","Pam","Penny","Sandy"],
        "Hate": ["Haley"],    	
    },
  //i18n
  "NameLocalization": {
    "zh":"铜魔杖"
  },

  "DescriptionLocalization": {
    "zh":"一把黄铜魔杖，镶嵌着一块很大的切割粗糙的五彩碎片。它蕴藏着强大的魔力。"
  }
}