{
  "Name": "Fine Thunder Egg Earrings of Light",
  "Description": "A pair of transmuted and enchanted copper thunder egg earrings filled with the magic trapped inside a solar essence.",
  "Category": "Crafting",
  "CategoryTextOverride": "Enchanted Jewelry",
  "CategoryColorOverride": "142,82,196,255",
  "Edibility": -300,
  "Price": 284,
  "IsColored": false,
  "Recipe": null,
  "GiftTastes":
    {
        "Love": ["Wizard"],
        "Neutral": ["Caroline","Haley","Jodi","Emily","Pam","Penny","Sandy","Dwarf"],
        "Dislike": ["Abigail","Alex","Demetrius","Krobus","Elliott","Evelyn","George","Harvey","Jas","Kent","Leo","Lewis","Linus","Pierre","Robin","Sam","Sebastian","Shane","Vincent","Willy","Leah","Gus","Marnie","Clint","Maru"],
    },

//i18n
  "NameLocalization": {
    "zh":"普通光属性雷公蛋耳饰"
  },

  "DescriptionLocalization": {
    "zh":"一对锻造和附魔过的雷公蛋铜耳饰，蕴藏了来自太阳精华的魔力。"
  }
}