{
  "Name": "Gold Wizard's Sceptre",
  "Description": "A solid gold sceptre fitted with a large, finely cut prismatic shard gem. It hums with magical power.",
  "Category": "Crafting",
  "CategoryTextOverride": "Jewelry",
  "CategoryColorOverride": "143,71,162,255",
  "Edibility": -300,
  "Price": 3375,
  "IsColored": false,
  "Recipe": null,
  "GiftTastes":
     {
	"Like": ["Wizard"],
	"Neutral": ["Pierre","Leah","Clint","Abigail","Dwarf","Emily","Maru","Alex","Demetrius","Elliott","Evelyn","George","Harvey","Jas","Kent","Krobus","Leo","Lewis","Linus","Robin","Sam","Sebastian","Shane","Vincent","Willy","Gus","Marnie","Caroline","Jodi","Pam","Penny","Sandy"],
        "Hate": ["Haley"],    	
    },   
  
    //i18n
  "NameLocalization": 
  {
    "zh":"黄金魔杖"
  },

"DescriptionLocalization": 
  {
    "zh":"一把纯金魔杖，镶嵌着一大块切割精细的五彩碎片。它蕴藏着强大的魔力。"
  }
}