{
  "nodes": [
 
  //Coal Rock
    {
      "parentSheetIndex": 0,
      "dropItems": [
        {
          "itemIdOrName": "382",
          "dropChance": 100.0,
          "minAmount": 1,
          "maxAmount": 2,
          "luckyAmount": 1,
          "minerAmount": 1
        }
      ],
      "oreLevelRanges": [
        {
          "minLevel": 1,
          "maxLevel": 20,
          "spawnChanceMult": 0.7,
          "expMult": 1.0,
          "dropChanceMult": 1.0,
          "dropMult": 1.0,
          "minDifficulty": -1,
          "maxDifficulty": -1
        },
		{
          "minLevel": 21,
          "maxLevel": 39,
          "spawnChanceMult": 0.8,
          "expMult": 1.0,
          "dropChanceMult": 1.0,
          "dropMult": 1.0,
          "minDifficulty": -1,
          "maxDifficulty": -1
        },
		{
          "minLevel": 121,
          "maxLevel": -1,
          "spawnChanceMult": 1.0,
          "expMult": 1.0,
          "dropChanceMult": 1.0,
          "dropMult": 1.0,
          "minDifficulty": -1,
          "maxDifficulty": -1
        }
      ],
      "nodeDesc": "这块石头里藏了很多煤。",
      "spritePath": "assets\\CoalStone.png",
      "spriteType": "mod",
      "spriteX": 0,
      "spriteY": 0,
      "spriteW": 16,
      "spriteH": 16,
      "spawnChance": 1.5,
      "durability": 4,
      "exp": 8,
      "texture": null
    },
	//Coal Ice
    {
      "parentSheetIndex": 0,
      "dropItems": [
        {
          "itemIdOrName": "382",
          "dropChance": 100.0,
          "minAmount": 1,
          "maxAmount": 2,
          "luckyAmount": 1,
          "minerAmount": 1
        }
      ],
      "oreLevelRanges": [
        {
          "minLevel": 40,
          "maxLevel": 59,
          "spawnChanceMult": 0.8,
          "expMult": 1.0,
          "dropChanceMult": 1.0,
          "dropMult": 1.0,
          "minDifficulty": -1,
          "maxDifficulty": -1
        },
        {
          "minLevel": 60,
          "maxLevel": 69,
          "spawnChanceMult": 1.0,
          "expMult": 1.0,
          "dropChanceMult": 1.2,
          "dropMult": 1.0,
          "minDifficulty": -1,
          "maxDifficulty": -1
        },
        {
          "minLevel": 70,
          "maxLevel": 79,
          "spawnChanceMult": 1.2,
          "expMult": 1.0,
          "dropChanceMult": 1.5,
          "dropMult": 1.0,
          "minDifficulty": -1,
          "maxDifficulty": -1
        }
      ],
      "nodeDesc": "这块冰石里藏了很多煤。",
      "spritePath": "assets\\CoalStoneIce.png",
      "spriteType": "mod",
      "spriteX": 0,
      "spriteY": 0,
      "spriteW": 16,
      "spriteH": 16,
      "spawnChance": 1.5,
      "durability": 6,
      "exp": 8,
      "texture": null
    },
	//Coal Lava
    {
      "parentSheetIndex": 0,
      "dropItems": [
        {
          "itemIdOrName": "382",
          "dropChance": 100.0,
          "minAmount": 1,
          "maxAmount": 2,
          "luckyAmount": 1,
          "minerAmount": 1
        }
      ],
      "oreLevelRanges": [
        {
          "minLevel": 80,
          "maxLevel": 100,
          "spawnChanceMult": 1,
          "expMult": 1.0,
          "dropChanceMult": 1.0,
          "dropMult": 1.0,
          "minDifficulty": -1,
          "maxDifficulty": -1
        },
        {
          "minLevel": 100,
          "maxLevel": 120,
          "spawnChanceMult": 1.2,
          "expMult": 1.0,
          "dropChanceMult": 1.0,
          "dropMult": 1.0,
          "minDifficulty": -1,
          "maxDifficulty": -1
        }
      ],
      "nodeDesc": "这块红炎石里藏了很多煤。",
      "spritePath": "assets\\CoalStoneLava.png",
      "spriteType": "mod",
      "spriteX": 0,
      "spriteY": 0,
      "spriteW": 16,
      "spriteH": 16,
      "spawnChance": 1.5,
      "durability": 8,
      "exp": 8,
      "texture": null
    },
	//Coal Pure
    {
      "parentSheetIndex": 0,
      "dropItems": [
        {
          "itemIdOrName": "382",
          "dropChance": 100.0,
          "minAmount": 2,
          "maxAmount": 6,
          "luckyAmount": 2,
          "minerAmount": 2
        }
      ],
      "oreLevelRanges": [
        {
          "minLevel": 1,
          "maxLevel": 39,
          "spawnChanceMult": 0.5,
          "expMult": 1.0,
          "dropChanceMult": 1,
          "dropMult": 1.0,
          "minDifficulty": -1,
          "maxDifficulty": -1
        },
        {
          "minLevel": 40,
          "maxLevel": 80,
          "spawnChanceMult": 1.0,
          "expMult": 1.0,
          "dropChanceMult": 1,
          "dropMult": 1.0,
          "minDifficulty": -1,
          "maxDifficulty": -1
        },
		       {
          "minLevel": 81,
          "maxLevel": 119,
          "spawnChanceMult": 1.5,
          "expMult": 1.0,
          "dropChanceMult": 1.0,
          "dropMult": 1.0,
          "minDifficulty": -1,
          "maxDifficulty": -1
        },
		      {
          "minLevel": 121,
          "maxLevel": -1,
          "spawnChanceMult": 2.5,
          "expMult": 1.5,
          "dropChanceMult": 1.0,
          "dropMult": 1.0,
          "minDifficulty": -1,
          "maxDifficulty": -1
        }
      ],
      "nodeDesc": "它看起来像一块纯煤。",
      "spritePath": "assets\\CoalPure.png",
      "spriteType": "mod",
      "spriteX": 0,
      "spriteY": 0,
      "spriteW": 16,
      "spriteH": 16,
      "spawnChance": 0.5,
      "durability": 8,
      "exp": 12,
      "texture": null
    }