{
  "Name": "Gold Neptunite Sceptre",
  "Description": "A solid gold sceptre fitted with a large, finely cut neptunite mineral.",
  "Category": "Crafting",
  "CategoryTextOverride": "Jewelry",
  "CategoryColorOverride": "143,71,162,255",
  "Edibility": -300,
  "Price": 738,
  "IsColored": false,
  "Recipe": null,
  "GiftTastes":
    {
	"Like": ["Clint","Maru","Wizard"],
        "Neutral": ["Krobus","Willy","Caroline","Haley","Jodi","Emily","Pam","Penny","Sandy"],
        "Dislike": ["Abigail","Alex","Demetrius","Dwarf","Elliott","Evelyn","George","Harvey","Jas","Kent","Leo","Lewis","Linus","Pierre","Robin","Sebastian","Shane","Vincent","Leah","Gus","Marnie"],
	"Hate": ["Sam"], 
   }, 

   //i18n
  "NameLocalization": 
  {
    "zh":"柱星叶石金权杖"
  },

"DescriptionLocalization": 
  {
    "zh":"一把纯金权杖，镶嵌着一大块切割精细的柱星叶石。"
  }
  
}