{
    "Name": "Purple Mushroom Lamp-post",
    "Description": "Emits a mistical purple light (Needs a sap to power it up)",
    "Price": 25,
    "ProvidesLight": false,
    "Recipe": {
        "ResultCount": 1,
        "Ingredients": [
            {
                "Object": 388,//Wood
                "Count": 10
            },
            {
                "Object": 422, //Purple Mushroom
                "Count": 1
            }
        ],
		"IsDefault": true,
    },
	"ReserveExtraIndexCount": 11,
	"CanPurchase": false,
    "NameLocalization": {
         "es": "Lámpara de Hongo Púrpura",
        //"ko": "",
        // "de": "",
        // "fr": "",
        // "hu": "",
        // "it": "",
        // "ja": "",
        //"pt": "",
        // "ru": "",
        // "tr": "",
        "zh": "紫蘑菇灯柱"
    },
    "DescriptionLocalization": {
         "es": "Emite una luz púrpura muy mística (Necesita savia para activarse)",
        //"ko": "",
        // "de": "",
        // "fr": "",
        // "hu": "",
        // "it": "",
        // "ja": "",
        //"pt": "",
        // "ru": "",
        // "tr": "",
        "zh": "发出朦胧的紫光，需要树液作燃料。"
    }
}