{
   "Name": "黄金熔炉",
    "Description": "用金矿石和矿物制作出漂亮精致的珠宝。",
    "Price": 300,
    "ProvidesLight": false,
    "ReserveExtraIndexCount": 5,
    "Recipe":
    {
        "ResultCount": 1,
        "Ingredients": [
        {
            "Object": 64,
            "Count": 2,
        },
	{
            "Object": 336,
            "Count": 5,
        },
	{
            "Object": 390,
            "Count": 80,
        }
        ],
         "CanPurchase": true,
        "IsDefault": false,
	"PurchaseFrom": "Dwarf",
	"PurchasePrice": 50000,
	"PurchaseRequirements": ["e 14308674"]
    },
    "CanPurchase": false,
}