{
  "Name": "Rusty Cog Hardwood Display Case",
  "Description": "A hardwood display piece featuring a rusty cog sealed within a clear glass case.",
  "Category": "Crafting",
  "CategoryTextOverride": "Artifact",
  "CategoryColorOverride": "116,25,98,255",
  "Edibility": -300,
  "Price": 643,
  "IsColored": false,
  "Recipe": null,
  "GiftTastes":
    {
	"Like": ["Penny","Dwarf"],
        "Dislike": ["Sam","Clint","Maru","Wizard","Abigail","Alex","Demetrius","Krobus","Willy","Caroline","Haley","Jodi","Emily","Pam","Sandy","Elliott","Evelyn","George","Harvey","Jas","Kent","Leo","Lewis","Linus","Pierre","Robin","Sebastian","Shane","Vincent","Leah","Gus","Marnie"],
	
   },
//i18n
"NameLocalization": 
{
  "en":"Rusty Cog Display Case",
  "zh":"生锈的齿轮展示盒"
},

"DescriptionLocalization": 
{
  "zh":"一个生锈的齿轮躺在硬木打造的底座上，用透明的玻璃罩密封展示。"
}
}