{
  "Name": "金的绿宝石手镯",
  "Description": "一只纯金手镯，镶嵌着三块切割精细的绿宝石。",
  "Category": "Crafting",
  "CategoryTextOverride": "Jewelry",
  "CategoryColorOverride": "143,71,162,255",
  "Edibility": -300,
  "Price": 300,
  "IsColored": false,
  "Recipe": null,
  "GiftTastes":
    {
        "Love": ["Clint","Dwarf","Emily","Penny","Maru"],
	"Like": ["Abigail","Sam","Wizard","Alex","Demetrius","Elliott","Evelyn","George","Harvey","Jas","Kent","Krobus","Leo","Lewis","Robin","Sebastian","Shane","Vincent","Willy","Gus","Marnie","Caroline","Haley","Jodi","Pam","Sandy"],
        "Dislike": ["Linus","Pierre","Leah"],
    }, 
  
}