{
  "Name": "Copper Ocean Stone Pin",
  "Description": "A copper pin inset with a small, roughly cut ocean stone mineral.",
  "Category": "Crafting",
  "CategoryTextOverride": "Jewelry",
  "CategoryColorOverride": "143,71,162,255",
  "Edibility": -300,
  "Price": 221,
  "IsColored": false,
  "Recipe": null,
  "GiftTastes":
    {
	"Like": ["Wizard"],
        "Neutral": ["Clint","Maru","Caroline","Haley","Jodi","Emily","Pam","Penny","Sandy"],
        "Dislike": ["Abigail","Alex","Demetrius","Dwarf","Elliott","Evelyn","George","Harvey","Jas","Kent","Krobus","Leo","Lewis","Linus","Pierre","Robin","Sebastian","Shane","Vincent","Willy","Leah","Gus","Marnie"],
	"Hate": ["Sam"],
    }, 

    //i18n
  "NameLocalization": {
    "zh":"海洋石铜徽章"
  },

  "DescriptionLocalization": {
    "zh":"一枚黄铜徽章，镶嵌了一小块切割粗糙的海洋石。"
  }
  
}