{
  "Name": "Hardwood Bixite Staff",
  "Description": "Travel in style with this hardwood walking staff fitted with a roughly cut bixite mineral.",
  "Category": "ArtisanGoods",
  "Edibility": -300,
  "Price": 588,
  "IsColored": false,
  "Recipe": null,
  "GiftTastes":
    {
        "Like": ["Wizard"],
        "Neutral": ["Caroline","Haley","Jodi","Emily","Pam","Penny","Sandy"],
        "Dislike": ["Abigail","Alex","Clint","Demetrius","Dwarf","Elliott","Evelyn","George","Harvey","Jas","Kent","Krobus","Leo","Lewis","Linus","Pierre","Robin","Sam","Sebastian","Shane","Vincent","Willy","Gus","Marnie","Leah","Maru"],
    },
//i18n
  "NameLocalization": 
    {
      "zh":"黑方石硬木拐杖"
    },

  "DescriptionLocalization": 
    {
      "zh":"带上一根镶嵌着切割粗糙的黑方石的硬木绅士拐杖，享受一次时尚的出行。"
    }

}