{
  "Name": "Legendary Orpiment Bracelet of Light",
  "Description": "A transmuted and enchanted iridium orpiment bracelet filled with the magic trapped inside a solar essence.",
  "Category": "Crafting",
  "CategoryTextOverride": "Enchanted Jewelry",
  "CategoryColorOverride": "142,82,196,255",
  "Edibility": -300,
  "Price": 1792,
  "IsColored": false,
  "Recipe": null,
  "GiftTastes":
    {
        "Love": ["Wizard"],
        "Neutral": ["Caroline","Haley","Jodi","Emily","Pam","Penny","Sandy","Dwarf"],
        "Dislike": ["Abigail","Alex","Demetrius","Krobus","Elliott","Evelyn","George","Harvey","Jas","Kent","Leo","Lewis","Linus","Pierre","Robin","Sam","Sebastian","Shane","Vincent","Willy","Leah","Gus","Marnie","Clint","Maru"],
    },
//i18n
  "NameLocalization": 
    {
      "zh":"传奇光属性雌黄手镯"
    },
  "DescriptionLocalization": 
    {
      "zh":"一只被锻造和附魔过的雌黄铱手镯，蕴藏了来自太阳精华的魔力。"
    } 
}