{
  "Name": "Fine Petrified Slime Necklace of Fire",
  "Description": "A transmuted and enchanted copper petrified slime necklace filled with the magic trapped inside a cinder shard.",
  "Category": "Crafting",
  "CategoryTextOverride": "Enchanted Jewelry",
  "CategoryColorOverride": "142,82,196,255",
  "Edibility": -300,
  "Price": 609,
  "IsColored": false,
  "Recipe": null,
  "GiftTastes":
    {
        "Like": ["Wizard"],
        "Neutral": ["Caroline","Haley","Jodi","Emily","Pam","Penny","Sandy"],
        "Dislike": ["Abigail","Alex","Clint","Demetrius","Dwarf","Elliott","Evelyn","George","Harvey","Jas","Kent","Krobus","Leo","Lewis","Linus","Pierre","Robin","Sam","Sebastian","Shane","Vincent","Willy","Gus","Marnie","Leah","Maru"],
    },

//i18n
  "NameLocalization": {
    "zh":"普通火属性石化史莱姆项链"
  },

  "DescriptionLocalization": {
    "zh":"一条被锻造和附魔过的石化史莱姆铜项链，蕴藏了来自火山晶石的魔力。"
  }  
}