{
  "Name": "Gold Ghost Crystal Brooch",
  "Description": "A solid gold brooch inset with a large, finely cut ghost crystal mineral.",
  "Category": "Crafting",
  "CategoryTextOverride": "Jewelry",
  "CategoryColorOverride": "143,71,162,255",
  "Edibility": -300,
  "Price": 423,
  "IsColored": false,
  "Recipe": null,
  "GiftTastes":
    {
	"Like": ["Clint","Maru","Wizard"],
        "Neutral": ["Krobus","Willy","Caroline","Haley","Jodi","Emily","Pam","Penny","Sandy"],
        "Dislike": ["Abigail","Alex","Demetrius","Dwarf","Elliott","Evelyn","George","Harvey","Jas","Kent","Leo","Lewis","Linus","Pierre","Robin","Sebastian","Shane","Vincent","Leah","Gus","Marnie"],
	"Hate": ["Sam"], 
   },
  
//i18n
"NameLocalization": 
{
  "zh":"幽灵水晶金胸针"
},

"DescriptionLocalization": 
{
  "zh":"一枚纯金胸针，镶嵌着一大块切割精细的幽灵水晶。"
}

}