{
  "Name": "Copper Fairy Stone Necklace",
  "Description": "A copper necklace adorned with a roughly cut fairy stone mineral.",
  "Category": "Crafting",
  "CategoryTextOverride": "Jewelry",
  "CategoryColorOverride": "143,71,162,255",
  "Edibility": -300,
  "Price": 244,
  "IsColored": false,
  "Recipe": null,
  "GiftTastes":
    {
	"Like": ["Wizard"],
        "Neutral": ["Clint","Maru","Caroline","Haley","Jodi","Emily","Pam","Penny","Sandy"],
        "Dislike": ["Abigail","Alex","Demetrius","Dwarf","Elliott","Evelyn","George","Harvey","Jas","Kent","Krobus","Leo","Lewis","Linus","Pierre","Robin","Sebastian","Shane","Vincent","Willy","Leah","Gus","Marnie"],
	"Hate": ["Sam"],
    },

//i18n
    "NameLocalization": {
        "zh":"精灵石铜项链"
    },
    
    "DescriptionLocalization": {
        "zh":"一条黄铜项链，镶嵌着一块切割粗糙的仙女石。"
    }
  
}