{
  "Name": "Iridium Tigerseye Earrings",
  "Description": "A pair of beautiful iridium earrings fitted with two small, finely cut tigerseye minerals.",
  "Category": "Crafting",
  "CategoryTextOverride": "Jewelry",
  "CategoryColorOverride": "143,71,162,255",
  "Edibility": -300,
  "Price": 1366,
  "IsColored": false,
  "Recipe": null,
  "GiftTastes":
    {
        "Love": ["Sam"],
	"Like": ["Wizard","Clint","Maru","Krobus","Willy"],
        "Neutral": ["Caroline","Haley","Jodi","Emily","Pam","Penny","Sandy"],
        "Dislike": ["Abigail","Alex","Demetrius","Dwarf","Elliott","Evelyn","George","Harvey","Jas","Kent","Leo","Lewis","Linus","Pierre","Robin","Sebastian","Shane","Vincent","Leah","Gus","Marnie"],
    },
//i18n
  "NameLocalization": 
    {
      "zh":"虎眼石铱耳饰"
    },

  "DescriptionLocalization": 
    {
      "zh":"一对美丽的铱耳饰，镶嵌着两小块完美无瑕的虎眼石。"
    } 
  
}