{
  "Name": "铱泪晶耳饰",
  "Description": "一对美丽的铱耳饰，镶嵌着两小块完美无瑕的泪晶。",
  "Category": "Crafting",
  "CategoryTextOverride": "Jewelry",
  "CategoryColorOverride": "143,71,162,255",
  "Edibility": -300,
  "Price": 580,
  "IsColored": false,
  "Recipe": null,
  "GiftTastes":
    {
        "Love": ["Clint","Sebastian","Krobus","Willy","Maru"],
	"Like": ["Abigail","Wizard","Alex","Demetrius","Elliott","Evelyn","George","Harvey","Jas","Kent","Leo","Lewis","Robin","Sam","Shane","Vincent","Gus","Marnie","Caroline","Haley","Jodi","Pam","Penny","Sandy"],
        "Dislike": ["Linus","Pierre","Leah"],
    }, 
  
}