{
  "Format": "1.27.2",
  "ConfigSchema": {
		"Item1type": { "Default": "388", "Description": "Wood"},
		"Item1Amount": { "Default": "75"  },
		"Item2type": { "Default": "709", "Description": "Hardwood"},
		"Item2Amount": { "Default": "-1"  },
		"Item3type": { "Default": "335", "Description": "Iron"},
		"Item3Amount": { "Default": "-1"  },
		"Item4type": { "Default": "336", "Description": "Gold"},
		"Item4Amount": { "Default": "-1"  },
		"Item5type": { "Default": "768", "Description": "Solar Essence"},
		"Item5Amount": { "Default": "-1"  },
	},
  "Changes": [
    {
      "Action": "EditData",
      "Target": "Data/CraftingRecipes",
      "Entries": {
        "Mini-Shipping Bin": "{{Item1type}} {{Item1Amount}} {{Item2type}} {{Item2Amount}} {{Item3type}} {{Item3Amount}} {{Item4type}} {{Item4Amount}} {{Item5type}} {{Item5Amount}}/Home/248/true/null",
      }
    },
  {
      "Action": "EditData",
      "Target": "Data/Events/Farm",
      "Entries": {
        "9925551/t 600 2600": "continue/64 15/farmer 64 16 2/pause 800/itemAboveHead/playSound getNewSpecialItem/addCraftingRecipe Mini-Shipping Bin/pause 3300/message \"你已经学会了如何制作迷你运装箱！\"/end"
                 },
    	"When": {
	"HasReadLetter": "MSB_Lewis, MSB_Pierre"
	}
      }
  ]
}
