{
    "Name": "Gold Crafting Station",
    "Description": "Crafts a golden display case for any artifact or rocky mineral placed inside.",
    "Price": 500,
    "ProvidesLight": false,
    "ReserveExtraIndexCount": 10,
    "Recipe":
    {
        "ResultCount": 1,
        "Ingredients": [
        {
            "Object": 336,
            "Count": 10,
        },
	{
            "Object": 337,
            "Count": 5,
        },
	{
            "Object": 338,
            "Count": 2,
        },
	],
        "CanPurchase": false,
        "IsDefault": false,
    },
    "CanPurchase": true,
    "PurchaseFrom": "Robin",
    "PurchasePrice": 15000,
    "PurchaseRequirements": ["e 14308690"],

    "NameLocalization":{"zh":"黄金工艺台"},
    "DescriptionLocalization":{"zh":"用黄金为古物或矿物制作展示柜，使其成为收藏品。"}
}