{
  "Name": "Copper Ruby Brooch",
  "Description": "A copper brooch inset with a small, roughly cut ruby gem.",
  "Category": "Crafting",
  "CategoryTextOverride": "Jewelry",
  "CategoryColorOverride": "143,71,162,255",
  "Edibility": -300,
  "Price": 226,
  "IsColored": false,
  "Recipe": null,
  "GiftTastes":
    {
        "Love": ["Clint","Dwarf","Emily"],
	"Like": ["Abigail","Wizard","Maru","Alex","Demetrius","Elliott","Evelyn","George","Harvey","Jas","Kent","Krobus","Leo","Lewis","Robin","Sam","Sebastian","Shane","Vincent","Willy","Gus","Marnie","Caroline","Haley","Jodi","Pam","Penny","Sandy"],
        "Dislike": ["Linus","Pierre","Leah"],
    },
  //i18n
  "NameLocalization": {
    "zh":"红宝石铜胸针"
  },

  "DescriptionLocalization": {
    "zh":"一枚黄铜胸针，镶嵌了一小块切割粗糙的红宝石。"
  }
}