{
  "Name": "Copper Slate Pin",
  "Description": "A copper pin inset with a small, roughly cut slate mineral.",
  "Category": "Crafting",
  "CategoryTextOverride": "Jewelry",
  "CategoryColorOverride": "143,71,162,255",
  "Edibility": -300,
  "Price": 81,
  "IsColored": false,
  "Recipe": null,
  "GiftTastes":
    {
	"Like": ["Wizard"],
        "Neutral": ["Clint","Maru","Caroline","Haley","Jodi","Emily","Pam","Penny","Sandy"],
        "Dislike": ["Abigail","Alex","Demetrius","Dwarf","Elliott","Evelyn","George","Harvey","Jas","Kent","Krobus","Leo","Lewis","Linus","Pierre","Robin","Sebastian","Shane","Vincent","Willy","Leah","Gus","Marnie"],
	"Hate": ["Sam"],
    },
  //i18n
  "NameLocalization": {
    "zh":"板岩铜徽章"
  },

  "DescriptionLocalization": {
    "zh":"一枚黄铜徽章，镶嵌了一小块切割粗糙的板岩。"
  }
}