{
  "Name": "Shadows of the Underworld",
  "Description": "Found in a chest buried deep underground, this incredibly ancient looking book appears to be full of arcane knowledge. The text is legible, but makes little sense to you.",
  "Category": "Crafting",
  "CategoryTextOverride": "Artifact",
  "CategoryColorOverride": "116,25,98,255",
  "Edibility": -300,
  "Price": 50,
  "CanSell": false,

//i18n
  "NameLocalization": {
    "zh":"《地下世界的暗影》"
  },

  "DescriptionLocalization": {
    "zh":"这本书是在深埋地下的一个箱子里被发现的，它蕴含了魔力，似乎记录着神秘的知识。它的文本清晰未损，但你看不懂这种文字。"
  }
}