{
  "Name": "Fine Aquamarine Bracelet of Shadow",
  "Description": "A transmuted and enchanted copper aquamarine bracelet filled with the magic trapped inside a void essence.",
  "Category": "Crafting",
  "CategoryTextOverride": "Enchanted Jewelry",
  "CategoryColorOverride": "142,82,196,255",
  "Edibility": -300,
  "Price": 390,
  "IsColored": false,
  "Recipe": null,
  "GiftTastes":
    {
        "Love": ["Clint","Dwarf","Emily","Wizard"],
	"Like": ["Abigail","Maru","Alex","Demetrius","Elliott","Evelyn","George","Harvey","Jas","Kent","Krobus","Leo","Lewis","Robin","Sam","Sebastian","Shane","Vincent","Willy","Gus","Marnie","Caroline","Haley","Jodi","Pam","Penny","Sandy"],
        "Dislike": ["Linus","Pierre","Leah"],
        },
  //i18n
  "NameLocalization": {
    "zh":"普通虚空海蓝宝石手镯"
  },

  "DescriptionLocalization": {
    "zh":"一只被锻造和附魔过的海蓝宝石铜手镯，蕴藏了来自虚空精华的魔力。"
  } 
}