{
  "Name": "铱柠檬石徽章",
  "Description": "一枚美丽的铱徽章，镶嵌着一大块完美无瑕的柠檬石。",
  "Category": "Crafting",
  "CategoryTextOverride": "Jewelry",
  "CategoryColorOverride": "143,71,162,255",
  "Edibility": -300,
  "Price": 1072,
  "IsColored": false,
  "Recipe": null,
  "GiftTastes":
    {
        "Love": ["Dwarf"],
	"Like": ["Wizard","Clint","Maru","Krobus","Willy"],
        "Neutral": ["Caroline","Haley","Jodi","Emily","Pam","Penny","Sandy"],
        "Dislike": ["Abigail","Alex","Demetrius","Elliott","Evelyn","George","Harvey","Jas","Kent","Leo","Lewis","Linus","Pierre","Robin","Sam","Sebastian","Shane","Vincent","Leah","Gus","Marnie"],
    }, 
  
}