{
  "Name": "Copper Lemon Stone Pin",
  "Description": "A copper pin inset with a small, roughly cut lemon stone mineral.",
  "Category": "Crafting",
  "CategoryTextOverride": "Jewelry",
  "CategoryColorOverride": "143,71,162,255",
  "Edibility": -300,
  "Price": 211,
  "IsColored": false,
  "Recipe": null,
  "GiftTastes":
    {
        "Love": ["Dwarf"],
	"Like": ["Wizard"],
        "Neutral": ["Clint","Maru","Caroline","Haley","Jodi","Emily","Pam","Penny","Sandy"],
        "Dislike": ["Abigail","Alex","Demetrius","Elliott","Evelyn","George","Harvey","Jas","Kent","Krobus","Leo","Lewis","Linus","Pierre","Robin","Sam","Sebastian","Shane","Vincent","Willy","Leah","Gus","Marnie"],
    }, 
  
//i18n  
"NameLocalization": {
  "zh":"柠檬石铜徽章"
},

"DescriptionLocalization": {
  "zh":"一枚黄铜徽章，镶嵌了一小块切割粗糙的柠檬石。"
}

}