{
  "Name": "Gold Slate Pin",
  "Description": "A solid gold pin inset with a large, finely cut slate mineral.",
  "Category": "Crafting",
  "CategoryTextOverride": "Jewelry",
  "CategoryColorOverride": "143,71,162,255",
  "Edibility": -300,
  "Price": 204,
  "IsColored": false,
  "Recipe": null,
  "GiftTastes":
    {
	"Like": ["Clint","Maru","Wizard"],
        "Neutral": ["Krobus","Willy","Caroline","Haley","Jodi","Emily","Pam","Penny","Sandy"],
        "Dislike": ["Abigail","Alex","Demetrius","Dwarf","Elliott","Evelyn","George","Harvey","Jas","Kent","Leo","Lewis","Linus","Pierre","Robin","Sebastian","Shane","Vincent","Leah","Gus","Marnie"],
	"Hate": ["Sam"], 
   }, 
  //i18n
  "NameLocalization": 
    {
      "zh":"板岩金徽章"
    },

  "DescriptionLocalization": 
    {
      "zh":"一枚纯金徽章，镶嵌着一块切割精细的板岩。"
    }
}