{
  "Name": "Ornamental Fan Gold Display Case",
  "Description": "A solid gold display piece featuring an old ornamental fan sealed within a clear glass case.",
  "Category": "Crafting",
  "CategoryTextOverride": "Artifact",
  "CategoryColorOverride": "116,25,98,255",
  "Edibility": -300,
  "Price": 5498,
  "IsColored": false,
  "Recipe": null,
  "GiftTastes":
    {
	"Like": ["Penny","Dwarf"],
        "Dislike": ["Sam","Clint","Maru","Wizard","Abigail","Alex","Demetrius","Krobus","Willy","Caroline","Haley","Jodi","Emily","Pam","Sandy","Elliott","Evelyn","George","Harvey","Jas","Kent","Leo","Lewis","Linus","Pierre","Robin","Sebastian","Shane","Vincent","Leah","Gus","Marnie"],
	
   }, 
  "NameLocalization":
    {
	"en": "Ornamental Fan Display Case",
  "zh":"装饰用扇子展示盒"
    },

  "DescriptionLocalization": 
    {
      "zh":"一把古老的装饰用扇子躺在纯金打造的底座上，用透明的玻璃罩密封展示。"
    }
  
}