{
  "Name": "Hardwood Wizard's Staff",
  "Description": "Harness the powers of the universe with this hardwood wizard's staff. Fitted with a roughly cut prismatic shard mineral it hums with magical power.",
  "Category": "ArtisanGoods",
  "Edibility": -300,
  "Price": 2900,
  "IsColored": false,
  "Recipe": null,
  "GiftTastes":
     {
	"Like": ["Wizard"],
	"Neutral": ["Pierre","Leah","Clint","Abigail","Dwarf","Emily","Maru","Alex","Demetrius","Elliott","Evelyn","George","Harvey","Jas","Kent","Krobus","Leo","Lewis","Linus","Robin","Sam","Sebastian","Shane","Vincent","Willy","Gus","Marnie","Caroline","Jodi","Pam","Penny","Sandy"],
        "Hate": ["Haley"],    	
    }, 
//i18n
  "NameLocalization": 
    {
      "zh":"硬木魔法棒"
    },

  "DescriptionLocalization": 
    {
      "zh":"借助这支硬木魔法棒来驾驭宇宙的力量。它镶嵌着一大颗五彩碎片，因蕴藏魔力而嗡嗡作响。"
    }

}