{
  "Name": "传奇光属性钻石戒指",
  "Description": "一枚被锻造和附魔过的铱钻石戒指，蕴藏了来自太阳精华的魔力。",
  "Category": "Crafting",
  "CategoryTextOverride": "Enchanted Jewelry",
  "CategoryColorOverride": "142,82,196,255",
  "Edibility": -300,
  "Price": 2660,
  "IsColored": false,
  "Recipe": null,
  "GiftTastes":
    {
	"Love": ["Wizard","Maru","Gus","Evelyn","Jodi","Krobus","Marnie","Penny","Willy"],
        "Like": ["Clint","Caroline","Haley","Emily","Pam","Sandy","Abigail","Alex","Demetrius","Dwarf","Elliott","George","Harvey","Jas","Kent","Leo","Lewis","Linus","Pierre","Robin","Sam","Sebastian","Shane","Vincent","Leah"],
    }, 
}