{
  "Name": "Legendary Wizard's Sceptre of Fire",
  "Description": "A transmuted and enchanted iridium prismatic shard sceptre filled with the magic trapped inside a cinder shard and humming with magical power.",
  "Category": "Crafting",
  "CategoryTextOverride": "Enchanted Jewelry",
  "CategoryColorOverride": "142,82,196,255",
  "Edibility": -300,
  "Price": 29038,
  "IsColored": false,
  "Recipe": null,
  "GiftTastes":
    {
	"Love": ["Pierre","Leah","Clint","Abigail","Dwarf","Emily","Wizard","Maru","Alex","Demetrius","Elliott","Evelyn","George","Harvey","Jas","Kent","Krobus","Leo","Lewis","Linus","Robin","Sam","Sebastian","Shane","Vincent","Willy","Gus","Marnie","Caroline","Jodi","Pam","Penny","Sandy"],
        "Hate": ["Haley"],    	
    },
//i18n
  "NameLocalization": 
    {
      "zh":"传奇火属性魔杖"
    },
  "DescriptionLocalization": 
    {
      "zh":"一支被锻造和附魔过的铱魔杖，蕴藏了来自火山晶石的魔力。"
    }  
}