{
  "Name": "Hematite Gold Display Case",
  "Description": "A solid gold display piece featuring a hematite mineral sealed within a clear glass case.",
  "Category": "Crafting",
  "CategoryTextOverride": "Mineral",
  "CategoryColorOverride": "116,25,98,255",
  "Edibility": -300,
  "Price": 2460,
  "IsColored": false,
  "Recipe": null,
  "GiftTastes":
    {
        "Like": ["Wizard"],
        "Dislike": ["Caroline","Haley","Jodi","Emily","Pam","Penny","Sandy","Abigail","Alex","Clint","Demetrius","Dwarf","Elliott","Evelyn","George","Harvey","Jas","Kent","Krobus","Leo","Lewis","Linus","Pierre","Robin","Sam","Sebastian","Shane","Vincent","Willy","Gus","Marnie","Leah","Maru"],
    }, 

    //i18n
  "NameLocalization": 
  {
    "en":"Hematite Display Case",
    "zh":"赤铁矿展示盒"
  },

"DescriptionLocalization": 
  {
    "zh":"一小块赤铁矿躺在纯金打造的底座上，用透明的玻璃罩密封展示。"
  }
  
}