{
  "Name": "Legendary Diamond Ring of Shadow",
  "Description": "A transmuted and enchanted iridium diamond ring filled with the magic trapped inside a void essence.",
  "Category": "Crafting",
  "CategoryTextOverride": "Enchanted Jewelry",
  "CategoryColorOverride": "142,82,196,255",
  "Edibility": -300,
  "Price": 3005,
  "IsColored": false,
  "Recipe": null,
  "GiftTastes":
    {
	"Love": ["Wizard","Maru","Gus","Evelyn","Jodi","Krobus","Marnie","Penny","Willy"],
        "Like": ["Clint","Caroline","Haley","Emily","Pam","Sandy","Abigail","Alex","Demetrius","Dwarf","Elliott","George","Harvey","Jas","Kent","Leo","Lewis","Linus","Pierre","Robin","Sam","Sebastian","Shane","Vincent","Leah"],
        }, 
//i18n
  "NameLocalization": 
  {
    "zh":"传奇虚空钻石戒指"
  },
  "DescriptionLocalization": 
  {
    "zh":"一枚被锻造和附魔过的钻石铱戒指，蕴藏了来自虚空精华的魔力。"
  } 
}