{
	"CB.Notebook.Item.Name": "生物书",
	"CB.Notebook.Item.Desc": "你发现的所有生物的信息都会记录在这本书中！",

	"CB.noContentPacks": "你还没有安装任何内容包！尝试打开生物书之前，至少安装一个吧。",
	"CB.Chapter": "卷",
	"CB.ChapterAuthorBy": "著",
	"CB.CreatureAmount": "此地生物计数：",
	"CB.UnknownLabel": "未知生物",
	"CB.UnknownDesc": "你还没有发现过这种生物。",
	"CB.LatinName": "学名：",
	"CB.dateDiscovered": "首次发现日期：",

	"CB.discoveredHUDMessage": "恭喜！你发现了一种新生物：",
	"CB.discoveredHUDMessage.Already": "你已经见过这种生物了！",

	"CB.GMCM.ShowScientificNames.Name": "显示学名",
	"CB.GMCM.ShowScientificNames.Desc": "选择是否在生物书中显示生物的学名。",
	"CB.GMCM.ShowDiscoveryDates.Name": "显示首次发现日期",
	"CB.GMCM.ShowDiscoveryDates.Desc": "选择是否在生物书中显示首次发现生物的日期。注意，如果选择“否”，则模组不会记录首次发现生物的时间。",
	"CB.GMCM.OpenMenuKeybind.Name": "打开模组菜单的按键",
	"CB.GMCM.OpenMenuKeybind.Desc": "打开生物书的按键",

	"CB.GMCM.WayToGetNotebook.Name": "获取生物书的方法",
	"CB.GMCM.WayToGetNotebook.Desc": "选择获取生物书的方式。可通过信件、事件或直接从CJB扳手中拿取（但每个档只有一次机会）。",
	"CB.GMCM.WayToGetNotebook.Options.1": "信件",
	"CB.GMCM.WayToGetNotebook.Options.2": "事件",
	"CB.GMCM.WayToGetNotebook.Options.3": "CJB扳手",

	"CB.ObtainNotebook.Mail": "你好，@。^^我知道这么说会让你觉得荒唐和诡异，但从你来到鹈鹕镇的那天起，我就在观察你了。现在，我终于认定你配得上这本《生物书》。这可不是一本普通的书，它有魔法。如果你靠近山谷中的某种动物或植物（即单击鼠标左键），它会用魔力向你展示这种生物的信息。或许那位住在山腰的科学家不会相信，但这本书里确实蕴藏了神秘的奇迹，其正确性也是肯定的。^^我们改天再见，@。^(这封信没有署名)%item object 31 1 %%[#]一封匿名信",

	"CB.ObtainNotebook.Event_1-1": "出于某种原因，我觉得这本书很重要。",
	"CB.ObtainNotebook.Event_1-2": "也许是德米特里厄斯弄丢的？不过现在已经很晚了。明天再去问他吧。",
	"CB.ObtainNotwbook.Event_1-3": "你找到了德米特里厄斯的笔记本！",

	"CB.ObtainNotebook.Event_2-1": "你好，@！什么风把你刮来了？是需要新的建筑吗？$h",
	"CB.ObtainNotebook.Event_2-2": "噢，你来找我丈夫？他在里面呢，在做又一个奇怪的实验。$2",
	"CB.ObtainNotebook.Event_2-3": "<谈论奇怪的科学>$3",
	"CB.ObtainNotebook.Event_2-4": "噫？@！#$b# 你好啊，刚刚没看见你。#$b#你需要什么？我想你来这里总不会是为了那本《奇异科学》！$h",
	"CB.ObtainNotebook.Event_2-5": "喔，让我看看。嗯……这应该不是我的。#$b#但我觉得，你可以用它把你在星露谷发现的动植物都记录下来，它似乎是专门为此而设计的……每一个细节都是。其他的我也帮不上了，祝你今天开心！",
	"CB.ObtainNotebook.Event_2-6": "你已经学会了如何使用生物书。#现在，你可以单击鼠标左键来发现山谷中的生物，了解更多关于它们的信息！"
}