{
  "Name": "黄金制翡翠戒指",
  "Description": "一枚纯金戒指，镶嵌着一块翡翠。",
  "Category": "Crafting",
  "CategoryTextOverride": "Jewelry",
  "CategoryColorOverride": "143,71,162,255",
  "Edibility": -300,
  "Price": 405,
  "IsColored": false,
  "Recipe": null,
  "GiftTastes":
    {
        "Love": ["Clint","Dwarf","Emily","Sam","Maru"],
	"Like": ["Abigail","Penny","Wizard","Alex","Demetrius","Elliott","Evelyn","George","Harvey","Jas","Kent","Krobus","Leo","Lewis","Robin","Sebastian","Shane","Vincent","Willy","Gus","Marnie","Caroline","Haley","Jodi","Pam","Sandy"],
        "Dislike": ["Linus","Pierre","Leah"],
    }, 
  
}