{
  "Name": "Legendary Lemon Stone Pin of Fire",
  "Description": "A transmuted and enchanted iridium lemon stone pin filled with the magic trapped inside a cinder shard.",
  "Category": "Crafting",
  "CategoryTextOverride": "Enchanted Jewelry",
  "CategoryColorOverride": "142,82,196,255",
  "Edibility": -300,
  "Price": 5331,
  "IsColored": false,
  "Recipe": null,
  "GiftTastes":
    {
        "Love": ["Dwarf"],
	"Like": ["Wizard"],
        "Neutral": ["Caroline","Haley","Jodi","Emily","Pam","Penny","Sandy"],
        "Dislike": ["Abigail","Alex","Clint","Demetrius","Elliott","Evelyn","George","Harvey","Jas","Kent","Krobus","Leo","Lewis","Linus","Pierre","Robin","Sam","Sebastian","Shane","Vincent","Willy","Gus","Marnie","Leah","Maru"],
    },
//i18n
  "NameLocalization": 
    {
      "zh":"传奇火属性柠檬石徽章"
    },
  "DescriptionLocalization": 
    {
      "zh":"一枚被锻造和附魔过的柠檬石铱徽章，蕴藏了来自火山晶石的魔力。"
    }
}