{
  "Name": "Fine Emerald Bracelet of Fire",
  "Description": "A transmuted and enchanted copper emerald bracelet filled with the magic trapped inside a cinder shard.",
  "Category": "Crafting",
  "CategoryTextOverride": "Enchanted Jewelry",
  "CategoryColorOverride": "142,82,196,255",
  "Edibility": -300,
  "Price": 720,
  "IsColored": false,
  "Recipe": null,
  "GiftTastes":
    {
        "Love": ["Clint","Dwarf","Emily","Penny"],
	"Like": ["Abigail","Wizard","Maru","Alex","Demetrius","Elliott","Evelyn","George","Harvey","Jas","Kent","Krobus","Leo","Lewis","Robin","Sam","Sebastian","Shane","Vincent","Willy","Gus","Marnie","Caroline","Haley","Jodi","Pam","Sandy"],
        "Dislike": ["Linus","Pierre","Leah"],
    },

//i18n
  "NameLocalization": {
    "zh":"普通火属性绿宝石手镯"
  },

  "DescriptionLocalization": {
    "zh":"一只被锻造和附魔过的绿宝石铜手镯，蕴藏了来自火山晶石的魔力。"
  }  
}