{
  "Name": "铱钻石戒指",
  "Description": "一枚美丽的铱戒指，镶嵌着一块很大的完美无瑕的钻石。",
  "Category": "Crafting",
  "CategoryTextOverride": "Jewelry",
  "CategoryColorOverride": "143,71,162,255",
  "Edibility": -300,
  "Price": 1130,
  "IsColored": false,
  "Recipe": null,
  "GiftTastes":
    {
	"Love": ["Clint","Maru","Gus","Evelyn","Jodi","Krobus","Marnie","Penny","Willy"],
        "Like": ["Wizard","Caroline","Haley","Emily","Pam","Sandy","Abigail","Alex","Demetrius","Dwarf","Elliott","George","Harvey","Jas","Kent","Leo","Lewis","Linus","Pierre","Robin","Sam","Sebastian","Shane","Vincent","Leah"],
    }, 
  
}