{
  "Name": "Prehistoric Vertebra Gold Display Case",
  "Description": "一个黄金制展示柜，透明的玻璃中密封着某种史前动物的脊骨。",
  "Category": "Crafting",
  "CategoryTextOverride": "Artifact",
  "CategoryColorOverride": "116,25,98,255",
  "Edibility": -300,
  "Price": 2698,
  "IsColored": false,
  "Recipe": null,
  "GiftTastes":
    {
	"Like": ["Penny","Dwarf"],
        "Dislike": ["Sam","Clint","Maru","Wizard","Abigail","Alex","Demetrius","Krobus","Willy","Caroline","Haley","Jodi","Emily","Pam","Sandy","Elliott","Evelyn","George","Harvey","Jas","Kent","Leo","Lewis","Linus","Pierre","Robin","Sebastian","Shane","Vincent","Leah","Gus","Marnie"],
	
   },  
  "NameLocalization":
    {
	"en": "Prehistoric Vertebra Display Case",
  "zh":"黄金制史前脊骨展示柜"
    } 
  
}