{
  "Name": "Strange Red Doll Gold Display Case",
  "Description": "A solid gold display piece featuring a strange red doll sealed within a clear glass case.",
  "Category": "Crafting",
  "CategoryTextOverride": "Artifact",
  "CategoryColorOverride": "116,25,98,255",
  "Edibility": -300,
  "Price": 15298,
  "IsColored": false,
  "Recipe": null,
  "GiftTastes":
    {
	"Like": ["Penny","Dwarf"],
        "Dislike": ["Sam","Clint","Maru","Wizard","Abigail","Alex","Demetrius","Krobus","Willy","Caroline","Haley","Jodi","Emily","Pam","Sandy","Elliott","Evelyn","George","Harvey","Jas","Kent","Leo","Lewis","Linus","Pierre","Robin","Sebastian","Shane","Vincent","Leah","Gus","Marnie"],
	
   },  

   //i18n
  "NameLocalization": 
  {
    "en":"Strange Red Doll Display Case",
    "zh":"诡异玩偶（黄）展示盒"
  },

"DescriptionLocalization": 
  {
    "zh":"一只诡异的红色玩偶躺在纯金打造的底座上，用透明的玻璃罩密封展示。"
  }
  
}