{
  "Name": "Copper Thunder Egg Earrings",
  "Description": "A pair of copper earrings adorned with two small, roughly cut thunder egg minerals.",
  "Category": "Crafting",
  "CategoryTextOverride": "Jewelry",
  "CategoryColorOverride": "143,71,162,255",
  "Edibility": -300,
  "Price": 99,
  "IsColored": false,
  "Recipe": null,
  "GiftTastes":
    {
	"Like": ["Wizard"],
        "Neutral": ["Clint","Maru","Caroline","Haley","Jodi","Emily","Pam","Penny","Sandy"],
        "Dislike": ["Abigail","Alex","Demetrius","Dwarf","Elliott","Evelyn","George","Harvey","Jas","Kent","Krobus","Leo","Lewis","Linus","Pierre","Robin","Sebastian","Shane","Vincent","Willy","Leah","Gus","Marnie"],
	"Hate": ["Sam"],
    },
  //i18n
  "NameLocalization": {
    "zh":"雷公蛋铜耳饰"
  },

  "DescriptionLocalization": {
    "zh":"一对黄铜耳饰，镶嵌了一小块切割粗糙的雷公蛋。"
  }
}