{
    "Name": "Wood Crafting Station",
    "Description": "Crafts a wooden display case for any artifact or rocky mineral placed inside.",
    "Price": 100,
    "ProvidesLight": false,
    "ReserveExtraIndexCount": 10,
    "Recipe":
    {
        "ResultCount": 1,
        "Ingredients": [
        {
            "Object": 388,
            "Count": 99,
        },
	{
            "Object": 335,
            "Count": 5,
        },
	{
            "Object": 338,
            "Count": 2,
        },
        ],
        "CanPurchase": true,
        "IsDefault": false,
	"PurchaseFrom": "Robin",
	"PurchasePrice": 20000,
	"PurchaseRequirements": ["n RobinFinished"]
    },
    "CanPurchase": true,
    "PurchaseFrom": "Robin",
    "PurchasePrice": 5000,
    "PurchaseRequirements": ["n RobinFinished"],

    "NameLocalization":
    {
        "zh":"木材工艺台"
    },
    "DescriptionLocalization":
    {
        "zh":"用木材为古物或矿物制作展示柜，使其成为收藏品。"
    }
   
}