{
  "Name": "Gold Topaz Necklace",
  "Description": "A solid gold necklace adorned with three finely cut topaz gems.",
  "Category": "Crafting",
  "CategoryTextOverride": "Jewelry",
  "CategoryColorOverride": "143,71,162,255",
  "Edibility": -300,
  "Price": 210,
  "IsColored": false,
  "Recipe": null,
  "GiftTastes":
    {
        "Love": ["Clint","Dwarf","Emily","Maru"],
	"Like": ["Abigail","Wizard","Alex","Demetrius","Elliott","Evelyn","George","Harvey","Jas","Kent","Krobus","Leo","Lewis","Robin","Sam","Sebastian","Shane","Vincent","Willy","Gus","Marnie","Caroline","Haley","Jodi","Pam","Penny","Sandy"],
        "Dislike": ["Linus","Pierre","Leah"],
    },
  //i18n
  "NameLocalization": 
    {
      "zh":"黄水晶金项链"
    },

  "DescriptionLocalization": 
    {
      "zh":"一条纯金项链，镶嵌着三块切割精细的黄水晶。"
    }
}