{
    "Name": "Enchanting Table of Light",
    "Description": "Infuses and transforms precious metals using the magic contained within a solar essence.",
    "Price": 200,
    "ProvidesLight": false,
    "ReserveExtraIndexCount": 9,
    "Recipe":
    {
        "ResultCount": 1,
        "Ingredients": [
        {
            "Object": 74,
            "Count": 1,
        },
	{
            "Object": 336,
            "Count": 10,
        },
        {
            "Object": 768,
            "Count": 25,
        }, 
	{
            "Object": 338,
            "Count": 2,
        },
	],
       "CanPurchase": false,
       "IsDefault": false,
    },
    "CanPurchase": false,
    "IsDefault": false,

    "NameLocalization":
    {
        "zh":"光之锻造台"
    },
    "DescriptionLocalization":
    {
        "zh":"利用太阳精华的魔力转换贵金属的属性并为其附魔。"
    }
}